ymd,tt,id,spop,m00,m10,m15,m20,m25,m30,m35,m40,m45,m50,m55,m60,m65,m70,f00,f10,f15,f20,f25,f30,f35,f40,f45,f50,f55,f60,f65,f70
20261001,00,11110530,12123,12,149,146,196,478,585,516,525,527,569,551,432,394,730,35,203,181,277,522,566,559,552,537,509,536,425,431,981
20261001,00,11110540,2718,6,30,232,151,92,83,97,92,103,97,126,106,84,193,13,59,37,33,68,100,90,94,94,86,79,89,95,291
20261001,00,11110615,21976,13,132,145,672,1325,1519,1351,1373,1378,1320,992,845,735,1067,21,173,144,717,1183,917,857,695,809,813,849,715,446,768
20261001,00,11140550,9074,12,40,59,113,376,709,607,691,729,740,664,461,216,307,5,45,67,203,344,462,385,341,230,265,224,149,187,446
20261001,00,11140605,5471,5,67,67,144,340,416,417,311,259,241,273,233,174,214,,103,69,194,331,343,242,232,187,143,109,109,93,156
20261001,00,11140670,14226,35,97,123,175,634,1100,735,580,527,453,488,442,385,702,22,145,85,358,1114,1127,793,649,517,385,534,473,537,1011
20261001,00,11170520,10145,40,68,143,255,406,684,463,389,345,385,322,307,382,797,6,104,141,261,447,530,419,344,336,329,283,406,498,1054
20261001,00,11170625,28921,73,240,360,1010,1473,1951,1699,1389,1084,1006,1088,1006,852,1329,127,244,339,876,1668,2062,1615,1148,939,994,1094,890,829,1537
20261001,00,11170650,7568,17,9,89,333,615,679,464,317,281,210,206,244,185,412,23,51,78,330,501,405,305,191,165,172,276,250,265,493
20261001,00,11170685,18799,76,237,188,333,698,911,853,944,843,762,813,637,614,1197,61,226,187,407,712,1000,922,909,746,858,781,708,649,1527
20261001,00,11200690,14356,33,145,190,376,779,941,711,621,580,622,643,536,468,808,61,127,176,472,877,784,587,465,438,475,644,452,407,938
20261001,00,11215710,31439,26,89,440,3056,3494,2190,1167,791,722,706,797,596,513,1028,41,108,747,3936,3506,1908,875,668,565,570,586,549,560,1206
20261001,00,11440660,34752,32,161,627,2179,2819,2558,1715,1478,1091,1125,965,744,619,1192,58,182,888,2401,2947,2317,1439,1121,965,1062,895,712,767,1692
20261001,00,11440690,19705,37,171,259,466,890,1221,802,757,700,737,674,627,587,1183,38,209,257,529,1124,1247,862,807,770,772,837,718,740,1684
20261001,00,11440710,14689,31,91,221,296,812,982,619,477,565,499,519,350,370,790,17,115,222,563,1078,1008,682,555,561,577,567,461,491,1168
20261001,00,11560605,34611,153,724,725,654,1133,1648,1653,1662,1649,1651,1390,943,878,1966,188,792,656,717,1266,1754,1710,1756,1699,1469,1232,980,1065,2500
20261001,00,11620585,22875,56,215,555,1364,2559,1863,996,602,612,552,592,489,431,832,70,184,461,1643,2453,1511,825,557,510,541,471,362,460,1111
20261001,00,11680510,18963,17,371,459,478,761,779,632,809,826,791,750,577,470,1290,101,376,483,594,814,797,703,777,871,907,775,544,582,1626
20261001,00,11680545,27344,75,496,595,452,963,975,931,1071,1374,1245,1239,917,763,1726,123,555,628,606,948,960,1034,1165,1404,1345,1170,983,970,2630
20261001,00,11680640,48981,53,248,646,1158,3138,4179,3359,2922,2617,2147,1729,1155,967,1535,79,286,533,1454,3737,3885,2621,2209,1813,1587,1152,988,990,1796
20261001,00,11710580,26125,31,290,305,489,1253,1878,1302,939,833,814,772,799,786,1469,80,208,450,655,1735,2025,1286,1038,1011,935,1091,853,1009,1790
20261001,01,11110530,11728,12,149,132,189,435,550,468,497,499,530,536,428,394,724,35,203,184,265,496,545,534,545,536,506,515,425,417,981
20261001,01,11110540,2676,6,33,231,153,85,93,91,92,94,97,107,110,82,192,13,59,37,32,64,92,94,94,93,82,75,89,98,287
20261001,01,11110615,20602,13,129,132,604,1237,1361,1258,1259,1302,1268,922,810,721,1013,21,164,144,619,1086,831,805,652,782,794,816,685,424,749
20261001,01,11140550,8599,12,40,45,90,336,669,587,677,705,697,651,449,216,307,5,41,70,190,272,416,361,325,219,248,211,147,179,435
20261001,01,11140605,5039,5,67,64,119,300,382,377,281,247,241,240,192,165,211,,103,65,166,283,314,227,228,178,139,97,109,83,156
20261001,01,11140670,14073,33,93,127,166,640,1083,756,583,532,446,476,446,368,681,21,140,83,344,1109,1131,774,654,506,359,544,458,530,991
20261001,01,11170520,10186,39,68,138,251,406,689,472,384,342,385,334,316,384,798,6,104,147,259,457,538,416,345,341,336,283,410,503,1039
20261001,01,11170625,28280,73,240,356,1009,1395,1894,1616,1307,1038,1013,1070,996,850,1318,127,240,334,837,1592,2002,1595,1111,926,990,1095,886,832,1536
20261001,01,11170650,7391,17,9,80,318,591,692,444,302,264,207,202,242,182,418,23,51,87,304,460,405,283,191,164,166,269,259,262,497
20261001,01,11170685,18636,77,241,195,364,654,876,834,936,826,748,802,635,612,1210,62,229,175,400,699,977,900,898,734,853,793,705,659,1544
20261001,01,11200690,14015,33,145,189,366,736,887,722,614,563,613,647,527,463,817,61,125,181,420,822,764,581,457,416,466,617,458,409,916
20261001,01,11215710,30442,26,89,395,2814,3444,2161,1120,714,673,690,778,590,502,1020,41,108,684,3721,3501,1883,855,650,552,563,566,526,556,1220
20261001,01,11440660,33309,32,156,605,2163,2705,2370,1633,1383,1012,1051,908,727,615,1199,58,177,803,2269,2719,2228,1409,1099,968,1031,863,707,735,1684
20261001,01,11440690,19612,37,171,254,472,872,1207,793,745,696,723,664,654,590,1166,38,209,257,540,1124,1234,851,814,744,764,846,729,736,1683
20261001,01,11440710,14644,31,91,220,293,800,974,622,480,575,499,522,347,381,790,17,115,227,549,1067,970,687,555,555,571,579,464,497,1163
20261001,01,11560605,34213,153,723,724,629,1081,1592,1661,1660,1631,1620,1365,932,889,1945,188,784,660,656,1229,1747,1666,1731,1690,1464,1233,976,1064,2519
20261001,01,11620585,22599,56,220,522,1289,2515,1789,1002,601,614,540,558,495,433,828,70,188,454,1631,2445,1518,820,557,508,537,477,361,459,1115
20261001,01,11680510,18466,17,370,453,469,744,710,586,773,787,787,757,569,468,1292,101,377,475,552,727,729,681,760,853,896,769,537,593,1633
20261001,01,11680545,26858,75,496,602,414,888,900,874,1065,1348,1238,1227,912,765,1718,124,565,634,589,876,915,1000,1153,1411,1356,1163,973,951,2626
20261001,01,11680640,47209,53,248,631,1090,2960,4035,3193,2748,2451,2070,1678,1114,955,1538,79,286,518,1419,3530,3713,2534,2138,1787,1568,1151,978,953,1794
20261001,01,11710580,26091,31,290,313,492,1257,1882,1306,933,826,824,770,793,791,1457,80,208,418,619,1716,2052,1290,1073,990,930,1084,861,1000,1806
20261001,02,11110530,11422,12,149,133,172,403,517,465,475,468,514,528,431,393,718,35,203,184,262,462,531,512,527,519,492,514,418,422,962
20261001,02,11110540,2669,6,33,231,155,86,87,88,92,104,99,107,110,82,192,13,59,37,32,56,92,81,97,90,80,78,96,98,287
20261001,02,11110615,19300,13,129,130,531,1092,1204,1185,1145,1222,1231,861,780,713,998,21,164,133,506,953,690,770,644,767,787,800,678,394,757
20261001,02,11140550,8154,12,42,34,72,296,604,532,643,676,681,638,439,219,309,5,37,71,153,232,374,323,325,212,249,204,145,180,445
20261001,02,11140605,4630,5,67,59,86,220,350,347,263,219,231,210,199,183,220,,103,60,121,216,272,210,235,174,137,97,104,83,156
20261001,02,11140670,14188,28,93,129,185,627,1099,760,583,552,451,469,462,366,686,21,140,82,352,1110,1155,779,657,515,363,543,454,527,1001
20261001,02,11170520,10159,39,74,134,255,402,684,474,390,339,384,327,317,384,793,6,99,139,253,450,532,411,345,349,340,286,411,503,1039
20261001,02,11170625,27440,73,244,350,958,1306,1743,1560,1253,1016,1014,1072,992,812,1315,132,240,336,774,1512,1915,1559,1103,891,969,1086,865,821,1527
20261001,02,11170650,7191,17,9,89,311,541,673,429,278,273,197,206,242,182,409,23,51,82,263,439,398,267,191,162,168,268,259,262,502
20261001,02,11170685,18276,77,240,208,336,610,832,804,910,786,730,793,618,613,1230,62,229,175,382,689,904,891,904,730,834,781,700,662,1544
20261001,02,11200690,13555,33,139,180,343,673,848,649,601,515,569,635,523,468,803,56,125,172,397,789,758,555,466,419,461,602,448,401,927
20261001,02,11215710,29356,26,89,385,2518,3309,2117,1095,686,650,664,749,580,496,1001,41,108,600,3560,3464,1839,841,616,535,565,554,512,545,1211
20261001,02,11440660,31899,32,156,566,2015,2539,2228,1497,1284,954,999,874,704,593,1174,58,182,758,2137,2618,2152,1386,1063,961,997,853,711,721,1687
20261001,02,11440690,19608,37,166,254,459,875,1213,815,741,688,737,656,650,578,1168,38,209,257,548,1136,1245,843,806,738,764,836,735,732,1684
20261001,02,11440710,14570,31,97,234,277,805,948,619,492,567,511,523,351,384,768,17,115,236,524,1063,963,675,546,555,578,570,454,495,1171
20261001,02,11560605,34151,153,723,718,638,1036,1530,1689,1662,1652,1622,1363,928,899,1963,188,779,675,621,1224,1765,1640,1744,1692,1464,1231,971,1061,2520
20261001,02,11620585,22407,56,220,511,1223,2509,1805,988,587,625,549,550,473,437,811,70,192,449,1605,2419,1520,809,555,503,536,472,359,457,1117
20261001,02,11680510,17945,17,375,437,475,653,673,580,721,759,770,752,558,457,1283,107,382,448,526,665,685,642,750,831,870,778,539,590,1623
20261001,02,11680545,26245,75,496,592,385,818,808,833,1022,1303,1220,1219,903,761,1707,124,565,635,559,831,860,968,1133,1394,1331,1167,970,944,2620
20261001,02,11680640,45428,58,248,598,1028,2785,3859,2998,2553,2388,1948,1622,1119,934,1532,79,281,514,1293,3372,3556,2467,2081,1733,1569,1120,958,956,1778
20261001,02,11710580,26132,31,295,327,491,1278,1890,1284,943,831,834,766,787,803,1455,80,208,406,615,1716,2035,1311,1073,990,934,1075,868,998,1807
20261001,03,11110530,11310,12,149,137,175,390,483,453,471,468,494,523,435,402,717,35,203,184,261,444,512,517,520,518,491,501,418,429,968
20261001,03,11110540,2666,6,33,231,155,88,84,88,93,89,99,118,115,82,187,13,59,37,37,56,93,78,97,90,77,78,96,98,290
20261001,03,11110615,18551,13,134,121,472,949,1092,1102,1112,1163,1210,849,754,716,1011,21,164,125,486,871,644,745,631,747,772,807,676,393,770
20261001,03,11140550,8006,12,42,32,72,285,565,525,647,668,668,611,447,201,294,5,37,64,145,232,365,305,337,213,247,204,153,188,442
20261001,03,11140605,4460,5,62,50,73,183,324,317,277,219,241,228,176,182,231,,103,65,100,184,254,205,236,162,132,103,116,82,147
20261001,03,11140670,14142,23,88,125,179,614,1095,772,594,556,445,489,458,359,680,16,145,79,343,1096,1166,787,655,521,356,530,454,527,993
20261001,03,11170520,10226,39,74,134,263,420,679,483,391,341,379,320,322,384,783,6,104,144,253,469,547,404,348,353,348,283,410,503,1042
20261001,03,11170625,27114,73,253,342,919,1255,1693,1529,1252,987,1001,1091,980,841,1320,132,240,317,745,1497,1893,1523,1099,878,972,1090,878,808,1507
20261001,03,11170650,6880,17,9,88,286,474,617,410,268,271,199,209,233,178,420,23,51,71,233,349,389,268,195,171,172,268,260,267,484
20261001,03,11170685,17637,75,233,196,313,547,793,771,864,753,712,793,603,596,1207,60,223,170,332,642,871,863,877,717,817,758,691,648,1512
20261001,03,11200690,13269,33,134,178,326,652,814,616,557,496,548,652,537,456,803,56,125,169,413,753,729,554,444,404,463,608,443,408,898
20261001,03,11215710,28651,26,92,358,2359,3206,2051,1070,693,644,655,751,580,476,1001,41,108,542,3406,3423,1816,836,611,537,550,551,513,548,1207
20261001,03,11440660,30782,32,156,531,1787,2414,2127,1410,1241,956,991,847,695,567,1168,58,188,732,2012,2472,2100,1332,1063,945,1014,846,711,730,1654
20261001,03,11440690,19526,37,166,270,441,876,1215,800,732,678,736,652,642,578,1168,38,209,260,540,1118,1241,847,803,736,760,824,737,734,1688
20261001,03,11440710,14532,31,91,234,279,812,925,614,486,564,503,513,355,394,763,17,115,236,515,1068,970,683,549,561,571,569,447,502,1163
20261001,03,11560605,34001,143,713,732,642,1001,1494,1688,1665,1649,1622,1338,923,889,1960,188,773,661,624,1226,1770,1639,1730,1688,1453,1228,980,1069,2514
20261001,03,11620585,22232,56,225,502,1191,2493,1804,961,590,613,547,549,467,439,811,70,192,451,1580,2394,1523,804,554,495,528,472,362,456,1104
20261001,03,11680510,17712,17,375,442,465,607,629,541,665,759,759,747,567,445,1287,107,382,460,532,630,683,628,740,824,865,783,554,592,1628
20261001,03,11680545,25904,75,496,586,374,745,753,801,978,1291,1205,1219,899,761,1692,124,565,629,535,806,835,968,1130,1395,1341,1172,962,949,2616
20261001,03,11680640,44486,58,253,579,977,2758,3797,2885,2469,2312,1889,1610,1089,912,1511,79,281,510,1265,3285,3451,2400,2053,1703,1567,1123,936,940,1796
20261001,03,11710580,26082,31,290,322,473,1245,1882,1298,928,827,834,778,783,799,1456,80,208,406,635,1723,2032,1310,1084,996,938,1076,860,988,1800
20261001,04,11110530,11350,12,149,137,158,398,481,466,477,474,506,516,444,401,718,35,198,182,261,436,513,518,519,516,484,498,427,455,972
20261001,04,11110540,2659,6,33,231,155,88,80,85,94,95,99,118,116,82,187,13,59,37,37,57,93,75,101,86,77,78,96,98,286
20261001,04,11110615,18251,13,134,121,454,867,1016,1092,1083,1137,1193,821,776,701,1041,21,164,126,450,838,610,747,617,731,761,820,716,416,784
20261001,04,11140550,8125,12,42,41,73,289,554,525,652,686,629,636,416,204,287,5,37,61,150,230,372,315,338,228,254,229,170,226,465
20261001,04,11140605,4460,5,58,54,70,168,321,317,275,211,236,228,192,190,250,,107,65,99,184,242,203,230,159,127,97,122,89,160
20261001,04,11140670,14266,23,88,118,165,627,1079,813,603,545,448,505,454,373,683,16,145,75,350,1093,1175,803,675,525,365,530,469,516,1006
20261001,04,11170520,10241,39,74,134,262,437,681,492,381,354,379,330,317,379,780,6,109,143,245,465,545,411,348,351,357,279,401,504,1038
20261001,04,11170625,26909,68,262,342,890,1263,1688,1508,1244,988,999,1068,970,851,1325,132,240,314,724,1478,1833,1487,1095,884,975,1102,869,792,1518
20261001,04,11170650,6553,17,9,73,251,432,554,386,255,248,191,197,235,184,410,23,51,73,210,337,358,252,186,167,165,262,267,267,493
20261001,04,11170685,17472,75,233,202,327,521,766,748,852,751,705,803,597,614,1202,60,223,160,336,612,839,865,882,718,806,745,677,651,1501
20261001,04,11200690,13222,28,134,172,321,661,788,609,539,481,537,650,535,458,826,61,125,173,417,758,747,535,437,396,448,614,455,419,899
20261001,04,11215710,28093,26,87,332,2246,3109,2034,1045,691,638,659,741,578,473,1003,41,113,520,3292,3364,1804,825,594,529,565,535,503,551,1194
20261001,04,11440660,29979,32,156,490,1588,2256,2085,1382,1210,960,1000,835,694,573,1159,58,188,694,1858,2426,2088,1310,1060,942,1010,842,703,727,1655
20261001,04,11440690,19461,37,166,269,443,871,1190,800,727,673,729,634,627,589,1172,44,209,256,526,1118,1237,851,798,737,770,815,740,730,1703
20261001,04,11440710,14417,31,91,229,284,784,910,598,500,557,499,507,362,379,769,17,115,227,510,1040,972,683,549,570,560,558,445,498,1173
20261001,04,11560605,34055,148,707,728,635,1002,1468,1687,1681,1650,1609,1360,919,919,1969,183,778,661,615,1232,1766,1649,1738,1698,1438,1237,958,1085,2537
20261001,04,11620585,22162,56,225,481,1162,2492,1792,953,594,610,551,538,479,442,816,75,197,442,1571,2391,1526,804,554,489,528,465,362,466,1101
20261001,04,11680510,17611,17,375,442,432,568,582,528,683,747,754,767,592,454,1272,107,382,468,526,630,657,618,729,826,878,783,564,588,1642
20261001,04,11680545,25790,75,496,589,376,720,739,773,965,1261,1199,1205,906,751,1694,124,570,649,527,785,817,959,1136,1394,1349,1181,974,957,2617
20261001,04,11680640,43928,58,258,581,913,2709,3723,2874,2408,2278,1814,1617,1097,927,1508,79,276,514,1210,3186,3370,2354,2054,1695,1536,1124,952,962,1852
20261001,04,11710580,26043,31,290,332,481,1252,1874,1299,941,833,833,771,784,800,1434,80,208,402,647,1713,2005,1320,1078,991,942,1079,864,977,1783
20261001,05,11110530,12097,12,155,137,167,400,520,472,486,499,537,559,470,436,766,40,198,182,268,454,527,521,529,548,516,564,523,529,1081
20261001,05,11110540,2779,6,33,231,155,87,80,85,95,103,112,118,127,80,201,13,59,37,37,60,106,75,101,97,81,93,103,106,297
20261001,05,11110615,19244,13,134,117,400,828,989,1110,1123,1167,1233,900,868,806,1125,21,164,132,438,814,623,734,650,734,769,880,912,610,951
20261001,05,11140550,9193,6,47,50,94,298,584,550,678,719,691,661,482,250,324,5,37,66,150,236,381,319,341,257,273,306,357,386,644
20261001,05,11140605,4737,5,54,54,70,154,332,322,286,213,243,274,226,237,300,,99,65,98,194,229,212,228,164,132,106,135,106,200
20261001,05,11140670,14434,23,82,118,159,638,1085,830,589,541,458,524,474,408,693,10,145,75,353,1069,1198,839,677,530,369,530,490,509,1015
20261001,05,11170520,10208,39,74,139,258,448,681,496,374,351,375,332,328,379,798,6,109,143,236,463,548,413,348,351,354,272,386,494,1014
20261001,05,11170625,27124,68,271,348,842,1214,1692,1474,1249,998,1024,1073,971,883,1394,132,240,304,693,1458,1792,1472,1105,903,1002,1155,921,870,1577
20261001,05,11170650,6313,17,9,72,205,351,518,365,238,239,205,212,268,195,409,23,51,73,183,298,342,243,184,171,157,261,264,281,481
20261001,05,11170685,17386,73,225,190,309,523,753,737,835,746,719,822,581,606,1185,58,222,160,343,605,841,857,874,714,807,736,700,675,1490
20261001,05,11200690,13638,28,124,177,312,653,809,616,540,491,569,708,575,525,808,66,120,179,418,761,743,538,459,393,475,635,497,482,935
20261001,05,11215710,28089,26,87,314,2192,3070,2018,1046,693,693,676,769,614,483,996,41,111,509,3262,3388,1799,825,597,542,564,540,499,542,1194
20261001,05,11440660,29506,32,151,461,1394,2089,2020,1383,1204,957,990,841,752,618,1210,58,188,624,1759,2312,2051,1305,1067,949,1004,853,750,756,1729
20261001,05,11440690,19308,37,166,259,449,862,1187,796,729,670,739,611,614,567,1151,44,209,259,526,1120,1241,858,782,734,770,825,698,731,1672
20261001,05,11440710,14307,31,91,221,280,776,898,604,487,555,516,495,359,382,754,17,115,223,506,1056,970,673,544,565,564,560,435,476,1156
20261001,05,11560605,35145,153,730,743,649,1044,1514,1733,1743,1703,1615,1407,992,990,2015,189,789,679,634,1263,1806,1706,1760,1726,1473,1282,999,1170,2640
20261001,05,11620585,22495,56,217,480,1158,2468,1781,958,591,606,599,562,494,478,851,74,195,444,1575,2373,1502,802,555,493,542,492,402,560,1187
20261001,05,11680510,17789,22,375,447,417,555,586,516,702,746,757,775,613,482,1326,107,382,483,510,634,641,628,719,823,893,774,573,618,1684
20261001,05,11680545,26020,75,501,584,379,698,728,775,946,1249,1202,1222,935,782,1757,124,570,661,517,783,799,955,1129,1405,1335,1222,991,998,2699
20261001,05,11680640,44285,58,258,581,908,2718,3693,2861,2412,2224,1818,1623,1102,974,1561,79,281,509,1178,3138,3332,2369,2058,1695,1556,1177,1030,1068,2024
20261001,05,11710580,26028,31,290,332,491,1244,1864,1281,952,825,844,776,794,798,1424,80,208,400,648,1714,2009,1305,1081,977,939,1080,858,991,1794
20261001,06,11110530,14127,12,155,141,196,450,603,576,584,588,709,692,587,573,840,40,202,182,313,603,640,585,566,641,589,671,633,607,1150
20261001,06,11110540,2917,6,33,235,155,97,89,93,97,118,126,141,150,85,213,13,58,38,38,66,104,75,95,104,86,95,107,112,289
20261001,06,11110615,22221,13,129,126,405,878,1056,1239,1307,1358,1506,1196,1149,979,1327,21,159,147,480,932,719,828,699,809,845,1020,1090,709,1095
20261001,06,11140550,12184,6,40,50,114,411,734,676,910,985,951,960,674,391,425,5,37,83,207,345,477,431,409,368,361,432,438,526,737
20261001,06,11140605,5851,5,62,49,84,187,339,350,305,281,386,420,340,395,431,,107,70,102,196,234,202,243,191,149,146,186,137,255
20261001,06,11140670,14314,18,82,117,176,638,1054,805,593,542,451,523,506,392,716,10,140,79,349,1058,1190,827,688,504,368,526,465,492,1005
20261001,06,11170520,10206,39,79,162,261,443,676,493,378,360,410,338,328,380,798,6,109,138,239,468,556,401,337,354,347,259,367,482,1001
20261001,06,11170625,28906,62,273,346,855,1298,1740,1527,1348,1155,1197,1277,1151,1039,1483,116,236,294,715,1480,1843,1538,1114,954,1046,1247,959,909,1702
20261001,06,11170650,6780,17,9,63,166,324,540,409,321,282,311,370,343,219,401,23,51,67,129,260,334,243,190,185,160,295,269,313,485
20261001,06,11170685,18452,71,212,188,305,573,804,773,877,817,815,965,756,686,1198,57,216,154,372,696,893,886,881,746,856,797,718,684,1458
20261001,06,11200690,15375,27,122,182,320,710,923,669,651,635,774,867,792,721,836,65,115,184,423,783,768,571,494,443,533,667,541,542,1014
20261001,06,11215710,28282,26,87,327,2088,3027,2032,1062,704,724,705,806,614,527,1040,41,108,508,3206,3412,1830,819,612,593,562,565,542,541,1173
20261001,06,11440660,29735,32,146,446,1257,2031,1980,1388,1240,1022,1029,967,814,656,1284,58,182,579,1620,2279,2058,1328,1084,955,1007,881,791,808,1812
20261001,06,11440690,19097,37,171,251,452,853,1169,799,719,661,710,591,577,541,1160,44,209,264,533,1108,1237,846,786,734,749,817,684,715,1681
20261001,06,11440710,14196,31,97,223,272,776,907,617,497,533,527,481,348,359,748,17,115,233,500,1029,961,667,535,570,542,555,438,474,1147
20261001,06,11560605,36052,150,732,718,647,1068,1558,1822,1787,1786,1697,1496,1070,1033,2198,191,771,682,611,1252,1793,1744,1797,1717,1516,1315,1047,1225,2630
20261001,06,11620585,22415,50,217,476,1147,2465,1753,970,632,624,625,556,525,496,877,74,189,437,1588,2339,1484,809,559,510,561,485,381,463,1119
20261001,06,11680510,18309,23,375,461,418,564,600,511,717,774,794,800,679,495,1374,107,371,492,506,662,647,631,725,852,904,799,620,664,1743
20261001,06,11680545,26761,75,507,576,370,700,763,814,959,1271,1206,1227,1023,876,1838,124,577,668,523,854,835,963,1139,1392,1354,1251,1060,1056,2758
20261001,06,11680640,47756,58,253,557,946,2763,3781,3031,2533,2446,2152,1948,1392,1305,1817,79,270,505,1248,3215,3423,2450,2097,1772,1595,1273,1233,1316,2298
20261001,06,11710580,25894,31,280,322,492,1264,1827,1268,984,807,829,778,770,796,1425,80,208,431,650,1681,2009,1276,1082,965,939,1056,847,992,1807
20261001,07,11110530,18255,12,156,132,223,637,845,878,967,875,1105,1039,783,703,897,35,215,185,368,865,822,792,730,820,732,810,722,705,1199
20261001,07,11110540,3622,6,38,422,161,138,127,117,140,155,175,195,156,99,229,13,75,51,44,80,140,83,131,112,95,102,124,119,294
20261001,07,11110615,32458,13,124,144,473,1189,1560,1872,2054,2410,2620,2158,1612,1447,1858,27,166,268,644,1304,1125,1185,1008,1178,1190,1381,1235,914,1300
20261001,07,11140550,22818,12,52,71,192,879,1498,1391,2052,2105,2079,1796,1000,652,562,5,41,131,329,815,996,871,898,829,730,687,611,687,845
20261001,07,11140605,8217,5,60,49,91,235,390,402,429,495,632,722,600,577,681,,112,70,120,258,258,229,288,225,226,266,256,226,315
20261001,07,11140670,14323,18,78,112,169,638,1003,771,591,521,431,506,530,418,756,10,136,76,347,1060,1153,824,688,491,391,552,485,509,1060
20261001,07,11170520,10761,40,91,278,269,452,675,494,376,374,425,388,345,397,791,7,118,243,264,483,562,405,363,392,362,291,380,473,1022
20261001,07,11170625,33887,57,276,313,963,1535,1979,1809,1762,1711,1538,1777,1356,1235,1624,112,225,284,806,1692,2108,1766,1279,1069,1189,1401,1095,1071,1855
20261001,07,11170650,7281,17,,55,135,341,544,460,383,330,371,479,379,267,427,23,53,63,124,281,343,254,213,203,169,321,280,306,455
20261001,07,11170685,21044,84,230,214,340,668,988,954,989,1008,1017,1147,903,795,1202,66,234,190,417,819,1021,1017,1007,809,981,907,769,758,1509
20261001,07,11200690,19391,27,111,186,382,878,1127,909,920,875,1258,1272,1121,970,1039,65,116,195,483,932,946,669,556,570,673,841,577,603,1089
20261001,07,11215710,29173,31,118,372,2061,2995,2079,1068,708,824,729,849,682,587,1079,37,101,529,3247,3418,1862,855,634,662,634,625,559,587,1242
20261001,07,11440660,32589,34,156,447,1179,2091,2120,1606,1438,1237,1325,1174,966,765,1388,62,180,618,1583,2390,2240,1467,1178,1082,1138,999,898,861,1967
20261001,07,11440690,18748,38,172,191,439,837,1183,790,722,666,674,581,560,492,1155,44,206,237,526,1112,1222,847,777,705,740,785,679,699,1670
20261001,07,11440710,14185,37,87,302,275,767,902,598,498,516,524,450,325,394,785,17,116,246,502,989,929,685,549,541,539,555,446,474,1136
20261001,07,11560605,38486,146,753,662,667,1199,1728,1966,1886,1877,1803,1713,1396,1147,2305,198,771,623,618,1386,1841,1869,1870,1757,1657,1390,1163,1356,2739
20261001,07,11620585,22923,52,216,469,1162,2456,1749,973,677,652,621,611,605,540,878,76,190,459,1603,2353,1517,799,623,516,580,520,372,473,1182
20261001,07,11680510,20028,24,382,530,445,616,645,572,818,866,864,911,798,564,1455,108,352,776,516,712,697,689,806,902,923,862,676,715,1805
20261001,07,11680545,28290,70,489,576,373,763,877,916,1078,1390,1270,1318,1062,921,1838,125,565,564,599,984,977,1090,1227,1466,1364,1297,1118,1118,2855
20261001,07,11680640,58624,59,260,666,1020,3205,4603,3862,3462,3557,3242,2689,1824,1538,2139,79,258,609,1472,3744,4082,2981,2566,2153,1853,1431,1409,1438,2422
20261001,07,11710580,25756,31,264,335,497,1241,1758,1221,1000,791,816,801,743,792,1443,82,215,562,666,1636,2016,1243,1025,950,900,1053,850,1016,1806
20261001,08,11110530,28979,22,117,77,287,1043,1712,1650,1753,1748,2075,1705,953,813,1031,50,174,141,606,1675,1794,1495,1363,1568,1240,1064,805,728,1287
20261001,08,11110540,4465,6,168,562,173,146,160,154,158,206,210,212,168,105,202,12,173,61,48,124,185,155,157,141,103,135,122,127,290
20261001,08,11110615,62761,19,154,186,689,2332,3455,3828,4517,4992,5641,4281,2527,2143,2602,34,242,593,1051,3111,3185,2846,2491,2473,2419,2243,1583,1328,1795
20261001,08,11140550,51452,23,70,112,355,2169,3856,3828,4446,4450,4114,3141,1308,975,814,17,77,292,853,3007,3099,2608,2895,2533,2086,1528,907,946,945
20261001,08,11140605,14582,5,51,61,109,380,699,662,757,910,1171,1286,1095,991,1106,,87,62,149,530,497,476,485,539,599,640,442,337,456
20261001,08,11140670,13673,18,43,123,176,527,860,714,563,528,414,530,549,429,839,5,62,68,311,931,1036,728,637,496,395,539,479,536,1135
20261001,08,11170520,11080,30,175,430,256,470,662,476,380,365,383,356,339,383,774,13,245,409,233,455,537,393,384,416,391,321,366,450,990
20261001,08,11170625,44893,58,289,308,1106,2084,2708,2642,2656,2488,2281,2319,1648,1432,1841,125,191,224,1086,2465,3008,2370,1818,1482,1700,1819,1379,1234,2128
20261001,08,11170650,7799,18,4,33,126,356,520,500,364,363,424,511,447,323,449,18,14,34,144,347,387,297,228,245,214,326,299,298,509
20261001,08,11170685,25719,82,242,227,381,844,1283,1241,1171,1222,1352,1307,1070,865,1386,79,176,196,514,1061,1381,1344,1266,1090,1292,1132,910,887,1720
20261001,08,11200690,30381,22,89,152,453,1502,2105,1715,1649,1733,2094,1805,1499,1189,1189,57,130,198,657,1737,1912,1227,970,1136,1129,1344,811,745,1133
20261001,08,11215710,32077,32,176,610,2189,3052,2140,1076,755,973,880,985,780,657,1197,48,148,751,3358,3406,1918,959,810,900,858,801,643,639,1337
20261001,08,11440660,40309,51,150,443,1165,2437,2686,2121,2033,1694,1726,1392,1184,929,1573,80,206,695,1790,3154,3016,1927,1595,1456,1471,1242,1044,984,2066
20261001,08,11440690,17913,33,132,171,440,807,1122,757,621,658,634,547,534,473,1118,24,167,183,524,1094,1186,843,737,674,717,710,633,665,1709
20261001,08,11440710,14091,27,93,372,268,755,876,628,490,538,467,449,323,400,765,17,70,309,527,1008,913,642,556,537,490,545,437,463,1126
20261001,08,11560605,47535,163,779,494,772,1776,2324,2475,2337,2504,2421,2233,1826,1427,2523,218,816,497,811,2130,2511,2356,2324,2218,2091,1692,1326,1538,2954
20261001,08,11620585,23887,80,223,433,1190,2383,1787,1003,748,776,750,669,654,650,947,110,257,470,1601,2233,1473,843,669,601,624,546,440,522,1202
20261001,08,11680510,24445,25,380,732,483,875,890,796,1063,1124,1014,1110,917,709,1552,99,352,1161,642,1066,1048,924,994,1027,998,997,779,787,1900
20261001,08,11680545,33935,72,541,501,435,1027,1300,1342,1440,1650,1449,1430,1160,997,1845,133,573,533,777,1635,1603,1538,1465,1681,1643,1516,1235,1300,3115
20261001,08,11680640,91657,49,192,961,1325,5084,7474,6626,6054,6002,5396,4159,2495,1925,2488,82,193,892,2377,7017,7325,5124,4190,3371,2792,1968,1719,1673,2702
20261001,08,11710580,25468,32,190,326,471,1189,1585,1240,1007,811,785,779,741,790,1527,84,187,1102,646,1452,1864,1161,973,893,905,1050,850,1020,1808
20261001,09,11110530,45241,23,151,119,422,1892,2959,2648,2803,2766,2962,2392,1127,968,1155,46,165,154,930,3257,3631,2701,2535,2627,1843,1507,1081,937,1437
20261001,09,11110540,5667,,179,527,175,207,229,234,249,267,269,271,203,134,242,12,188,74,74,245,304,224,226,164,169,182,138,144,336
20261001,09,11110615,106118,28,194,309,1153,4392,6410,6553,7179,7680,8303,6421,3604,3011,3991,36,282,714,2063,6445,6790,5473,4954,4716,4369,3818,2591,2099,2542
20261001,09,11140550,82645,28,140,195,613,3723,6602,6088,6385,5916,5541,4276,1676,1202,1211,18,123,565,1815,6095,6097,4887,5075,4426,3450,2600,1474,1225,1197
20261001,09,11140605,22183,5,41,60,149,560,1047,1021,1208,1332,1600,1830,1572,1359,1539,5,59,52,209,790,920,834,855,1013,1212,1052,761,519,578
20261001,09,11140670,12661,13,38,122,155,436,645,618,535,459,441,542,602,453,889,,37,64,274,749,840,592,526,422,363,546,502,541,1256
20261001,09,11170520,10699,31,199,479,276,441,618,447,351,338,386,358,316,348,745,30,270,421,193,446,465,359,394,379,354,325,335,438,956
20261001,09,11170625,59449,70,295,358,1313,2795,3964,3737,3865,3356,3024,2707,1847,1594,2090,130,206,306,1550,3920,4420,3304,2538,2263,2193,2167,1607,1441,2389
20261001,09,11170650,8783,29,4,67,155,418,579,568,367,447,457,554,453,332,440,6,14,38,171,448,467,340,273,307,260,382,334,301,572
20261001,09,11170685,31601,84,235,245,460,1158,1598,1493,1472,1386,1533,1471,1215,993,1627,76,171,198,657,1744,1967,1807,1699,1476,1509,1357,1018,1009,1942
20261001,09,11200690,44972,28,91,161,631,2607,3558,2742,2524,2397,2671,2236,1768,1404,1245,48,140,224,1211,3531,3517,2218,1650,1796,1752,1748,1016,852,1210
20261001,09,11215710,35199,44,175,685,2787,3073,2068,1139,897,1059,1032,1124,900,710,1355,56,152,894,3680,3246,2061,1119,999,1092,1010,910,782,743,1406
20261001,09,11440660,54034,45,169,467,1283,3182,3616,2902,2716,2177,2259,1721,1367,1024,1748,90,225,748,2431,5273,4849,2892,2241,2158,2021,1657,1286,1174,2315
20261001,09,11440690,17320,34,124,151,405,767,1027,743,613,686,579,552,564,505,1150,18,142,171,486,985,1100,760,703,635,675,695,593,685,1772
20261001,09,11440710,13674,16,94,351,229,746,871,595,480,535,500,431,312,367,759,12,49,332,505,1041,862,623,555,513,444,484,430,452,1086
20261001,09,11560605,58821,154,832,525,841,2373,3156,3111,3048,2903,2930,2571,2223,1726,2805,211,859,520,1038,3273,3689,2977,2853,2808,2598,2262,1708,1648,3180
20261001,09,11620585,22923,86,244,350,1053,2083,1652,1063,811,820,764,659,663,590,982,138,276,391,1345,1772,1377,836,781,664,673,593,486,533,1238
20261001,09,11680510,32431,18,396,674,584,1171,1365,1139,1425,1530,1203,1305,1066,798,1620,101,384,1131,1079,2282,2136,1666,1518,1448,1304,1210,966,897,2016
20261001,09,11680545,43961,86,552,565,535,1484,2032,1818,1929,1967,1572,1504,1210,1070,1935,119,601,574,1390,3259,3142,2457,2039,2122,2020,1790,1410,1509,3270
20261001,09,11680640,139858,50,200,1039,2012,8296,11770,10121,9188,8808,7477,5403,3288,2368,2846,83,187,988,4360,13320,13152,8641,6587,5407,4048,2777,2262,2042,3137
20261001,09,11710580,24738,33,184,321,414,1075,1361,1145,999,811,798,824,757,849,1543,79,177,1154,659,1298,1613,1093,920,849,947,1081,891,1061,1804
20261001,10,11110530,51616,34,149,161,503,2114,3393,2960,3182,3030,3257,2643,1267,1055,1338,46,178,175,1001,3683,4122,3180,2958,3025,2110,1774,1293,1141,1845
20261001,10,11110540,6927,,203,588,189,240,302,276,286,302,304,316,257,182,294,13,194,78,95,320,373,300,309,263,242,224,203,203,372
20261001,10,11110615,127478,39,194,393,1437,5125,7481,7390,8032,8575,9209,7433,4511,4016,5876,36,252,524,2605,7552,8045,6423,6032,5746,5436,4869,3515,3065,3668
20261001,10,11140550,95473,40,211,230,842,4355,7243,6740,6984,6651,6117,4606,1975,1460,1626,23,163,735,2321,7297,7160,5761,5804,5065,4026,3075,1806,1562,1592
20261001,10,11140605,25350,,20,32,159,698,1181,1248,1354,1584,1791,1956,1747,1627,1828,5,21,55,234,922,1026,949,972,1114,1344,1218,853,691,720
20261001,10,11140670,12322,13,33,133,137,406,572,568,526,429,465,590,646,502,946,,37,63,222,630,720,581,510,382,365,514,522,514,1295
20261001,10,11170520,10053,30,197,439,233,423,574,409,322,331,361,357,277,336,699,29,274,406,151,414,435,355,335,368,321,318,316,435,907
20261001,10,11170625,68873,66,315,352,1508,3281,4627,4277,4360,3894,3448,2856,2022,1761,2382,126,219,383,1856,4916,5243,3963,3053,2696,2547,2587,1831,1697,2606
20261001,10,11170650,9501,18,4,85,156,477,603,604,408,469,516,554,462,306,498,6,14,37,215,531,524,381,316,323,281,450,348,320,595
20261001,10,11170685,34294,84,234,246,466,1403,1880,1658,1603,1470,1578,1548,1227,1023,1533,75,158,177,783,2260,2323,2051,1868,1626,1517,1416,1056,1012,2019
20261001,10,11200690,53022,34,91,183,766,3297,4378,3293,2844,2638,2883,2475,1825,1592,1365,50,151,315,1591,4646,4520,2653,2109,2116,1900,1944,1121,948,1295
20261001,10,11215710,37042,44,171,661,3257,3107,2035,1216,949,1158,1119,1162,997,744,1392,51,168,962,4045,3102,2107,1232,1107,1160,1085,982,796,805,1430
20261001,10,11440660,65481,51,166,555,1521,3858,4528,3645,3340,2638,2611,1994,1499,1166,1837,85,231,1022,3205,6748,6082,3576,2817,2513,2380,1923,1540,1392,2557
20261001,10,11440690,17150,34,119,141,363,757,980,680,651,643,540,588,567,548,1141,19,149,156,408,971,1051,763,714,657,722,680,606,686,1816
20261001,10,11440710,13472,16,95,344,223,688,914,614,526,531,458,426,338,364,727,12,49,305,478,1102,875,649,569,475,402,476,393,429,993
20261001,10,11560605,60084,150,826,514,774,2421,3416,3236,3166,2965,3011,2636,2215,1788,2785,206,851,488,1033,3400,3689,3129,2899,2823,2676,2370,1758,1658,3202
20261001,10,11620585,23112,87,249,372,1015,1918,1600,1047,823,857,765,726,675,618,1089,135,301,431,1234,1636,1321,834,838,783,708,683,515,562,1289
20261001,10,11680510,38184,18,399,597,672,1497,1689,1424,1714,1800,1446,1501,1132,875,1704,102,400,899,1350,3013,2840,2135,1930,1865,1479,1388,1094,1026,2195
20261001,10,11680545,52091,86,562,670,714,1882,2604,2218,2301,2244,1642,1655,1312,1093,1917,120,637,723,1839,4283,4104,2976,2498,2611,2328,2099,1677,1704,3592
20261001,10,11680640,171520,51,190,1175,2633,10178,14680,12479,11242,10374,8670,6183,3787,2822,3655,89,218,1160,5680,16838,16888,10768,8201,6630,4970,3396,2654,2288,3620
20261001,10,11710580,24685,33,185,331,424,1061,1340,1164,1012,844,814,808,795,798,1502,79,190,1106,610,1227,1531,1076,951,902,964,1166,942,1062,1767
20261001,11,11110530,55890,23,154,215,520,2157,3575,3137,3396,3270,3450,2858,1391,1210,1498,59,229,191,1155,3846,4410,3358,3207,3318,2349,1942,1479,1448,2047
20261001,11,11110540,8121,,204,563,176,275,330,323,294,328,322,382,295,207,329,18,200,65,112,412,383,348,440,347,385,332,256,297,499
20261001,11,11110615,143074,34,188,504,1660,5623,8144,8009,8812,9306,9657,8050,5197,4808,7537,37,224,500,2926,8288,8664,6963,6768,6439,6089,5709,4327,3931,4681
20261001,11,11140550,100728,40,234,266,969,4596,7351,6902,7124,6736,6327,4825,2159,1603,1948,34,160,837,2575,7596,7499,5997,6112,5401,4323,3311,2033,1836,1932
20261001,11,11140605,28269,,14,30,182,750,1327,1407,1487,1691,1900,2129,1856,1797,2179,6,12,83,285,1026,1196,1136,1061,1277,1516,1327,947,745,904
20261001,11,11140670,12116,14,39,120,119,377,549,570,471,474,439,603,643,533,993,,37,63,194,567,663,553,504,374,379,527,530,519,1264
20261001,11,11170520,10350,37,200,309,226,441,585,418,336,342,378,348,321,326,704,30,280,402,168,474,481,384,384,429,359,328,302,427,929
20261001,11,11170625,75326,84,330,365,1713,3592,5016,4568,4602,4219,3708,3033,2035,1992,2569,148,249,466,2249,5520,5755,4415,3309,2917,2795,2826,2147,1872,2832
20261001,11,11170650,10083,18,4,85,164,509,673,637,470,474,571,555,465,326,505,6,14,36,207,557,543,412,351,349,360,505,351,348,586
20261001,11,11170685,36139,79,239,248,530,1526,2113,1790,1672,1584,1603,1599,1182,999,1522,76,162,185,883,2517,2534,2196,2015,1674,1628,1415,1086,1067,2016
20261001,11,11200690,57099,28,87,211,993,3692,4701,3550,3068,2754,2874,2473,1938,1617,1428,61,153,424,1954,5176,4853,3014,2370,2235,2010,2045,1125,930,1333
20261001,11,11215710,37889,44,109,656,3577,3248,2077,1250,1088,1185,1153,1228,1012,777,1318,46,111,980,4272,3019,2143,1254,1165,1121,1090,950,850,768,1401
20261001,11,11440660,72741,57,177,677,1857,4313,4970,3941,3624,3021,2772,2154,1567,1346,1897,91,255,1352,3750,7743,6801,4019,3202,2765,2593,2103,1634,1463,2597
20261001,11,11440690,17298,34,120,165,367,785,961,732,669,649,572,592,598,526,1097,19,139,169,442,949,1042,764,761,676,762,678,606,718,1708
20261001,11,11440710,13756,17,96,296,214,700,972,639,543,551,458,418,352,378,752,7,44,235,528,1161,946,651,609,513,410,472,359,419,1016
20261001,11,11560605,60992,146,833,512,756,2399,3485,3342,3258,3085,3047,2659,2287,1757,2917,208,852,517,1028,3388,3746,3198,2889,2835,2732,2400,1779,1712,3224
20261001,11,11620585,22960,88,225,343,946,1886,1635,1015,842,843,797,789,680,660,1082,130,286,398,1126,1591,1318,850,793,795,684,727,549,535,1347
20261001,11,11680510,42034,7,408,572,762,1710,1949,1641,1865,2021,1618,1577,1241,904,1751,103,441,723,1500,3399,3212,2444,2195,2042,1615,1554,1263,1171,2345
20261001,11,11680545,56855,87,556,684,863,2170,2936,2430,2432,2400,1843,1739,1351,1102,1956,126,621,823,2047,4804,4581,3428,2851,2859,2557,2260,1836,1757,3757
20261001,11,11680640,184796,51,209,1257,2881,10831,15632,13382,12084,11118,9193,6730,4306,3213,4269,79,237,1277,6110,17813,17954,11472,8699,7042,5317,3740,3022,2756,4121
20261001,11,11710580,24633,33,181,331,428,1103,1302,1184,1051,831,833,818,754,811,1468,86,219,644,606,1318,1496,1120,991,965,1025,1214,906,1078,1835
20261001,12,11110530,58328,23,151,301,581,2232,3714,3247,3602,3219,3437,2929,1504,1320,1687,53,215,227,1259,4008,4643,3420,3339,3297,2472,2109,1616,1519,2205
20261001,12,11110540,9058,12,207,389,196,304,369,386,350,372,392,429,265,244,359,13,217,91,122,477,432,423,475,449,426,440,326,358,534
20261001,12,11110615,154585,36,215,575,1791,6049,8714,8381,9028,9700,9944,8238,5468,5289,9264,54,235,481,3307,8851,9318,7669,7137,6944,6490,6263,4872,4537,5734
20261001,12,11140550,105354,46,230,284,1078,4655,7491,7010,7253,6958,6564,4972,2418,1904,2448,40,206,967,2838,7817,7857,5961,6238,5587,4448,3469,2271,2073,2274
20261001,12,11140605,30457,,6,35,206,855,1440,1480,1544,1715,2047,2231,1957,1901,2431,6,,76,357,1235,1400,1279,1268,1307,1564,1317,1062,845,891
20261001,12,11140670,12250,14,45,118,106,385,530,569,512,452,439,624,641,598,1001,,38,75,198,587,629,555,498,382,432,581,541,513,1190
20261001,12,11170520,10350,36,192,153,255,494,578,429,360,367,381,342,319,347,665,30,273,379,204,487,489,419,409,431,326,349,286,433,916
20261001,12,11170625,79315,90,337,454,1821,3906,5337,4758,4834,4273,3910,3164,2131,2086,2760,150,248,585,2544,5906,6065,4672,3470,3100,2918,2874,2146,1944,2832
20261001,12,11170650,10911,25,8,83,184,564,736,672,484,520,594,575,499,330,545,7,21,37,237,613,597,494,394,383,376,553,377,384,623
20261001,12,11170685,36734,74,236,267,564,1560,2173,1829,1691,1524,1624,1564,1135,918,1497,77,162,192,918,2701,2673,2282,2057,1670,1651,1468,1063,1091,2074
20261001,12,11200690,59234,34,92,251,1144,3914,4911,3694,3166,2841,2901,2475,1855,1559,1418,61,166,509,2219,5502,5153,3085,2476,2215,2136,2089,1184,915,1268
20261001,12,11215710,39155,45,88,717,3936,3399,2076,1316,1115,1107,1189,1219,1033,752,1257,46,107,1150,4666,3070,2250,1267,1178,1175,1072,931,840,773,1382
20261001,12,11440660,78022,57,179,885,2215,4715,5400,4190,3865,3135,2902,2217,1649,1352,1996,92,276,1702,4391,8381,7138,4273,3305,2931,2707,2203,1718,1518,2630
20261001,12,11440690,18220,35,121,192,387,847,1009,737,676,689,634,591,569,543,1124,19,140,202,478,1086,1127,787,802,723,833,749,664,728,1729
20261001,12,11440710,14170,17,96,237,239,752,1026,688,584,623,465,414,355,337,708,7,45,195,596,1217,1016,686,654,522,464,450,380,422,974
20261001,12,11560605,60561,141,841,498,733,2425,3502,3328,3229,3085,3074,2707,2258,1715,2776,203,854,527,1057,3418,3730,3154,2812,2848,2725,2466,1733,1672,3050
20261001,12,11620585,23560,94,232,309,1038,1903,1677,1017,900,842,803,804,696,693,1079,137,257,315,1154,1603,1372,896,835,800,733,783,603,553,1434
20261001,12,11680510,45207,13,430,613,860,1880,2186,1877,2063,2108,1717,1770,1271,942,1766,103,415,745,1595,3682,3538,2702,2370,2202,1783,1662,1209,1175,2530
20261001,12,11680545,60043,88,582,647,890,2375,3099,2617,2609,2531,1919,1767,1375,1136,2069,127,637,879,2164,5101,4882,3696,3042,3043,2720,2360,1952,1827,3908
20261001,12,11680640,193051,51,258,1380,3091,11414,16196,13925,12509,11555,9427,7053,4483,3386,4638,79,325,1456,6434,18648,18749,11802,8913,7315,5494,3851,3173,2987,4457
20261001,12,11710580,25589,33,188,346,499,1134,1342,1229,1071,888,872,837,830,835,1470,81,232,567,690,1435,1656,1164,1011,978,1059,1254,940,1124,1825
20261001,13,11110530,59750,29,177,371,621,2304,3876,3209,3447,3322,3404,2966,1552,1340,2057,48,249,254,1421,4078,4699,3454,3231,3439,2558,2136,1676,1615,2216
20261001,13,11110540,9147,,240,264,216,290,366,324,328,378,415,399,269,262,386,19,239,91,209,516,405,435,411,447,448,502,332,418,538
20261001,13,11110615,158566,23,175,616,1812,5972,8557,8304,8984,9627,10152,8492,5721,5816,10632,37,229,496,3449,8770,9298,7518,7120,6891,6714,6619,5193,4830,6519
20261001,13,11140550,111816,46,214,350,1127,4839,7937,7260,7689,7210,6580,5050,2515,2126,2927,40,234,1146,3200,8522,8107,6419,6684,5800,4672,3729,2540,2382,2471
20261001,13,11140605,29632,,7,54,234,790,1344,1398,1523,1556,2019,2158,1977,1891,2652,6,,77,362,1142,1238,1141,1115,1305,1556,1343,1028,821,891
20261001,13,11140670,12533,19,50,119,106,382,534,589,529,479,466,679,630,605,1001,,33,74,204,575,620,551,526,392,418,570,565,509,1307
20261001,13,11170520,10398,37,186,117,251,513,573,430,348,373,392,308,315,339,655,30,279,380,259,533,521,397,376,424,303,382,305,439,931
20261001,13,11170625,81883,81,334,548,1968,4143,5431,4730,4676,4381,4000,3309,2247,2088,2706,155,287,790,2830,6195,6382,4703,3558,3174,2998,3043,2192,2008,2927
20261001,13,11170650,10476,18,10,91,145,557,705,679,476,487,530,572,466,314,525,12,20,31,242,574,570,439,375,352,379,505,399,403,600
20261001,13,11170685,37831,74,239,249,573,1660,2271,1861,1745,1556,1645,1545,1154,963,1467,72,167,201,1051,2893,2780,2429,2069,1725,1732,1443,1131,1116,2021
20261001,13,11200690,60840,41,93,300,1239,3969,5107,3736,3220,2826,2846,2509,1858,1583,1419,67,196,527,2425,5823,5368,3229,2477,2291,2236,2066,1196,888,1304
20261001,13,11215710,40485,39,85,822,4134,3368,2101,1354,1156,1184,1225,1209,1014,801,1322,57,118,1239,5098,3101,2241,1304,1178,1156,1110,1030,880,791,1370
20261001,13,11440660,82023,63,173,1074,2482,5055,5620,4404,3957,3252,3003,2313,1712,1340,1976,92,306,2063,5091,8954,7472,4410,3378,3026,2667,2189,1703,1533,2715
20261001,13,11440690,18461,35,118,194,453,871,1069,746,649,692,628,629,568,487,1111,20,149,206,536,1165,1170,821,797,701,780,784,614,757,1714
20261001,13,11440710,14634,17,91,196,283,855,1062,698,597,627,478,412,361,365,729,7,45,210,632,1271,1094,730,675,506,465,463,367,430,971
20261001,13,11560605,60822,147,846,468,733,2507,3439,3328,3308,3041,3042,2643,2199,1812,2607,209,860,506,1111,3517,3847,3228,2940,2917,2728,2504,1651,1692,2993
20261001,13,11620585,23263,89,227,369,1094,1858,1673,1044,831,797,810,811,683,665,1140,131,267,337,1041,1572,1338,869,803,762,742,751,591,575,1394
20261001,13,11680510,45612,19,413,697,868,1910,2255,1882,2049,2111,1709,1721,1315,922,1748,103,404,783,1696,3754,3638,2772,2326,2162,1791,1740,1185,1196,2439
20261001,13,11680545,61116,88,593,637,982,2407,3256,2841,2677,2492,1987,1673,1347,1129,2041,133,671,798,2262,5223,4992,3775,3084,3027,2769,2474,2001,1802,3954
20261001,13,11680640,196023,51,329,1514,3268,11598,16424,13982,12587,11609,9515,6959,4520,3547,4851,79,422,1655,6836,18784,18766,11784,8962,7369,5582,4056,3190,3157,4626
20261001,13,11710580,25532,33,194,342,529,1197,1352,1214,1060,877,851,814,839,815,1478,81,209,590,696,1399,1636,1201,1025,939,1006,1219,951,1129,1854
20261001,14,11110530,60862,30,202,389,681,2309,3870,3294,3507,3356,3523,2879,1556,1361,2018,43,236,269,1471,4242,4804,3656,3377,3480,2567,2186,1759,1560,2238
20261001,14,11110540,9228,6,201,263,265,329,369,336,306,365,389,414,263,274,408,19,202,102,232,520,441,416,422,487,496,510,314,409,473
20261001,14,11110615,162788,23,127,635,1895,6181,8592,8340,9131,9716,10127,8595,5976,6180,11149,33,297,563,3648,8948,9530,7528,7220,6991,7050,6936,5387,5097,6894
20261001,14,11140550,112596,35,178,357,1185,4973,8034,7327,7750,7217,6680,5026,2497,1959,2683,56,248,1213,3422,8660,8234,6521,6735,5889,4789,3786,2465,2300,2378
20261001,14,11140605,30102,,7,51,257,800,1339,1386,1445,1629,2075,2245,2059,1950,2656,7,,105,397,1153,1255,1116,1124,1274,1650,1304,1054,841,924
20261001,14,11140670,12408,25,56,121,109,394,551,588,520,489,461,650,601,602,980,,38,85,218,562,651,569,478,432,384,573,573,489,1208
20261001,14,11170520,10650,39,181,110,283,564,564,455,356,381,412,310,330,346,673,13,286,390,311,516,499,406,384,400,344,376,342,441,939
20261001,14,11170625,84441,91,328,608,2195,4312,5603,4792,4830,4350,3925,3382,2324,2175,2736,132,299,827,3217,6556,6543,4823,3710,3178,3050,3100,2266,2109,2981
20261001,14,11170650,10573,18,10,104,151,572,738,679,452,478,487,598,432,312,532,20,20,50,243,626,567,377,318,357,398,555,417,434,629
20261001,14,11170685,38984,75,231,264,625,1801,2306,1919,1808,1593,1682,1636,1191,966,1514,65,180,233,1126,3048,2901,2423,2117,1783,1723,1533,1143,1090,2010
20261001,14,11200690,62341,48,151,284,1317,4177,5234,3739,3243,2906,3007,2604,1866,1501,1505,80,306,577,2617,6015,5464,3233,2491,2254,2312,2055,1189,872,1295
20261001,14,11215710,41651,39,99,873,4279,3442,2135,1414,1212,1228,1357,1232,974,844,1340,46,114,1318,5328,3193,2251,1280,1183,1116,1162,1034,879,785,1493
20261001,14,11440660,86516,52,202,1221,2797,5427,6010,4503,4058,3350,3096,2420,1683,1360,2042,93,395,2549,5778,9519,7834,4523,3420,3089,2820,2291,1672,1569,2743
20261001,14,11440690,18629,35,111,193,454,868,1113,722,630,715,623,581,569,518,1090,31,159,227,630,1144,1209,832,771,718,763,789,606,762,1766
20261001,14,11440710,14759,11,97,224,294,841,1082,695,617,589,475,404,320,386,741,7,67,188,692,1347,1087,749,630,520,460,476,388,392,978
20261001,14,11560605,61383,146,841,465,761,2478,3459,3351,3261,3102,3024,2626,2265,1870,2762,221,858,528,1122,3545,3915,3238,2969,2928,2752,2504,1757,1722,2912
20261001,14,11620585,22813,78,182,335,1051,1870,1666,1090,816,795,749,738,675,635,1164,98,217,323,1075,1520,1316,826,763,732,754,768,610,621,1345
20261001,14,11680510,46215,13,369,735,963,1996,2312,1923,2066,2088,1701,1695,1281,938,1741,110,391,879,1812,3695,3681,2833,2324,2164,1927,1751,1221,1185,2418
20261001,14,11680545,62232,100,622,688,1017,2459,3372,2854,2743,2538,2019,1680,1402,1139,2070,157,690,789,2251,5401,5068,3867,3219,3100,2761,2497,2052,1772,3907
20261001,14,11680640,199853,52,357,1547,3429,11922,16890,14176,12839,11595,9660,7031,4587,3674,5087,63,446,1765,6994,19265,19147,11933,8918,7339,5556,4143,3256,3223,4961
20261001,14,11710580,25512,34,206,366,472,1201,1391,1210,1051,901,812,801,815,813,1499,81,205,645,718,1387,1657,1144,1019,913,1015,1220,911,1145,1880
20261001,15,11110530,59019,29,191,424,703,2301,3805,3116,3476,3301,3430,2813,1441,1319,1871,53,223,302,1590,4229,4696,3523,3167,3401,2406,2174,1621,1500,1912
20261001,15,11110540,10568,6,194,278,271,388,434,356,325,458,410,457,336,304,447,20,208,121,256,709,551,498,522,520,548,542,399,470,543
20261001,15,11110615,159008,23,133,625,2006,6137,8572,8222,8834,9467,9957,8388,5821,6186,10732,26,263,596,3628,8893,9502,7297,7091,6806,6967,6645,5072,4698,6423
20261001,15,11140550,111193,40,195,415,1204,4875,7977,7277,7673,7056,6602,4980,2458,1934,2421,67,257,1307,3681,8687,8067,6520,6566,5683,4714,3779,2372,2141,2246
20261001,15,11140605,29735,,13,53,284,818,1390,1419,1464,1622,2014,2144,2013,1935,2574,7,17,114,460,1168,1248,1092,1095,1269,1570,1277,993,849,830
20261001,15,11140670,12183,32,61,112,94,401,522,565,505,479,446,612,540,562,1015,,64,88,229,568,604,563,500,405,380,588,544,479,1225
20261001,15,11170520,10569,26,135,127,312,565,577,412,363,378,409,338,279,343,678,8,264,381,324,588,514,407,367,405,309,343,344,415,957
20261001,15,11170625,84540,92,261,644,2327,4487,5671,4797,4890,4280,3891,3401,2329,2040,2586,149,264,975,3469,6617,6631,4717,3683,3086,3026,2951,2307,2104,2866
20261001,15,11170650,10698,19,22,109,187,571,730,653,463,483,516,546,449,311,556,19,26,58,241,690,572,388,312,378,410,584,429,391,588
20261001,15,11170685,38550,86,190,260,634,1782,2308,1928,1792,1589,1611,1569,1072,951,1504,71,164,244,1186,3140,2910,2399,2082,1780,1694,1498,1108,1056,1941
20261001,15,11200690,62278,37,173,338,1400,4281,5093,3728,3164,2927,3095,2519,1842,1488,1471,60,369,727,2817,6044,5443,3189,2401,2253,2259,1934,1143,855,1227
20261001,15,11215710,41294,33,94,816,4383,3438,2180,1359,1187,1189,1290,1283,943,776,1314,45,149,1330,5268,3202,2268,1217,1144,1119,1166,996,850,793,1462
20261001,15,11440660,87506,45,227,1315,3108,5633,6160,4554,4067,3342,3139,2416,1583,1380,1912,69,550,2961,6157,9699,7885,4407,3264,2948,2827,2223,1628,1453,2552
20261001,15,11440690,18698,47,126,193,475,844,1061,755,640,654,610,583,544,508,1138,53,162,236,641,1152,1159,811,727,724,766,842,665,751,1831
20261001,15,11440710,14913,11,108,232,314,838,1077,690,585,562,449,407,343,396,799,12,106,200,668,1380,1127,757,623,524,448,466,401,405,984
20261001,15,11560605,60451,145,831,570,782,2488,3416,3260,3215,3067,2937,2554,2200,1859,2646,213,811,578,1148,3459,3888,3176,2953,2894,2661,2441,1775,1643,2840
20261001,15,11620585,22625,67,146,334,1106,1846,1733,1025,817,822,771,734,754,600,1205,76,210,290,1057,1526,1309,781,752,699,735,757,571,569,1333
20261001,15,11680510,45964,20,412,741,924,2070,2378,1879,2059,2045,1655,1684,1273,901,1742,114,396,969,1833,3738,3619,2782,2226,2153,1910,1773,1185,1176,2310
20261001,15,11680545,61327,103,632,735,926,2504,3407,2833,2760,2525,1942,1698,1357,1125,1986,167,756,851,2316,5434,4981,3887,3185,3013,2613,2431,1960,1690,3509
20261001,15,11680640,196900,40,383,1622,3527,11890,16563,13952,12577,11449,9539,6975,4548,3601,4855,74,393,1847,7074,19166,18817,11653,8768,7206,5439,4019,3128,3104,4694
20261001,15,11710580,25519,39,198,427,491,1241,1383,1199,1055,912,779,835,807,848,1533,92,175,723,766,1331,1641,1108,1008,882,1016,1184,905,1062,1881
20261001,16,11110530,58323,29,234,402,767,2386,3825,3054,3430,3290,3461,2811,1419,1258,1629,53,250,441,1664,4208,4734,3413,3155,3376,2368,2162,1499,1287,1717
20261001,16,11110540,9720,,81,295,242,369,418,337,309,408,372,410,303,268,442,14,123,117,296,678,557,485,473,429,529,437,409,426,492
20261001,16,11110615,153268,22,144,645,2134,6016,8605,8034,8788,9350,9859,8238,5664,5783,9588,37,192,687,3904,8856,9261,7098,6860,6563,6659,6257,4627,4070,5326
20261001,16,11140550,108058,29,119,389,1302,4945,8006,7232,7472,6848,6496,4761,2326,1816,2241,45,225,1224,3748,8669,7918,6459,6480,5491,4694,3470,2078,1754,1821
20261001,16,11140605,29130,,25,62,283,858,1412,1388,1431,1653,1911,2210,1885,1815,2350,7,26,139,546,1218,1255,1089,1070,1274,1559,1231,918,795,719
20261001,16,11140670,12144,37,71,116,96,399,512,607,473,515,464,614,504,517,1006,,92,80,231,554,616,573,476,396,392,548,511,535,1207
20261001,16,11170520,10135,25,110,132,354,540,585,392,379,372,391,271,244,340,707,7,140,276,372,595,494,369,357,350,305,295,322,384,1026
20261001,16,11170625,84004,74,315,629,2519,4571,5731,4901,4857,4194,3813,3260,2272,1956,2598,120,331,1012,3707,6688,6635,4621,3626,2899,3017,2819,2248,1947,2644
20261001,16,11170650,10566,19,32,87,196,577,724,647,487,469,507,547,429,331,597,19,38,66,246,640,578,378,284,387,400,531,395,374,583
20261001,16,11170685,38271,65,215,271,666,1761,2353,1981,1735,1542,1660,1519,1044,940,1410,54,184,257,1273,3152,2986,2421,2060,1759,1638,1413,1128,927,1857
20261001,16,11200690,61965,31,204,376,1425,4310,5095,3601,3238,2874,2987,2415,1820,1515,1395,60,484,876,2974,6080,5416,3051,2354,2230,2207,1892,1118,776,1160
20261001,16,11215710,40728,33,95,820,4270,3441,2186,1350,1132,1198,1178,1243,989,794,1225,39,183,1288,5371,3238,2241,1212,1109,1105,1089,1017,730,678,1474
20261001,16,11440660,88908,50,289,1489,3397,5898,6300,4572,4120,3354,3086,2377,1631,1336,1810,81,619,3270,6508,9945,7889,4376,3213,2938,2773,2182,1586,1479,2340
20261001,16,11440690,19408,42,160,229,471,861,1102,798,645,696,645,596,539,548,1150,58,218,245,692,1202,1220,833,745,741,821,871,750,704,1824
20261001,16,11440710,14997,17,89,197,337,837,1038,667,563,578,442,425,367,388,807,12,97,207,716,1396,1133,744,603,558,462,478,392,435,1013
20261001,16,11560605,59177,147,757,589,776,2453,3437,3221,3142,2931,2867,2559,2191,1762,2520,213,738,608,1156,3438,3848,3199,2868,2821,2584,2395,1708,1519,2730
20261001,16,11620585,22887,61,201,358,1145,1891,1716,1039,819,826,758,766,719,586,1193,83,204,343,1081,1638,1335,788,750,719,721,773,521,576,1275
20261001,16,11680510,45752,31,422,789,943,2114,2480,1939,2101,2091,1602,1594,1235,862,1690,115,441,988,1843,3797,3605,2719,2198,2156,1937,1625,1127,1125,2182
20261001,16,11680545,61878,110,782,835,975,2572,3405,2857,2718,2628,1981,1730,1359,1083,1880,191,914,967,2412,5437,4908,3884,3179,3090,2582,2383,1961,1656,3398
20261001,16,11680640,192429,45,326,1675,3571,11849,16579,13779,12431,11136,9422,6679,4410,3327,4203,74,385,1998,7073,19011,18490,11396,8547,7043,5317,3860,2784,2805,4214
20261001,16,11710580,26147,39,239,462,557,1249,1450,1193,1076,885,785,843,839,927,1565,92,207,716,817,1384,1685,1158,949,902,1022,1190,934,1076,1905
20261001,17,11110530,54909,37,200,365,847,2349,3707,2913,3225,3259,3375,2646,1334,1099,1398,57,252,505,1643,3965,4366,3167,2962,3177,2266,1963,1242,1106,1484
20261001,17,11110540,7613,,39,280,224,335,347,264,250,303,295,257,240,167,339,13,78,85,238,570,433,395,388,330,415,354,312,287,375
20261001,17,11110615,144236,21,160,668,2268,5932,8475,7719,8553,9013,9456,7951,5202,5184,7964,37,132,835,4082,8749,8912,6727,6428,6254,6234,5640,4104,3480,4057
20261001,17,11140550,98940,29,113,364,1207,4728,7554,6800,6832,6349,5905,4276,1987,1559,1695,33,166,1137,3448,8270,7556,5867,5991,5073,4361,3119,1838,1312,1372
20261001,17,11140605,28173,,25,81,335,856,1438,1331,1372,1629,1939,2137,1689,1611,1952,7,21,179,676,1326,1346,1095,1096,1210,1495,1159,811,701,657
20261001,17,11140670,12350,31,57,108,114,400,540,570,527,504,464,630,521,508,999,,90,97,249,602,701,578,534,405,401,548,520,518,1135
20261001,17,11170520,10355,36,108,147,332,546,613,409,386,386,365,278,237,369,770,7,139,231,434,629,480,350,378,314,312,324,341,390,1048
20261001,17,11170625,82353,85,330,682,2580,4518,5610,4872,4706,4018,3624,3169,2255,1790,2473,104,356,1027,3986,6815,6580,4495,3466,2971,2971,2652,2014,1699,2506
20261001,17,11170650,10582,18,31,132,265,591,734,647,443,477,507,516,400,323,528,18,43,99,313,659,591,383,307,360,379,508,364,363,583
20261001,17,11170685,36643,59,198,271,665,1831,2286,1901,1630,1524,1559,1408,923,841,1341,43,145,261,1232,2992,2921,2290,1972,1681,1568,1369,1050,893,1791
20261001,17,11200690,59071,27,230,443,1517,4217,4840,3415,3025,2703,2703,2215,1610,1326,1244,56,528,964,2985,5925,5148,2907,2159,2123,2025,1825,1040,707,1166
20261001,17,11215710,40286,39,113,846,4124,3418,2198,1337,1161,1248,1102,1180,931,768,1170,39,178,1327,5634,3290,2191,1184,1028,1070,1028,1003,663,607,1410
20261001,17,11440660,88729,44,305,1637,3612,6076,6206,4481,4022,3265,3028,2248,1503,1286,1775,91,644,3696,7110,10057,7829,4156,3065,2742,2607,2162,1501,1354,2225
20261001,17,11440690,19693,41,160,230,505,917,1159,812,694,672,623,631,555,573,1124,69,243,222,653,1255,1274,855,747,717,768,867,741,715,1870
20261001,17,11440710,15409,28,84,198,367,889,1050,679,568,563,476,441,348,367,797,18,109,289,753,1437,1116,729,610,579,472,471,408,472,1092
20261001,17,11560605,57377,140,690,612,845,2478,3378,3202,3036,2787,2798,2373,2036,1632,2369,224,671,582,1230,3358,3719,3075,2709,2849,2503,2278,1612,1453,2738
20261001,17,11620585,23485,61,199,415,1313,2000,1759,1079,777,818,824,749,683,558,1189,81,192,355,1273,1748,1287,816,769,751,720,757,518,590,1205
20261001,17,11680510,44506,31,461,750,939,2063,2361,1874,2105,2146,1550,1557,1171,818,1707,120,489,1099,1766,3734,3433,2596,2160,2018,1857,1504,1016,1083,2097
20261001,17,11680545,60130,94,840,872,1051,2468,3269,2770,2617,2631,2062,1770,1309,1087,1937,188,928,985,2387,5238,4745,3593,3008,2968,2515,2192,1883,1486,3235
20261001,17,11680640,183476,46,339,1770,3751,11587,16076,13312,11877,10628,8748,6141,4018,2925,3831,89,396,2105,6910,18639,17926,10695,7997,6699,4997,3472,2429,2490,3585
20261001,17,11710580,26548,50,216,520,661,1258,1491,1214,1053,917,813,823,809,890,1555,102,207,715,842,1518,1724,1186,946,927,1038,1180,897,1096,1900
20261001,18,11110530,48712,25,195,341,846,2141,3447,2515,2812,2914,2912,2216,1235,970,1201,51,270,542,1564,3453,3780,2862,2622,2576,2024,1755,1067,989,1387
20261001,18,11110540,6629,6,26,262,240,314,320,233,242,263,294,240,191,140,310,12,39,70,282,454,403,347,290,289,309,264,228,216,345
20261001,18,11110615,124400,9,136,691,2289,5674,7686,6937,7563,7821,8082,6732,4365,4249,5935,57,157,838,4251,8075,7766,5580,5413,5350,5141,4505,3444,2628,3025
20261001,18,11140550,82597,34,137,335,1120,4071,6211,5561,5582,5282,4902,3452,1628,1214,1344,16,160,952,3105,6921,6555,4846,4868,4237,3791,2581,1483,1126,1083
20261001,18,11140605,26529,5,37,99,420,948,1510,1274,1439,1589,1751,1836,1489,1321,1334,5,49,182,795,1595,1597,1049,1094,1121,1306,915,667,557,544
20261001,18,11140670,12592,25,76,82,129,410,653,614,524,514,477,578,467,517,861,,83,84,246,668,812,684,583,489,405,528,479,520,1083
20261001,18,11170520,11219,48,121,161,353,577,714,475,428,406,366,304,277,371,797,8,148,229,481,632,613,435,410,353,312,327,358,422,1091
20261001,18,11170625,78337,84,333,599,2603,4406,5444,4593,4336,3698,3514,2923,1910,1574,2143,124,305,1081,4027,6915,6462,4209,3277,2707,2869,2567,1804,1540,2292
20261001,18,11170650,10345,18,25,134,256,609,767,648,399,454,377,443,378,285,529,18,42,85,370,718,615,395,315,351,375,466,339,360,573
20261001,18,11170685,34640,75,213,269,697,1719,2156,1812,1614,1469,1463,1285,833,747,1401,67,164,249,1231,2784,2752,2162,1725,1550,1493,1271,971,809,1658
20261001,18,11200690,52103,26,241,455,1451,3836,4333,2980,2653,2298,2186,1944,1237,981,1111,56,493,936,2824,5513,4571,2492,1822,1770,1735,1462,904,655,1141
20261001,18,11215710,41392,39,111,858,4265,3678,2234,1437,1167,1146,1107,1223,852,736,1186,44,184,1418,5977,3616,2312,1194,943,1070,1017,961,690,587,1340
20261001,18,11440660,86570,50,301,1914,4072,6339,6233,4232,3734,2996,2777,2017,1362,1109,1566,83,515,3822,7576,9988,7581,3971,2791,2393,2381,2049,1358,1279,2083
20261001,18,11440690,20136,39,151,260,519,967,1207,830,721,651,631,678,655,570,1125,57,237,262,670,1312,1256,840,786,736,801,898,708,748,1823
20261001,18,11440710,15901,27,73,228,455,908,1101,716,566,552,532,458,379,408,792,23,102,286,828,1397,1135,690,621,557,522,515,437,464,1129
20261001,18,11560605,52678,132,632,614,855,2335,3099,2905,2734,2592,2639,2081,1596,1413,2259,216,658,615,1163,2915,3446,2747,2470,2643,2324,2067,1481,1395,2654
20261001,18,11620585,24138,59,227,493,1448,2186,1906,1022,777,844,813,801,659,494,1119,56,198,419,1421,1861,1388,818,725,689,774,722,477,548,1195
20261001,18,11680510,42765,25,447,813,885,2098,2315,1895,2030,2052,1556,1521,1135,802,1575,108,475,1109,1695,3619,3242,2385,2028,1886,1712,1413,947,981,2016
20261001,18,11680545,56184,98,889,875,1038,2374,3059,2568,2489,2450,2001,1735,1212,1030,1887,178,1041,947,2234,4643,4291,3138,2693,2810,2434,2015,1667,1351,3038
20261001,18,11680640,166220,44,326,1739,3869,10840,14866,11994,10744,9531,7853,5242,3408,2554,3165,88,380,2125,6843,17276,16331,9272,7099,5830,4453,2996,2171,2119,3061
20261001,18,11710580,27610,54,246,513,703,1451,1659,1298,1019,937,833,805,817,875,1496,95,224,732,996,1722,1903,1234,1033,934,1035,1174,887,1062,1874
20261001,19,11110530,37588,25,144,345,750,1743,2482,1802,2073,2207,2165,1772,1015,782,1071,46,276,517,1344,2498,2688,2072,1854,1823,1504,1507,955,892,1236
20261001,19,11110540,5230,6,32,254,207,271,281,172,175,222,224,220,145,92,267,12,31,89,201,315,299,259,178,202,221,225,174,159,299
20261001,19,11110615,97504,19,118,692,2305,5033,6236,5370,5766,5913,6348,5027,3393,3341,4367,56,139,824,4159,6727,5884,4135,3716,3861,3679,3340,2677,2070,2305
20261001,19,11140550,57236,17,127,290,900,2853,4133,3670,3731,3639,3384,2528,1280,878,959,16,169,773,2532,4654,4574,3127,2989,2723,2496,1791,1174,883,946
20261001,19,11140605,21556,5,32,86,506,974,1458,1183,1147,1271,1322,1317,938,879,865,,40,208,926,1799,1559,868,782,738,823,542,496,416,375
20261001,19,11140670,13079,25,80,75,135,457,760,662,572,567,467,565,447,450,830,5,86,95,252,815,911,725,632,544,407,493,441,536,1044
20261001,19,11170520,11267,40,87,151,352,615,742,506,421,368,391,288,287,354,779,7,123,193,473,674,677,509,389,371,345,311,320,434,1060
20261001,19,11170625,68823,98,316,627,2493,4103,4818,3792,3473,3002,2934,2450,1652,1345,1902,128,300,1123,3893,6439,5937,3683,2720,2148,2241,2119,1596,1378,2116
20261001,19,11170650,9578,18,20,111,326,610,756,617,387,411,355,362,340,219,427,23,52,80,413,711,572,336,304,290,339,421,279,294,504
20261001,19,11170685,31698,68,237,289,723,1604,1914,1625,1513,1379,1385,1134,768,691,1300,55,177,243,1188,2438,2532,1879,1516,1316,1311,1109,925,762,1617
20261001,19,11200690,40963,24,227,453,1332,3157,3225,2253,1920,1660,1559,1438,910,776,983,54,415,894,2497,4472,3480,1807,1455,1257,1217,1134,748,582,1034
20261001,19,11215710,42311,43,116,909,4497,3847,2506,1507,1207,1091,1024,1078,777,690,1167,48,161,1568,6314,3974,2404,1211,828,895,947,903,658,594,1346
20261001,19,11440660,82337,49,295,2027,4459,6354,6034,3972,3365,2699,2547,1855,1200,963,1485,82,481,4033,7663,9637,6812,3546,2414,2198,2022,1783,1266,1168,1925
20261001,19,11440690,20952,44,181,237,514,1046,1237,878,782,696,652,698,663,606,1143,56,236,273,707,1365,1383,936,811,742,849,937,717,783,1779
20261001,19,11440710,16303,27,82,241,499,988,1168,754,560,550,578,480,370,400,770,17,105,245,801,1406,1225,680,630,534,562,564,435,501,1128
20261001,19,11560605,45834,141,595,582,777,1969,2671,2400,2293,2142,2210,1750,1387,1247,2115,201,644,570,1053,2403,3122,2419,2110,2218,1888,1675,1279,1306,2669
20261001,19,11620585,25307,47,212,487,1473,2540,2143,1077,749,785,798,802,603,516,999,61,186,440,1575,2315,1595,876,682,689,751,700,487,550,1170
20261001,19,11680510,39349,23,474,823,923,1945,2174,1783,1846,1935,1485,1464,960,730,1491,112,452,1070,1699,3201,2844,1997,1710,1709,1555,1306,868,917,1851
20261001,19,11680545,50060,86,763,850,964,2252,2668,2348,2153,2212,1948,1630,1124,971,1839,175,1042,919,1867,3732,3579,2588,2278,2488,2168,1830,1470,1232,2883
20261001,19,11680640,137586,48,336,1725,3766,9173,12561,9596,8785,7820,6207,4257,2800,2081,2650,98,393,2113,6104,14023,13142,7116,5602,4775,3538,2450,1906,1836,2685
20261001,19,11710580,29094,48,251,556,799,1581,1879,1392,1060,943,853,808,852,823,1469,93,194,756,1144,1967,2159,1405,1080,1030,1089,1113,884,1002,1865
20261001,20,11110530,30642,30,150,327,649,1391,1887,1359,1560,1736,1735,1499,926,716,938,45,248,446,1187,1990,2007,1564,1460,1511,1213,1225,873,816,1155
20261001,20,11110540,4362,6,39,238,206,199,225,151,156,172,195,203,144,98,245,12,25,62,135,236,223,209,153,146,151,183,136,129,286
20261001,20,11110615,76966,19,123,603,2264,4491,5135,4137,4474,4531,4775,3847,2619,2526,3013,51,135,825,3898,5403,4696,3132,2679,2868,2731,2497,2048,1598,1846
20261001,20,11140550,41208,12,131,265,778,2151,2979,2432,2606,2626,2422,1968,1017,697,667,16,127,675,2014,3336,3105,2042,1968,1841,1733,1291,866,643,801
20261001,20,11140605,18054,6,32,66,496,934,1411,1046,941,971,1092,1024,661,608,547,,30,175,912,1727,1376,747,643,599,587,428,365,304,325
20261001,20,11140670,13525,25,96,66,152,526,838,683,599,544,463,544,435,423,770,5,106,106,291,931,1052,768,660,515,392,533,442,544,1017
20261001,20,11170520,11635,41,104,143,321,583,765,504,428,376,399,310,310,380,831,13,125,173,522,696,673,534,400,382,367,309,386,469,1090
20261001,20,11170625,59871,80,323,623,2404,3825,4260,3196,2657,2353,2460,2076,1492,1158,1780,132,299,949,3664,5588,5052,3046,2318,1856,1873,1837,1452,1196,1924
20261001,20,11170650,9570,23,14,95,402,677,801,601,388,371,337,317,307,214,419,23,58,98,429,709,576,376,313,257,287,397,285,287,511
20261001,20,11170685,27706,72,211,302,628,1353,1546,1384,1331,1244,1147,1023,702,687,1266,58,194,211,989,1916,2069,1567,1383,1157,1117,1019,852,702,1577
20261001,20,11200690,32213,29,199,452,1120,2371,2560,1766,1376,1296,1184,1184,766,645,920,53,351,777,1997,3263,2473,1266,1105,993,925,889,672,547,1035
20261001,20,11215710,42706,44,106,974,4666,4160,2650,1433,1069,1083,1006,1066,762,601,1111,48,130,1640,6503,4143,2393,1144,830,841,866,868,620,596,1353
20261001,20,11440660,74910,38,293,1955,4481,6014,5440,3524,2892,2340,2305,1685,1136,869,1423,81,416,3805,7429,8293,5733,3065,2094,1911,1888,1650,1136,1140,1875
20261001,20,11440690,20658,38,185,215,517,1045,1311,874,727,700,658,720,653,616,1157,56,208,249,708,1351,1384,921,835,748,776,843,690,767,1705
20261001,20,11440710,16153,27,82,228,427,1001,1198,748,552,520,529,491,364,398,797,17,113,230,753,1332,1145,706,635,581,584,575,461,498,1160
20261001,20,11560605,42053,138,629,599,817,1793,2423,2205,2095,1924,1948,1618,1207,1122,1988,201,685,567,998,2032,2681,2254,1970,2029,1732,1520,1142,1208,2528
20261001,20,11620585,25583,47,212,515,1537,2630,2174,1136,756,749,758,742,608,523,955,66,185,514,1651,2378,1653,924,624,669,671,699,521,521,1165
20261001,20,11680510,34255,23,443,771,922,1749,1932,1563,1607,1652,1352,1261,840,616,1449,111,417,964,1490,2521,2269,1560,1402,1487,1348,1163,760,813,1771
20261001,20,11680545,43338,80,745,836,836,1987,2212,1907,1860,1918,1804,1538,1064,930,1808,153,1007,843,1453,2814,2725,2090,1915,2079,1899,1650,1291,1149,2746
20261001,20,11680640,110871,42,321,1682,3408,7585,10092,7524,7024,6184,4849,3543,2398,1744,2251,76,345,1986,5055,10711,9905,5537,4391,3807,2884,1970,1683,1537,2336
20261001,20,11710580,29053,42,275,531,722,1562,1994,1362,1034,916,834,844,842,842,1470,91,219,728,1083,2017,2241,1428,1045,1021,1062,1127,858,997,1862
20261001,21,11110530,25252,25,154,296,558,1193,1534,1116,1245,1274,1385,1149,733,591,823,45,223,394,1068,1695,1618,1265,1188,1193,971,1018,729,674,1099
20261001,21,11110540,3577,,27,236,178,151,174,114,150,145,164,143,136,87,218,12,27,61,91,175,172,167,123,117,116,98,103,110,279
20261001,21,11110615,61207,14,143,492,1937,3927,4310,3457,3711,3515,3664,2827,1936,1821,2078,30,145,715,3470,4406,3781,2542,2082,2139,2031,1856,1557,1178,1444
20261001,21,11140550,29681,12,119,228,659,1559,2165,1725,1970,1835,1822,1463,777,484,530,11,121,463,1652,2388,2176,1399,1302,1235,1084,804,610,454,635
20261001,21,11140605,15208,,66,74,457,818,1254,953,841,801,858,709,549,452,394,,67,164,792,1472,1244,591,627,495,440,301,270,235,284
20261001,21,11140670,13802,25,100,67,144,590,932,702,583,571,483,542,433,409,746,5,126,103,327,1025,1051,797,624,529,394,528,437,515,1014
20261001,21,11170520,11151,40,95,139,323,583,735,484,418,352,359,313,313,347,828,12,122,159,441,636,644,494,390,344,347,312,380,481,1061
20261001,21,11170625,52479,74,300,650,2140,3414,3853,2863,2367,2001,1979,1795,1401,1072,1640,132,248,858,3128,4709,4206,2768,1984,1563,1570,1625,1299,1068,1771
20261001,21,11170650,9345,23,15,128,391,627,808,577,415,363,306,254,288,228,414,23,54,127,487,716,565,341,277,227,259,370,264,280,518
20261001,21,11170685,25700,67,221,261,568,1204,1419,1216,1264,1116,1073,1002,694,670,1252,53,207,210,885,1624,1828,1379,1282,1082,1068,972,827,731,1526
20261001,21,11200690,25941,34,201,408,907,1820,1991,1374,1150,1045,948,939,646,578,877,63,264,608,1526,2354,1919,975,852,811,786,740,598,536,990
20261001,21,11215710,41775,43,96,1008,4738,4187,2619,1405,997,983,933,1007,721,568,1088,53,122,1597,6545,4058,2251,1097,824,747,801,844,585,558,1300
20261001,21,11440660,67282,38,190,1825,4354,5641,4875,3136,2556,2112,1866,1497,1085,763,1341,64,297,3485,6820,7120,4820,2745,1859,1700,1734,1477,1043,1035,1805
20261001,21,11440690,20342,27,209,232,534,1003,1256,881,735,732,676,705,602,623,1175,55,190,255,604,1327,1338,878,834,726,803,800,675,765,1700
20261001,21,11440710,15667,32,87,222,413,903,1182,708,530,540,523,490,354,424,777,17,117,208,698,1208,1090,654,606,572,567,591,455,505,1195
20261001,21,11560605,40481,134,680,645,828,1629,2360,2099,1969,1800,1823,1440,1152,1076,2019,208,718,589,1029,1858,2478,2170,1961,1910,1666,1446,1089,1169,2538
20261001,21,11620585,25152,47,189,534,1620,2659,2098,1125,718,658,716,755,567,506,907,66,184,570,1690,2452,1644,911,629,583,615,599,484,510,1118
20261001,21,11680510,29398,12,397,732,781,1501,1621,1357,1363,1370,1171,1072,803,545,1374,99,434,916,1157,1977,1805,1226,1163,1200,1208,1005,653,749,1707
20261001,21,11680545,37507,74,659,799,736,1722,1797,1556,1573,1799,1675,1384,1026,865,1780,142,884,738,1145,2135,2005,1691,1555,1831,1621,1428,1130,1091,2665
20261001,21,11680640,93394,42,292,1596,3042,6415,8385,6321,5926,5228,4138,3021,1933,1471,2020,85,323,1768,4312,8677,7967,4489,3641,3192,2425,1755,1439,1370,2117
20261001,21,11710580,28326,42,268,507,650,1455,1963,1346,1009,889,866,863,819,814,1459,91,214,625,951,1955,2198,1420,1063,999,1008,1115,883,1004,1850
20261001,22,11110530,19906,30,158,248,499,920,1182,868,991,994,1008,822,582,510,768,34,216,301,803,1292,1185,960,916,909,795,784,564,544,1023
20261001,22,11110540,3171,,24,232,170,135,124,94,119,151,128,139,136,84,233,13,37,53,63,106,123,117,115,80,94,95,112,102,289
20261001,22,11110615,44997,8,141,403,1593,3062,3288,2766,2667,2629,2557,1887,1447,1261,1515,19,160,531,2620,3244,2661,1820,1507,1475,1412,1358,1120,749,1097
20261001,22,11140550,20531,12,80,167,509,1104,1526,1315,1519,1330,1196,1090,578,300,374,16,53,326,1153,1543,1387,905,920,769,645,510,364,309,532
20261001,22,11140605,11659,,82,64,393,740,1032,793,668,545,605,445,389,317,280,,94,118,620,1065,978,475,483,399,293,225,168,159,226
20261001,22,11140670,13943,24,113,85,168,591,926,751,610,531,442,521,444,386,723,5,133,91,335,1050,1124,814,650,539,396,537,434,515,1005
20261001,22,11170520,10958,39,90,130,260,546,751,526,410,341,387,320,335,359,815,6,95,156,391,582,617,491,399,336,341,314,381,468,1070
20261001,22,11170625,43519,75,301,595,1822,2775,3232,2425,2028,1676,1526,1536,1176,962,1486,121,240,728,2292,3692,3341,2252,1619,1268,1309,1393,1074,898,1679
20261001,22,11170650,9084,17,14,122,414,665,823,560,412,309,266,222,260,208,409,23,59,149,538,689,581,323,263,198,223,300,263,273,504
20261001,22,11170685,22722,55,220,243,512,1029,1251,1046,1105,1005,870,895,655,614,1160,57,206,248,750,1299,1550,1164,1149,949,935,864,757,691,1446
20261001,22,11200690,21140,39,191,361,753,1413,1573,1048,918,851,758,806,601,534,827,58,205,466,1087,1812,1406,776,655,623,688,718,514,505,957
20261001,22,11215710,40185,32,98,925,4650,4040,2593,1300,923,885,870,969,679,536,1053,52,122,1508,6420,4042,2144,1038,741,712,694,778,554,540,1285
20261001,22,11440660,57326,38,179,1466,3997,5102,4220,2685,2200,1761,1679,1343,941,689,1285,69,247,2768,5645,5658,3880,2230,1558,1489,1461,1201,875,893,1768
20261001,22,11440690,20227,27,202,244,554,977,1249,850,746,732,714,713,593,632,1190,55,204,273,588,1285,1268,851,803,729,800,795,704,768,1683
20261001,22,11440710,15373,31,82,215,381,913,1171,676,523,562,524,494,372,390,800,17,126,220,617,1090,1050,690,575,582,578,597,422,505,1170
20261001,22,11560605,38438,144,740,709,856,1477,2080,2040,1925,1749,1725,1355,1079,986,2005,206,803,671,860,1635,2210,1978,1956,1790,1567,1331,980,1070,2510
20261001,22,11620585,24307,52,192,558,1613,2651,1990,1103,686,628,712,675,538,486,880,65,191,523,1664,2421,1545,879,574,538,566,540,430,493,1118
20261001,22,11680510,25476,12,396,625,661,1251,1300,1071,1187,1176,1049,1004,723,507,1331,97,413,766,957,1542,1386,1014,984,1091,1078,912,595,668,1682
20261001,22,11680545,32999,73,506,746,677,1368,1499,1277,1394,1612,1510,1282,971,823,1715,130,626,667,904,1623,1573,1477,1387,1637,1541,1270,1036,1029,2647
20261001,22,11680640,77190,42,268,1172,2667,5408,6941,5264,4975,4207,3387,2428,1616,1233,1748,85,321,1374,3406,7032,6549,3866,2957,2612,2034,1437,1104,1129,1927
20261001,22,11710580,27591,42,287,401,576,1380,1934,1338,1017,842,900,869,800,829,1443,85,213,523,874,1901,2052,1419,1043,1010,1016,1072,871,1027,1828
20261001,23,11110530,15861,30,159,221,334,722,931,697,736,785,776,666,472,432,751,28,214,239,558,920,847,706,681,712,660,653,481,458,992
20261001,23,11110540,2854,,31,243,172,117,114,90,98,110,108,123,117,83,221,13,38,36,33,91,88,83,111,86,83,80,105,102,280
20261001,23,11110615,33054,8,136,295,1201,2266,2462,2183,1943,1886,1936,1318,1055,940,1269,13,164,385,1850,2182,1720,1291,1128,1058,1012,1013,888,552,898
20261001,23,11140550,14172,12,72,97,330,734,1110,997,1110,993,911,839,488,261,309,10,41,208,667,875,827,613,569,492,396,332,220,196,461
20261001,23,11140605,8867,,76,67,270,629,777,594,583,404,438,364,313,224,227,,94,89,444,724,707,359,408,306,214,137,133,108,176
20261001,23,11140670,14015,24,113,104,172,637,961,715,588,540,439,521,434,361,711,5,143,87,359,1073,1143,824,648,536,382,535,433,515,1011
20261001,23,11170520,10638,39,90,134,261,493,781,474,413,334,393,310,335,379,818,6,95,146,293,540,561,448,392,328,329,302,397,479,1066
20261001,23,11170625,36394,75,280,485,1479,2174,2658,2012,1701,1327,1272,1336,1153,883,1385,115,248,571,1507,2760,2677,1979,1329,1128,1117,1278,965,848,1651
20261001,23,11170650,8567,17,8,118,462,631,793,526,386,274,258,189,220,192,398,22,51,144,494,629,576,297,233,181,179,280,261,264,486
20261001,23,11170685,20213,54,221,225,494,855,1051,959,992,853,741,825,633,595,1117,57,186,218,632,1069,1261,991,1012,796,841,791,695,635,1413
20261001,23,11200690,17281,34,156,293,578,1000,1229,835,765,719,689,714,517,535,807,52,152,337,718,1297,1089,634,538,513,554,642,473,467,946
20261001,23,11215710,38182,32,103,855,4427,3935,2536,1274,865,825,810,845,605,524,1060,47,104,1388,5922,3849,2059,1001,730,657,680,720,526,530,1272
20261001,23,11440660,47841,38,179,1170,3591,4348,3521,2265,1862,1483,1385,1108,846,632,1225,64,244,1885,4420,4495,3148,1812,1268,1255,1210,1043,785,836,1724
20261001,23,11440690,19973,27,207,258,571,915,1201,831,783,715,714,684,591,625,1175,49,204,233,583,1168,1278,894,799,734,793,778,694,778,1691
20261001,23,11440710,15143,31,87,221,362,875,1116,661,532,577,512,493,369,380,808,17,121,198,566,1076,989,714,574,567,575,586,431,512,1191
20261001,23,11560605,36966,149,761,731,797,1353,1915,1891,1898,1705,1694,1348,1022,948,2041,206,804,695,816,1497,1999,1837,1858,1669,1530,1291,954,1053,2504
20261001,23,11620585,23950,46,202,540,1500,2666,1993,1091,669,648,676,638,506,452,889,65,196,468,1646,2446,1584,856,560,543,547,511,415,479,1117
20261001,23,11680510,22546,12,380,545,605,1048,1029,899,988,1059,921,883,681,496,1350,97,396,633,804,1199,1153,863,873,946,1001,830,585,623,1649
20261001,23,11680545,30533,83,508,758,634,1177,1328,1082,1271,1458,1435,1241,937,781,1702,130,594,658,818,1310,1284,1276,1308,1546,1383,1193,980,1021,2637
20261001,23,11680640,63395,42,268,826,1941,4384,5547,4292,4195,3542,2848,2111,1351,1101,1668,85,305,890,2509,5402,5177,3182,2565,2180,1856,1265,1017,1007,1840
20261001,23,11710580,27028,42,302,353,560,1329,1919,1323,992,842,891,823,815,816,1449,85,209,489,771,1779,1997,1381,1060,987,991,1083,871,1028,1841
20261002,00,11110530,11986,18,147,136,194,459,584,476,516,549,536,534,425,404,758,34,191,182,285,563,568,535,539,539,476,533,436,399,966
20261002,00,11110540,2705,6,23,241,153,117,127,76,100,102,99,85,110,80,214,13,46,31,34,64,76,75,90,85,81,85,89,106,300
20261002,00,11110615,21973,7,129,157,695,1408,1550,1423,1353,1297,1398,955,775,787,1089,18,167,205,735,1141,880,775,748,800,803,778,728,409,762
20261002,00,11140550,8747,5,60,48,144,331,669,617,742,649,684,619,446,204,285,10,39,82,227,326,406,378,356,252,271,206,153,155,382
20261002,00,11140605,5545,,75,63,146,297,430,406,313,283,249,267,232,162,208,,89,66,219,346,341,241,267,213,161,113,108,99,148
20261002,00,11140670,13735,24,100,110,177,625,1012,722,534,537,429,481,425,357,698,10,136,91,364,1028,1107,784,607,539,347,556,437,499,998
20261002,00,11170520,10208,46,89,114,203,454,705,449,392,316,400,346,330,369,809,6,99,126,255,484,521,434,354,334,337,299,399,496,1042
20261002,00,11170625,29331,75,262,424,1087,1601,1962,1632,1306,1082,1018,1198,968,812,1309,122,248,359,907,1740,2000,1626,1117,959,1011,1165,918,805,1619
20261002,00,11170650,8301,17,9,111,516,648,762,487,358,260,235,194,213,196,405,23,51,140,414,585,558,270,215,190,165,272,258,268,480
20261002,00,11170685,19024,58,229,215,477,725,964,837,928,821,749,750,642,602,1143,66,176,211,480,861,1099,921,926,725,831,783,710,659,1436
20261002,00,11200690,13873,35,119,191,353,747,955,663,592,560,614,662,488,487,817,54,128,174,407,794,759,545,445,419,478,608,461,431,887
20261002,00,11215710,32731,36,101,596,3536,3551,2251,1171,795,696,697,728,567,526,1035,48,101,841,4416,3537,1880,890,649,557,610,620,519,517,1260
20261002,00,11440660,36130,26,158,742,2654,3021,2701,1643,1448,1123,1113,940,746,594,1175,62,191,1078,2760,2879,2320,1414,1080,1038,1074,938,763,784,1667
20261002,00,11440690,19795,27,181,284,512,926,1194,847,842,743,702,639,602,585,1162,54,202,245,537,1139,1290,857,793,701,810,801,696,744,1683
20261002,00,11440710,14647,31,86,202,335,790,1007,638,533,547,496,477,343,394,818,16,125,211,525,1020,971,699,559,556,561,574,452,505,1178
20261002,00,11560605,34520,143,718,708,686,1142,1619,1661,1750,1589,1560,1395,967,893,1996,215,763,681,716,1295,1754,1677,1773,1591,1524,1242,970,1057,2432
20261002,00,11620585,22458,46,205,457,1273,2443,1862,1014,637,595,588,578,456,446,857,64,179,401,1510,2411,1542,798,549,527,536,483,409,468,1125
20261002,00,11680510,19165,11,363,450,501,773,752,672,782,813,870,764,613,487,1316,84,402,513,619,823,803,706,767,858,867,789,545,583,1638
20261002,00,11680545,27334,76,486,639,472,910,994,901,1045,1354,1320,1203,889,734,1699,133,559,646,594,1019,964,1053,1234,1478,1321,1147,956,952,2554
20261002,00,11680640,48764,36,261,640,1221,3023,4187,3193,3022,2684,2211,1699,1126,937,1596,89,280,563,1429,3678,3825,2562,2203,1790,1608,1171,956,955,1819
20261002,00,11710580,26191,36,286,304,457,1299,1837,1326,997,817,864,799,817,805,1470,74,203,447,648,1704,1916,1353,1046,971,930,1066,864,1043,1814
20261002,01,11110530,12269,20,157,141,221,458,602,480,502,555,533,565,458,411,802,42,202,196,297,537,556,523,544,534,498,551,459,416,1010
20261002,01,11110540,2701,6,23,240,153,113,120,76,94,104,99,88,110,77,214,13,46,35,34,64,76,76,89,88,83,85,89,106,300
20261002,01,11110615,20611,7,129,148,648,1316,1452,1321,1245,1209,1289,874,732,749,1081,18,167,186,621,1029,786,760,707,768,793,755,705,389,729
20261002,01,11140550,8205,5,60,58,110,288,604,564,667,625,654,612,423,202,286,10,39,80,191,290,372,344,339,227,256,208,150,154,389
20261002,01,11140605,5001,,80,48,119,233,371,355,280,265,245,252,195,165,201,,85,62,171,269,315,226,261,206,151,109,104,85,147
20261002,01,11140670,13754,24,100,102,165,614,1015,742,529,543,435,483,444,358,705,16,136,91,357,1037,1110,785,611,520,333,556,438,507,996
20261002,01,11170520,10188,46,89,118,212,459,696,445,393,322,400,334,328,391,812,6,99,127,247,449,531,431,347,333,354,292,395,491,1044
20261002,01,11170625,28276,75,262,418,1041,1464,1846,1563,1227,1048,975,1180,959,804,1301,127,244,352,825,1622,1906,1569,1087,940,976,1143,911,808,1603
20261002,01,11170650,8265,17,9,98,499,686,737,495,326,260,221,199,213,195,414,23,51,143,402,578,552,281,222,191,169,275,259,268,483
20261002,01,11170685,18687,58,228,216,478,711,949,823,893,784,749,760,613,598,1141,66,182,215,459,793,1072,927,891,716,798,775,704,657,1428
20261002,01,11200690,13541,34,124,180,354,681,900,662,584,551,598,639,498,463,824,54,124,174,404,753,717,522,435,390,480,600,448,448,899
20261002,01,11215710,31626,41,111,552,3273,3441,2166,1102,784,657,711,715,565,511,1031,48,101,785,4152,3469,1835,898,653,562,588,607,513,508,1248
20261002,01,11440660,34379,26,163,740,2552,2837,2519,1537,1345,1059,1089,911,710,605,1150,62,196,968,2543,2667,2175,1375,1046,969,1030,918,757,765,1666
20261002,01,11440690,19728,27,176,292,500,908,1184,832,848,716,710,644,617,597,1158,54,207,253,529,1125,1268,861,772,713,791,806,710,740,1691
20261002,01,11440710,14617,31,86,206,330,780,989,650,524,551,508,472,347,390,793,16,119,220,507,1039,961,699,552,567,564,576,464,505,1170
20261002,01,11560605,34150,143,702,710,649,1084,1572,1647,1687,1595,1569,1380,982,881,1996,215,774,687,697,1262,1711,1670,1769,1570,1502,1243,985,1057,2413
20261002,01,11620585,22140,46,205,453,1230,2450,1804,977,618,582,567,567,450,441,848,64,179,404,1471,2377,1527,789,547,523,540,484,409,467,1120
20261002,01,11680510,18490,11,363,442,497,699,723,613,714,776,807,748,603,480,1323,84,397,495,573,761,744,671,751,814,869,777,543,581,1633
20261002,01,11680545,26583,75,486,627,438,848,909,866,978,1291,1300,1182,877,726,1686,133,564,653,571,938,904,1004,1198,1423,1324,1155,956,934,2538
20261002,01,11680640,46739,36,261,620,1168,2891,4012,3008,2766,2465,2077,1640,1120,941,1582,89,280,561,1368,3491,3592,2486,2134,1755,1567,1179,937,925,1788
20261002,01,11710580,26111,36,290,315,443,1289,1860,1350,999,832,857,782,809,803,1481,74,203,443,637,1699,1918,1337,1049,961,907,1049,860,1030,1800
20261002,02,11110530,11909,20,157,149,208,431,549,465,467,531,504,555,461,405,791,37,208,203,272,517,543,498,540,533,491,544,442,401,986
20261002,02,11110540,2680,6,23,240,148,113,107,78,94,102,89,97,114,77,212,13,46,35,35,64,76,76,89,88,79,88,89,106,296
20261002,02,11110615,19109,7,129,137,541,1160,1263,1182,1141,1151,1246,810,696,717,1059,18,167,146,539,878,694,722,682,746,763,730,690,372,722
20261002,02,11140550,7809,5,65,43,103,248,560,518,625,628,627,602,424,207,281,10,39,74,161,242,370,319,316,210,238,193,146,156,399
20261002,02,11140605,4638,,79,52,103,191,318,334,255,249,232,228,197,169,210,,85,60,142,246,271,214,218,214,134,100,103,83,147
20261002,02,11140670,13955,24,100,111,181,634,1011,760,562,560,440,493,443,359,707,16,142,90,366,1039,1132,784,626,534,339,568,430,507,998
20261002,02,11170520,10175,45,89,124,223,453,686,443,392,329,397,340,328,386,816,6,99,127,242,440,523,424,354,333,358,292,394,491,1044
20261002,02,11170625,27647,75,266,406,997,1330,1760,1517,1207,1033,978,1166,954,823,1306,127,245,353,767,1527,1864,1531,1080,927,974,1136,913,793,1592
20261002,02,11170650,7982,17,9,98,483,611,676,464,314,251,233,197,218,195,413,23,46,140,390,561,512,266,229,198,162,271,259,268,478
20261002,02,11170685,17820,57,228,201,434,654,852,760,833,767,712,740,603,586,1133,66,181,191,378,685,964,901,862,719,795,759,698,647,1413
20261002,02,11200690,13135,34,129,171,318,662,813,622,560,520,577,628,475,458,827,56,124,165,392,728,701,506,427,394,471,600,450,433,895
20261002,02,11215710,30467,41,116,522,3013,3243,2155,1089,734,644,691,704,569,489,1013,47,101,700,3874,3401,1811,871,662,556,572,609,492,505,1241
20261002,02,11440660,33060,26,167,724,2391,2760,2336,1434,1252,1036,1012,892,694,584,1147,62,201,916,2402,2518,2135,1319,1028,946,1011,909,771,725,1663
20261002,02,11440690,19630,27,176,284,487,924,1175,821,831,712,725,640,618,592,1137,59,207,253,529,1115,1243,859,771,711,781,806,707,744,1695
20261002,02,11440710,14567,31,86,189,327,773,964,645,531,545,513,466,350,390,787,10,119,220,520,1047,957,705,569,570,546,565,463,521,1157
20261002,02,11560605,33991,138,698,716,632,1049,1555,1627,1694,1602,1604,1372,970,884,2005,215,769,673,680,1245,1678,1655,1732,1585,1502,1252,968,1062,2431
20261002,02,11620585,21963,46,205,459,1167,2408,1804,980,624,567,572,565,443,442,852,70,184,403,1466,2362,1519,799,535,510,545,472,404,461,1101
20261002,02,11680510,18143,11,371,466,489,665,667,573,690,724,783,759,605,485,1304,84,394,494,561,713,689,641,741,823,873,778,549,575,1634
20261002,02,11680545,26108,75,484,612,440,781,804,822,940,1258,1287,1170,878,731,1697,133,569,663,538,876,852,964,1185,1423,1334,1163,941,933,2553
20261002,02,11680640,45106,36,261,606,1130,2760,3886,2953,2558,2320,1967,1577,1098,928,1567,84,280,556,1351,3295,3430,2385,2066,1725,1526,1148,913,925,1775
20261002,02,11710580,26082,36,290,301,452,1281,1845,1357,984,835,850,771,802,795,1471,74,207,446,633,1713,1931,1329,1043,969,921,1040,870,1020,1817
20261002,03,11110530,11700,20,157,152,185,422,519,451,455,513,490,559,459,405,762,37,198,200,258,507,535,485,539,527,486,539,434,412,992
20261002,03,11110540,2670,6,23,240,148,113,104,78,91,100,89,95,114,77,207,13,46,35,35,66,74,76,89,88,79,88,94,107,296
20261002,03,11110615,18220,7,129,125,481,1047,1135,1121,1061,1149,1213,778,654,707,1070,18,167,134,484,798,631,703,645,725,754,716,679,361,727
20261002,03,11140550,7680,5,60,46,102,219,539,500,616,618,625,612,424,209,264,10,44,67,140,211,344,317,316,219,242,193,154,169,416
20261002,03,11140605,4503,,79,40,92,167,302,326,244,241,242,231,193,162,219,,89,52,136,232,265,208,218,202,122,93,103,85,158
20261002,03,11140670,14078,24,100,125,178,656,1019,771,566,551,441,511,455,369,702,16,147,89,370,1056,1129,784,635,535,339,566,444,497,1007
20261002,03,11170520,10121,45,89,128,228,438,678,437,385,330,386,336,324,385,808,6,99,127,240,445,538,422,356,323,357,292,398,488,1030
20261002,03,11170625,27212,75,261,405,971,1263,1721,1498,1183,977,973,1151,953,825,1305,132,249,322,714,1479,1847,1508,1076,913,965,1136,930,782,1596
20261002,03,11170650,7520,17,9,87,469,585,600,430,291,230,231,188,216,192,397,23,46,113,342,488,470,258,216,186,162,274,259,271,473
20261002,03,11170685,17376,57,226,198,389,582,771,741,822,785,706,742,602,573,1126,65,180,171,359,631,892,881,875,715,791,743,691,650,1413
20261002,03,11200690,12970,39,126,169,326,629,803,592,550,520,560,658,491,456,821,50,124,166,380,698,682,496,418,403,468,584,437,435,886
20261002,03,11215710,29453,41,113,476,2641,3168,2098,1082,719,645,699,682,568,481,1007,47,98,620,3639,3362,1792,866,658,565,551,612,489,504,1230
20261002,03,11440660,31710,26,163,655,2152,2528,2238,1354,1196,982,971,881,699,588,1129,62,206,838,2185,2439,2070,1318,1054,936,997,891,761,724,1666
20261002,03,11440690,19492,27,181,276,482,891,1172,818,814,695,735,621,614,591,1152,59,207,263,529,1090,1228,855,774,718,765,805,698,744,1686
20261002,03,11440710,14474,31,81,185,304,785,949,621,519,552,522,470,355,390,783,10,119,207,516,1056,956,703,559,565,543,563,459,517,1155
20261002,03,11560605,33885,138,698,719,653,1006,1537,1623,1696,1600,1566,1372,951,894,2010,216,769,670,653,1241,1661,1644,1738,1588,1501,1257,980,1071,2432
20261002,03,11620585,21862,46,205,446,1164,2427,1791,960,614,563,569,562,446,433,849,70,184,406,1453,2355,1507,809,538,499,537,478,397,464,1092
20261002,03,11680510,17716,11,373,461,465,633,605,549,658,715,765,744,597,481,1294,84,394,491,546,662,657,618,720,820,863,775,542,578,1617
20261002,03,11680545,25788,70,484,607,420,754,779,808,944,1226,1258,1153,874,721,1688,133,574,663,513,879,820,940,1171,1416,1311,1166,941,934,2540
20261002,03,11680640,43952,31,261,595,1013,2655,3795,2860,2478,2221,1895,1538,1106,911,1557,79,280,536,1272,3164,3348,2349,2044,1695,1531,1135,908,922,1773
20261002,03,11710580,26110,36,290,310,451,1271,1843,1356,984,831,854,764,813,796,1458,74,207,446,629,1737,1941,1325,1053,969,914,1055,877,1017,1808
20261002,04,11110530,11635,20,162,148,188,417,510,442,461,499,499,549,446,389,765,37,198,200,257,496,521,491,535,531,480,523,447,433,990
20261002,04,11110540,2677,6,23,237,150,113,110,78,91,98,91,99,110,77,207,13,46,35,35,66,74,76,90,90,82,88,94,107,292
20261002,04,11110615,18060,7,129,127,499,979,1068,1065,1025,1147,1191,784,678,711,1104,18,167,123,459,772,605,702,627,733,748,740,716,390,746
20261002,04,11140550,7733,10,60,45,89,218,531,507,618,633,620,624,413,211,256,10,44,67,118,203,338,314,321,228,238,213,168,211,426
20261002,04,11140605,4475,,83,35,78,162,284,325,236,237,241,254,200,191,232,,85,52,119,220,256,204,222,187,123,90,104,92,161
20261002,04,11140670,14135,24,100,125,178,652,1039,771,565,553,448,515,454,366,711,10,147,89,367,1057,1142,790,630,538,348,566,448,497,1005
20261002,04,11170520,10129,45,89,133,236,449,676,440,380,334,386,334,328,382,812,6,99,133,244,447,545,411,353,323,358,296,395,480,1015
20261002,04,11170625,27030,75,265,388,935,1247,1707,1497,1180,972,981,1147,947,822,1312,127,238,315,704,1453,1815,1494,1068,880,972,1150,933,789,1618
20261002,04,11170650,7025,17,9,83,361,512,540,396,272,227,218,189,231,207,397,23,46,109,281,423,415,243,197,186,165,274,263,271,472
20261002,04,11170685,17595,59,233,202,398,571,781,731,835,763,718,778,616,575,1156,67,185,173,370,620,858,884,887,732,806,766,706,662,1467
20261002,04,11200690,12906,39,126,173,325,615,785,600,544,508,546,648,471,456,821,50,129,167,397,699,679,491,415,397,469,590,451,441,874
20261002,04,11215710,28819,41,113,468,2414,3122,2064,1067,700,644,689,677,575,479,1017,47,96,562,3462,3328,1802,855,650,566,530,616,488,519,1229
20261002,04,11440660,30672,26,163,590,1937,2332,2143,1294,1193,986,982,861,703,574,1143,62,206,774,1999,2327,2039,1280,1047,937,1000,889,767,731,1688
20261002,04,11440690,19505,27,176,266,492,879,1188,827,809,703,732,617,618,591,1145,59,206,272,529,1094,1227,862,775,717,762,812,695,751,1675
20261002,04,11440710,14383,31,81,189,292,790,912,629,521,548,522,463,354,390,790,10,114,212,518,1042,944,705,559,558,547,563,449,505,1143
20261002,04,11560605,34055,138,704,729,635,1023,1539,1641,1709,1599,1592,1373,962,908,2005,215,763,682,641,1239,1657,1651,1744,1587,1509,1270,976,1095,2469
20261002,04,11620585,21695,45,203,432,1129,2425,1776,937,614,565,570,549,459,447,864,69,182,402,1438,2332,1487,817,530,491,537,451,388,478,1077
20261002,04,11680510,17675,11,373,459,470,607,592,520,648,717,770,730,610,497,1288,84,394,499,540,656,651,604,716,837,858,774,549,580,1640
20261002,04,11680545,25536,70,483,603,409,731,718,799,920,1220,1228,1143,885,716,1694,133,574,668,495,839,814,937,1155,1402,1319,1172,950,934,2526
20261002,04,11680640,43406,31,256,596,946,2578,3713,2792,2435,2181,1848,1547,1091,917,1544,79,280,522,1218,3106,3331,2324,2039,1692,1527,1140,947,930,1799
20261002,04,11710580,26133,36,290,306,444,1259,1867,1362,973,828,857,780,811,786,1457,74,207,446,636,1730,1943,1331,1063,973,921,1060,882,1007,1802
20261002,05,11110530,11696,18,147,137,175,399,525,413,463,481,520,564,442,401,757,34,187,190,258,474,521,485,528,526,458,547,509,503,1033
20261002,05,11110540,2744,6,23,242,150,119,108,76,89,102,89,101,127,82,210,13,46,35,34,66,75,76,90,93,82,96,101,118,295
20261002,05,11110615,19077,7,129,118,462,913,1018,1074,1051,1147,1271,867,759,815,1201,18,167,125,417,781,613,719,650,727,783,819,923,572,928
20261002,05,11140550,8790,10,58,41,124,239,533,556,635,675,634,662,482,273,332,10,44,71,125,221,339,317,326,262,280,263,343,365,569
20261002,05,11140605,4757,,81,35,76,162,278,342,241,259,280,283,245,215,275,,85,55,115,213,250,208,224,188,123,90,121,103,207
20261002,05,11140670,14305,24,95,120,178,661,1052,784,573,555,459,522,465,371,721,10,149,89,361,1066,1185,810,643,538,353,572,444,487,1017
20261002,05,11170520,10327,47,92,138,240,469,696,453,378,342,390,349,334,377,836,6,97,141,246,452,560,427,357,334,375,297,387,485,1025
20261002,05,11170625,27599,75,265,378,933,1257,1664,1505,1232,1029,1009,1176,1027,864,1397,127,229,298,719,1468,1830,1490,1075,880,1008,1163,1008,843,1651
20261002,05,11170650,6690,17,9,76,293,435,491,380,265,229,231,200,261,223,395,23,46,87,217,375,382,249,188,174,163,269,263,275,474
20261002,05,11170685,17465,57,227,196,372,534,755,735,847,789,719,783,596,569,1124,65,180,169,391,605,846,875,870,716,816,758,707,691,1476
20261002,05,11200690,13301,39,122,173,322,643,794,580,580,502,572,662,534,504,821,50,129,177,392,715,676,512,429,410,483,612,478,477,913
20261002,05,11215710,28431,41,118,415,2244,3043,2053,1068,698,667,688,679,601,502,1029,47,96,536,3373,3313,1789,863,635,571,530,628,479,521,1204
20261002,05,11440660,30138,26,163,550,1663,2173,2046,1286,1213,1004,993,863,746,634,1181,62,212,692,1821,2270,2005,1284,1063,935,1017,917,818,758,1744
20261002,05,11440690,19327,27,181,261,477,883,1193,822,806,702,704,616,597,568,1152,59,206,280,529,1090,1211,852,762,714,770,793,656,754,1663
20261002,05,11440710,14221,31,81,189,288,787,900,629,511,544,508,462,357,373,758,10,109,215,522,1040,932,700,556,543,543,558,443,490,1144
20261002,05,11560605,34175,137,701,717,634,1024,1514,1650,1697,1590,1567,1389,966,907,2007,215,757,686,645,1236,1668,1656,1750,1619,1528,1299,994,1106,2517
20261002,05,11620585,22251,45,203,434,1133,2430,1780,941,615,577,586,590,497,496,950,69,182,397,1444,2322,1504,823,533,488,537,479,440,571,1184
20261002,05,11680510,17865,11,373,466,448,583,589,514,650,711,786,754,627,528,1326,84,394,526,524,657,635,613,717,821,881,762,564,617,1705
20261002,05,11680545,25814,70,478,607,419,697,691,790,914,1199,1202,1147,894,759,1743,133,574,684,507,864,807,934,1153,1402,1356,1203,977,991,2619
20261002,05,11680640,43573,31,256,572,884,2509,3690,2791,2414,2161,1844,1552,1117,968,1587,79,280,508,1203,3059,3318,2313,2034,1682,1530,1197,1035,1031,1927
20261002,05,11710580,26085,41,290,310,444,1259,1865,1337,972,829,860,784,803,792,1446,74,203,442,626,1732,1943,1309,1065,966,930,1058,878,1014,1815
20261002,06,11110530,13833,18,142,138,206,447,607,508,551,577,657,694,614,508,885,34,189,192,306,610,633,538,538,619,520,682,684,588,1148
20261002,06,11110540,2947,6,23,243,151,133,120,76,101,114,116,117,129,94,220,13,46,35,36,69,86,90,99,96,90,110,116,133,284
20261002,06,11110615,22098,7,130,128,451,958,1060,1177,1263,1333,1586,1181,1059,1017,1396,19,169,130,480,904,710,778,679,831,852,961,1092,664,1086
20261002,06,11140550,12234,10,52,47,155,355,759,721,876,912,1002,976,656,406,507,10,39,83,171,329,444,448,416,386,411,404,450,509,696
20261002,06,11140605,5996,,83,35,82,166,309,375,273,309,420,407,400,377,442,,86,60,114,227,250,214,232,202,158,152,175,161,286
20261002,06,11140670,14698,26,100,122,198,713,1057,799,613,553,451,530,501,405,762,12,156,100,364,1078,1222,846,651,536,360,577,452,489,1025
20261002,06,11170520,10482,47,93,160,242,468,718,483,388,359,403,367,352,385,809,6,103,147,248,441,574,421,352,345,375,294,400,479,1023
20261002,06,11170625,30001,75,287,386,972,1348,1770,1614,1382,1291,1262,1353,1203,999,1545,123,226,295,721,1564,1904,1543,1129,946,1031,1244,1079,927,1780
20261002,06,11170650,7033,17,9,70,218,377,487,419,331,283,346,319,335,233,408,23,41,81,175,329,377,263,194,178,163,295,274,295,494
20261002,06,11170685,18287,60,220,187,326,581,778,760,887,874,835,888,717,636,1187,63,166,143,406,695,855,900,867,744,838,800,723,711,1441
20261002,06,11200690,15257,45,118,173,344,711,873,644,678,593,809,798,769,654,899,51,133,185,411,785,756,556,476,458,549,660,573,530,1027
20261002,06,11215710,28704,37,106,364,2144,3040,2069,1065,674,724,735,723,618,563,1058,47,96,532,3325,3372,1808,877,659,616,561,641,535,525,1190
20261002,06,11440660,30584,26,169,438,1444,2105,2066,1309,1256,1085,1056,989,840,705,1226,68,203,639,1712,2255,2050,1334,1095,994,1043,948,842,825,1861
20261002,06,11440690,19296,27,188,258,467,874,1199,825,809,680,720,629,592,583,1144,49,198,280,519,1105,1210,857,768,712,778,791,649,729,1657
20261002,06,11440710,14239,31,82,219,297,793,923,619,513,541,510,462,345,384,790,10,110,216,515,1048,900,713,559,542,522,540,433,489,1134
20261002,06,11560605,35738,139,697,753,669,1033,1559,1769,1745,1716,1645,1469,1046,1069,2105,211,764,707,632,1262,1705,1725,1748,1701,1592,1357,1077,1215,2626
20261002,06,11620585,22297,45,205,445,1145,2454,1800,946,632,601,607,607,505,486,912,70,183,401,1463,2354,1482,841,536,513,547,493,399,486,1140
20261002,06,11680510,18577,11,381,490,472,587,632,521,680,751,801,813,641,562,1388,85,392,552,524,693,673,633,734,841,890,786,594,658,1790
20261002,06,11680545,26732,71,483,592,398,729,719,808,949,1248,1217,1205,982,842,1892,134,569,682,512,893,852,965,1178,1399,1366,1240,1026,1060,2724
20261002,06,11680640,47301,31,258,575,918,2622,3887,2933,2480,2373,2163,1805,1368,1241,1900,79,283,527,1250,3223,3370,2427,2114,1778,1596,1294,1257,1286,2264
20261002,06,11710580,26185,42,293,338,461,1272,1859,1337,996,834,864,765,810,773,1450,74,199,440,630,1700,1983,1297,1073,982,935,1063,867,1049,1799
20261002,07,11110530,18256,18,138,133,243,656,919,742,867,895,1111,1083,748,665,956,40,201,182,348,871,867,798,796,857,709,799,745,689,1180
20261002,07,11110540,3425,5,31,441,147,169,137,96,100,123,165,135,149,105,232,12,61,43,37,75,100,100,124,110,92,115,129,124,266
20261002,07,11110615,31836,7,137,143,486,1318,1543,1761,2044,2359,2615,2013,1527,1444,1817,19,179,319,674,1235,1103,1111,978,1170,1197,1242,1251,841,1307
20261002,07,11140550,22756,11,49,71,247,764,1408,1413,1933,2022,2129,1934,979,694,649,11,45,138,346,813,935,839,868,908,785,624,628,678,836
20261002,07,11140605,8250,,82,36,89,182,366,427,401,487,640,712,673,579,672,,90,59,117,255,276,261,261,234,211,256,250,256,377
20261002,07,11140670,14716,26,100,120,196,713,1038,761,607,550,468,544,530,429,769,12,148,96,362,1040,1185,846,657,533,362,567,481,495,1082
20261002,07,11170520,11007,48,113,259,240,476,739,506,403,372,461,413,343,395,789,6,115,183,266,479,616,424,362,367,400,316,383,477,1056
20261002,07,11170625,35851,77,284,350,1134,1581,2068,1884,1904,1802,1758,1793,1460,1172,1786,131,205,282,878,1774,2196,1765,1417,1145,1240,1462,1211,1109,1984
20261002,07,11170650,7216,17,,58,159,329,489,445,351,325,389,427,367,263,426,23,47,55,153,331,381,261,193,188,152,315,288,296,484
20261002,07,11170685,20821,81,240,225,327,687,939,923,989,1000,1003,1120,918,745,1188,67,195,167,449,827,1017,997,958,810,990,912,751,770,1526
20261002,07,11200690,18909,51,118,192,373,810,1111,889,908,872,1193,1181,1041,859,1092,52,121,172,475,931,914,666,576,567,664,817,611,585,1071
20261002,07,11215710,29456,37,120,357,2082,2989,2109,1054,703,859,788,778,644,596,1111,47,108,552,3313,3380,1873,893,685,672,604,699,560,574,1271
20261002,07,11440660,32250,26,171,483,1266,2061,2205,1469,1446,1223,1210,1114,922,744,1278,68,215,632,1695,2327,2154,1446,1178,1072,1139,1014,919,879,1894
20261002,07,11440690,18935,27,179,221,462,849,1210,795,792,646,707,599,607,536,1152,44,189,244,512,1096,1192,876,753,729,762,751,644,695,1663
20261002,07,11440710,14257,32,81,311,299,787,893,602,518,549,511,463,338,413,790,11,106,249,520,1027,889,706,543,540,490,537,433,491,1128
20261002,07,11560605,38212,140,733,658,692,1187,1706,1877,1849,1814,1762,1733,1336,1211,2267,219,775,653,659,1364,1776,1804,1837,1782,1698,1424,1145,1318,2792
20261002,07,11620585,22969,52,188,446,1173,2445,1768,980,669,651,666,636,569,573,934,71,187,430,1502,2352,1499,840,591,539,575,498,422,508,1206
20261002,07,11680510,20064,11,376,566,462,642,683,564,793,853,911,913,749,583,1459,86,390,799,519,714,724,706,780,865,877,831,645,714,1851
20261002,07,11680545,28411,71,481,575,417,792,881,910,1057,1352,1312,1268,1034,907,1942,135,552,655,563,1050,980,1123,1255,1419,1381,1327,1065,1111,2798
20261002,07,11680640,57573,26,260,679,1035,3030,4579,3683,3359,3344,3008,2585,1808,1526,2147,85,274,607,1432,3766,4062,2979,2525,2116,1876,1499,1469,1429,2384
20261002,07,11710580,25951,42,248,346,451,1261,1844,1302,993,830,858,764,768,787,1397,75,196,519,656,1670,1993,1267,1058,977,944,1033,860,1003,1811
20261002,08,11110530,29013,13,95,99,293,1022,1696,1513,1682,1802,1996,1707,916,792,1053,34,209,133,567,1654,1865,1445,1437,1660,1274,1069,899,774,1314
20261002,08,11110540,4507,6,135,559,156,211,197,143,140,189,208,169,156,97,229,12,190,52,42,118,143,158,175,159,129,165,125,149,294
20261002,08,11110615,59770,18,172,147,632,2248,3382,3590,4165,4914,5189,3873,2434,2152,2602,25,211,646,1143,2984,2924,2633,2342,2487,2326,2047,1594,1210,1682
20261002,08,11140550,49601,48,81,133,377,2136,3660,3748,4271,4189,3855,3072,1287,904,947,33,79,275,918,2783,3029,2489,2701,2555,1911,1397,908,835,979
20261002,08,11140605,14490,,96,36,106,377,596,721,773,917,1159,1307,1048,959,1107,,127,49,159,482,532,494,457,520,608,625,415,363,454
20261002,08,11140670,13772,13,53,117,173,590,876,665,574,559,431,535,564,470,810,12,85,70,331,903,1047,760,619,470,373,556,485,494,1136
20261002,08,11170520,11552,43,183,471,254,461,741,534,367,392,429,401,339,387,761,12,243,390,242,485,571,444,369,407,465,335,367,444,1015
20261002,08,11170625,47273,60,276,335,1277,2156,2752,2822,2864,2691,2628,2446,1686,1304,1887,124,259,270,1085,2594,3091,2488,1991,1662,1737,1890,1499,1292,2106
20261002,08,11170650,7651,12,,53,151,328,506,482,349,387,420,447,387,316,466,23,31,23,150,386,395,306,220,209,197,328,287,282,505
20261002,08,11170685,25927,73,236,238,396,883,1214,1261,1175,1263,1347,1357,1102,880,1429,77,187,186,527,1165,1310,1333,1223,1123,1301,1151,884,877,1730
20261002,08,11200690,29650,51,94,134,470,1364,2039,1509,1607,1606,2071,1784,1491,1067,1232,58,117,160,690,1676,1883,1253,1007,1091,1155,1353,812,734,1142
20261002,08,11215710,31513,27,186,540,2126,2906,2133,1081,787,1011,924,949,738,627,1132,38,130,706,3297,3354,2002,929,788,859,819,861,619,638,1307
20261002,08,11440660,39262,59,131,502,1245,2337,2791,1911,1972,1687,1614,1390,1123,859,1402,70,241,675,1847,3027,2863,1861,1500,1427,1410,1179,1058,1035,2048
20261002,08,11440690,18028,17,132,165,464,823,1172,791,705,625,667,576,580,512,1107,40,138,200,510,1058,1113,860,759,692,706,680,603,666,1664
20261002,08,11440710,14142,32,124,354,308,791,828,612,484,572,501,448,313,413,786,11,69,367,523,1023,871,706,534,521,433,528,421,470,1100
20261002,08,11560605,47853,152,821,554,772,1758,2283,2385,2436,2443,2325,2369,1819,1519,2616,228,814,507,853,2059,2551,2298,2300,2249,2109,1737,1377,1492,3027
20261002,08,11620585,23580,58,202,402,1177,2383,1815,1002,689,731,767,667,614,624,922,105,242,451,1481,2157,1492,870,684,582,640,585,460,565,1210
20261002,08,11680510,24291,11,376,688,533,839,931,808,1058,1050,1044,1083,884,724,1559,82,379,1142,600,1044,1104,971,970,1040,934,979,756,802,1901
20261002,08,11680545,33866,79,490,535,494,1048,1315,1313,1373,1600,1438,1361,1126,1026,1981,148,579,619,832,1749,1630,1535,1467,1655,1548,1499,1229,1244,2954
20261002,08,11680640,88329,27,222,898,1417,4755,7277,6098,5610,5643,5074,4011,2438,1951,2428,87,210,885,2289,6847,7066,5133,3956,3398,2663,1995,1681,1641,2629
20261002,08,11710580,25507,32,215,318,443,1185,1625,1237,1047,794,849,730,726,770,1434,71,155,1018,634,1541,1830,1215,1022,928,920,1018,865,1023,1861
20261002,09,11110530,43846,14,111,109,416,1817,2933,2421,2500,2662,2797,2364,1111,969,1131,23,227,162,845,3081,3576,2657,2548,2545,1929,1429,1122,922,1426
20261002,09,11110540,6080,6,210,612,163,269,258,225,230,236,257,245,216,142,271,12,346,83,73,235,279,225,230,204,232,208,142,161,310
20261002,09,11110615,100163,13,291,256,1069,4136,6152,6010,6577,7294,7575,5765,3465,2985,3770,26,380,753,2048,6111,6318,4999,4591,4638,4271,3555,2559,2103,2451
20261002,09,11140550,79462,49,109,189,647,3594,6313,5775,6133,5792,5153,4112,1580,1157,1356,34,121,579,1775,5759,5883,4617,4756,4275,3261,2369,1512,1210,1352
20261002,09,11140605,21909,7,126,35,151,599,930,1023,1212,1373,1560,1806,1548,1307,1528,,119,46,205,725,870,840,805,957,1192,1051,706,548,642
20261002,09,11140670,12816,8,43,104,195,490,642,543,536,489,457,576,577,531,871,7,48,64,289,736,855,630,532,418,342,581,495,501,1258
20261002,09,11170520,11042,43,188,524,243,426,654,512,341,422,442,369,316,356,726,23,269,390,249,410,520,416,340,414,418,305,328,423,976
20261002,09,11170625,62361,56,279,348,1488,3042,4114,3872,4007,3714,3391,2849,1936,1563,2135,148,316,355,1604,3909,4551,3436,2707,2230,2405,2351,1733,1530,2293
20261002,09,11170650,8722,13,4,62,177,402,573,538,387,462,451,503,403,337,477,6,26,20,164,489,489,373,259,255,265,398,349,279,559
20261002,09,11170685,30186,73,199,238,411,1091,1546,1472,1333,1364,1439,1440,1172,957,1504,78,178,190,642,1721,1960,1753,1461,1383,1454,1314,940,981,1891
20261002,09,11200690,43748,35,91,163,646,2391,3378,2514,2378,2213,2674,2275,1699,1363,1295,55,156,199,1313,3470,3452,2157,1682,1718,1769,1669,998,805,1189
20261002,09,11215710,33996,22,185,602,2509,2996,2081,1187,881,1058,1093,1124,835,716,1190,38,119,809,3580,3119,2074,1085,925,1028,952,980,659,744,1407
20261002,09,11440660,53629,49,163,526,1435,3155,3809,2677,2735,2153,2114,1630,1351,1027,1594,82,261,797,2633,5229,4788,2901,2157,2032,1969,1564,1326,1223,2250
20261002,09,11440690,17487,17,113,157,429,798,1083,766,684,628,633,593,567,551,1112,30,146,220,499,956,1031,779,719,636,690,643,595,715,1698
20261002,09,11440710,13745,27,126,347,292,735,861,611,445,569,520,443,316,402,757,5,59,366,517,1044,842,669,527,470,416,471,415,433,1060
20261002,09,11560605,58240,147,846,558,830,2281,2981,2956,2963,2829,2939,2715,2086,1839,2837,226,882,517,1152,3071,3609,2957,2824,2879,2589,2223,1711,1644,3151
20261002,09,11620585,23324,76,221,377,1118,2145,1742,1075,781,763,795,710,648,615,943,112,276,412,1330,1852,1355,846,772,676,726,595,509,604,1247
20261002,09,11680510,32165,11,404,698,615,1162,1428,1129,1389,1416,1144,1336,1010,783,1631,83,396,1154,1089,2260,2080,1715,1483,1453,1224,1246,920,922,1982
20261002,09,11680545,43929,75,481,587,635,1448,2047,1808,1864,1922,1576,1539,1151,1066,2040,140,571,694,1424,3319,3067,2458,2094,2222,1929,1700,1404,1421,3246
20261002,09,11680640,133155,34,230,984,2224,7710,11059,9439,8490,8176,6958,5101,3140,2372,2804,94,230,1040,4262,12601,12559,8294,6126,5262,4022,2682,2186,2033,3043
20261002,09,11710580,25001,38,216,310,413,1092,1454,1185,1069,799,842,826,755,770,1543,72,156,1020,624,1296,1614,1121,937,932,1008,1035,912,1070,1892
20261002,10,11110530,50205,18,160,133,459,2077,3354,2858,2861,2799,3047,2606,1219,1092,1279,29,283,247,1022,3529,3988,3014,2994,2982,2185,1812,1367,1162,1630
20261002,10,11110540,7208,23,209,715,181,288,317,250,260,260,304,280,233,163,278,24,366,78,99,309,334,284,298,322,326,267,186,220,335
20261002,10,11110615,118183,15,346,298,1449,4836,7080,6602,7241,7988,8290,6676,4225,3823,5423,31,417,535,2527,6965,7433,5918,5515,5383,5145,4553,3335,2926,3208
20261002,10,11140550,92543,66,259,312,846,4240,7078,6459,6659,6212,5718,4457,1907,1459,1680,40,309,768,2387,6871,6854,5456,5571,4907,3837,2916,1882,1576,1816
20261002,10,11140605,25849,,75,35,194,704,1114,1240,1369,1542,1805,2081,1765,1570,1974,,78,52,239,844,1078,914,972,1109,1389,1213,892,726,875
20261002,10,11140670,12467,8,44,110,160,443,590,534,496,519,459,579,586,527,946,7,43,61,272,643,755,619,497,395,372,547,503,475,1278
20261002,10,11170520,10278,37,182,343,235,406,595,504,351,417,431,355,302,327,670,23,272,373,190,385,490,372,340,410,364,275,295,404,930
20261002,10,11170625,72305,69,296,372,1689,3686,4779,4343,4555,4227,3968,3230,2167,1749,2498,174,333,442,1966,4780,5247,3848,3251,2717,2962,2729,1975,1779,2477
20261002,10,11170650,9841,13,4,79,191,437,641,601,423,528,535,532,427,372,531,6,26,28,198,624,549,429,349,326,292,455,373,308,564
20261002,10,11170685,33968,75,197,256,510,1343,1895,1675,1501,1483,1675,1514,1193,970,1545,79,170,202,810,2218,2353,2067,1666,1494,1531,1373,1109,1045,2019
20261002,10,11200690,51572,36,101,213,833,3178,4104,3045,2705,2503,2870,2331,1796,1388,1435,50,174,320,1848,4573,4363,2680,2073,1942,1908,1784,1141,906,1271
20261002,10,11215710,35707,22,183,598,2817,3001,2096,1235,986,1136,1217,1186,869,778,1270,39,102,836,3820,2984,2076,1167,1028,1114,1044,1044,720,825,1516
20261002,10,11440660,65153,55,182,712,1659,3740,4632,3423,3343,2685,2527,1911,1507,1189,1738,83,320,1083,3514,6805,5967,3525,2682,2426,2324,1820,1517,1336,2449
20261002,10,11440690,17542,17,109,161,415,802,1099,790,636,661,647,614,538,529,1115,36,142,209,472,922,1068,798,740,631,694,644,597,718,1739
20261002,10,11440710,14101,28,128,335,310,732,921,624,520,571,489,439,335,380,760,6,55,393,568,1093,961,695,589,458,407,478,370,420,1036
20261002,10,11560605,62100,150,860,556,823,2514,3238,3270,3169,3163,3091,2818,2163,1986,2924,230,896,526,1222,3363,3862,3182,3041,3046,2793,2395,1846,1728,3245
20261002,10,11620585,23194,77,236,334,1058,1985,1673,1102,757,788,809,765,663,613,1014,113,292,399,1272,1693,1310,865,800,744,731,646,571,611,1272
20261002,10,11680510,38493,12,422,741,730,1455,1803,1480,1727,1690,1444,1477,1135,862,1641,107,408,1049,1381,2987,2771,2203,1944,1808,1555,1389,1085,1059,2128
20261002,10,11680545,52859,83,483,725,754,1860,2575,2226,2226,2278,1763,1633,1241,1126,2314,142,600,829,1866,4373,3985,2999,2584,2791,2380,1978,1607,1651,3785
20261002,10,11680640,162404,29,240,1138,2835,9524,13859,11501,10429,9523,8154,5742,3772,2827,3578,90,227,1257,5534,15710,15601,10261,7576,6276,4827,3324,2541,2382,3647
20261002,10,11710580,25043,39,214,329,460,1129,1427,1151,1104,779,844,853,747,796,1472,73,158,829,643,1299,1580,1143,960,967,1031,1084,931,1078,1922
20261002,11,11110530,54367,30,126,186,525,2250,3558,3074,3131,2984,3218,2705,1369,1181,1471,40,307,288,1112,3767,4217,3248,3252,3121,2404,2048,1556,1421,1782
20261002,11,11110540,8707,23,198,645,193,300,372,310,326,363,344,339,277,180,334,24,359,79,164,417,383,360,449,400,448,391,275,342,414
20261002,11,11110615,133485,15,372,367,1624,5197,7631,7223,7847,8510,8968,7377,4835,4499,7144,49,438,595,2945,7663,8223,6441,6293,6130,5868,5282,3927,3804,4218
20261002,11,11140550,97946,73,271,301,993,4432,7245,6519,6732,6348,5930,4753,2114,1641,2021,58,369,861,2765,7115,7232,5759,5837,5142,4119,3184,2171,1796,2164
20261002,11,11140605,28592,,55,36,215,764,1323,1326,1449,1666,1977,2238,1872,1753,2279,,41,59,255,988,1189,1110,1117,1267,1520,1338,976,831,949
20261002,11,11140670,12258,14,44,104,134,414,598,523,486,513,484,580,588,544,982,6,38,70,236,614,678,631,451,380,371,549,502,526,1198
20261002,11,11170520,10421,37,187,266,266,419,584,504,375,414,439,349,292,356,664,24,279,396,175,428,496,409,350,432,349,295,297,386,950
20261002,11,11170625,79734,91,385,473,1911,4078,5202,4691,4855,4542,4260,3488,2194,1879,2651,197,419,558,2470,5322,5755,4341,3722,3158,3295,2945,2144,1928,2780
20261002,11,11170650,10597,13,,71,185,461,699,631,463,545,543,564,460,349,542,6,21,34,225,678,666,510,380,385,339,498,372,359,592
20261002,11,11170685,35583,75,193,246,556,1490,2067,1770,1521,1500,1654,1558,1175,953,1531,80,166,197,979,2489,2570,2224,1820,1616,1636,1421,1104,1017,1975
20261002,11,11200690,56229,42,136,253,1056,3545,4433,3342,2912,2688,2935,2389,1901,1479,1565,51,208,429,2265,5064,4770,2947,2372,2078,2107,1894,1192,922,1254
20261002,11,11215710,35800,22,120,602,2937,3064,2087,1284,1033,1178,1166,1174,887,783,1257,45,103,762,3937,2943,2120,1187,1024,1115,989,1014,745,770,1452
20261002,11,11440660,72270,57,177,808,2013,4320,5090,3854,3619,2878,2649,2086,1564,1260,1762,84,356,1448,4210,7922,6474,3985,3038,2608,2503,1932,1567,1470,2537
20261002,11,11440690,17734,18,110,199,415,808,1092,788,627,631,682,639,544,512,1066,36,155,213,446,985,1113,804,774,648,695,699,640,740,1658
20261002,11,11440710,14580,28,134,288,302,771,983,657,519,603,490,468,337,384,768,6,65,419,630,1127,1040,766,639,477,408,484,379,415,992
20261002,11,11560605,62347,157,888,557,832,2586,3296,3313,3132,3151,3104,2765,2303,2017,2904,238,891,538,1240,3413,3905,3099,2975,3013,2805,2375,1882,1715,3253
20261002,11,11620585,23028,78,248,325,1002,1952,1689,1102,761,761,828,762,630,600,1039,119,306,416,1240,1671,1272,898,725,784,744,659,569,584,1266
20261002,11,11680510,42261,17,413,715,792,1680,2064,1738,1881,1849,1560,1628,1203,917,1708,91,412,958,1524,3387,3211,2531,2172,1983,1680,1607,1203,1100,2235
20261002,11,11680545,57699,84,486,767,892,2131,2928,2453,2447,2393,1870,1713,1305,1197,2311,148,613,926,2130,4997,4454,3411,2937,2972,2572,2180,1686,1676,4020
20261002,11,11680640,175005,40,276,1244,3105,10258,14775,12284,11169,10106,8573,6203,4104,3195,4116,96,246,1509,6086,16758,16593,10739,8174,6724,5015,3679,3020,2714,4203
20261002,11,11710580,25603,39,209,384,554,1186,1487,1143,1117,803,834,884,760,849,1483,74,149,553,735,1364,1672,1224,1068,983,1053,1123,944,1095,1833
20261002,12,11110530,56311,24,175,323,594,2317,3511,3127,3007,3165,3403,2740,1377,1242,1668,51,345,298,1424,3884,4242,3403,3186,3227,2436,2059,1629,1525,1929
20261002,12,11110540,9868,11,186,483,229,340,423,345,343,368,401,390,320,229,368,13,341,106,190,505,452,467,553,529,581,472,366,384,470
20261002,12,11110615,142761,20,331,624,1777,5522,7855,7539,8205,8736,8978,7557,5076,4894,8873,54,489,747,3246,8117,8689,6661,6716,6588,6247,5783,4437,4156,4842
20261002,12,11140550,101219,67,231,310,1086,4515,7263,6474,6798,6426,6051,4699,2228,1884,2346,69,243,938,2981,7419,7396,5906,5899,5261,4369,3390,2448,2053,2472
20261002,12,11140605,30578,,11,32,241,850,1455,1458,1497,1739,2125,2292,1951,1833,2396,,11,100,310,1241,1386,1228,1269,1315,1543,1400,1008,845,1042
20261002,12,11140670,12296,14,50,110,143,433,569,538,489,517,455,583,593,546,977,6,38,78,207,613,655,593,449,406,399,593,511,523,1209
20261002,12,11170520,10590,32,166,140,257,444,608,500,396,429,442,357,325,329,669,24,280,390,212,475,513,434,396,405,366,289,321,389,1002
20261002,12,11170625,84424,103,424,638,2207,4369,5397,4886,5030,4689,4364,3584,2231,1956,2666,191,480,755,3052,5744,6112,4673,3942,3285,3360,3108,2235,2039,2904
20261002,12,11170650,11151,13,15,106,175,485,730,649,472,546,582,583,465,350,586,6,25,28,267,713,706,572,434,408,395,527,381,340,591
20261002,12,11170685,36036,75,198,259,616,1569,2114,1772,1517,1570,1672,1522,1168,944,1445,72,144,199,1052,2543,2697,2204,1848,1583,1686,1375,1131,1044,2017
20261002,12,11200690,58827,42,163,298,1234,3798,4665,3444,3048,2672,2884,2407,1865,1415,1541,68,307,588,2582,5565,5018,3079,2546,2148,2134,1940,1209,888,1280
20261002,12,11215710,35673,28,115,644,3009,3065,2047,1274,1024,1233,1105,1216,915,738,1184,39,78,789,4115,2911,2148,1186,1003,1107,895,965,770,720,1349
20261002,12,11440660,78544,51,212,1135,2424,4624,5406,3936,3820,3019,2837,2224,1619,1362,1874,82,469,2023,4929,8738,6936,4271,3261,2745,2630,2109,1648,1555,2603
20261002,12,11440690,18455,23,116,210,435,865,1109,849,656,667,666,695,565,509,1052,30,166,226,527,1108,1241,834,792,676,764,726,630,686,1631
20261002,12,11440710,15346,28,145,219,318,844,1077,714,545,628,519,477,332,385,772,6,80,439,711,1225,1103,803,654,538,453,497,369,427,1038
20261002,12,11560605,61664,157,921,592,821,2605,3295,3265,3053,3128,3042,2687,2214,1937,2875,244,884,542,1251,3461,3897,3109,2928,3008,2702,2415,1843,1665,3123
20261002,12,11620585,23745,83,241,331,1072,1978,1718,1142,801,782,836,794,675,625,1102,119,307,410,1298,1648,1309,924,834,801,746,668,620,574,1307
20261002,12,11680510,45312,17,378,719,819,1875,2327,1833,2062,1975,1719,1661,1260,973,1712,97,416,1012,1681,3791,3534,2719,2364,2192,1802,1726,1239,1084,2325
20261002,12,11680545,60370,84,498,756,957,2309,3103,2590,2563,2443,1951,1720,1291,1199,2408,153,637,851,2300,5259,4797,3611,3199,3052,2687,2349,1827,1747,4031
20261002,12,11680640,180921,35,315,1445,3178,10752,15025,12421,11353,10385,8889,6406,4162,3381,4411,96,288,1678,6551,17367,17166,11005,8296,6900,5180,3865,3160,2843,4370
20261002,12,11710580,26140,39,199,414,576,1251,1546,1206,1168,785,870,881,809,825,1378,74,160,551,810,1472,1789,1278,1104,1006,1112,1134,930,1009,1765
20261002,13,11110530,57779,25,211,361,712,2342,3737,3095,3077,3205,3359,2787,1460,1304,1730,64,351,379,1554,4074,4360,3389,3188,3307,2456,2083,1615,1586,1968
20261002,13,11110540,10147,23,174,331,249,375,445,351,337,359,405,384,330,221,389,13,415,121,262,479,460,447,510,545,654,501,427,397,543
20261002,13,11110615,148362,49,239,747,1853,5657,7944,7462,8164,8700,9226,7768,5396,5452,10166,77,439,737,3490,8260,8951,6885,6691,6775,6524,6096,4887,4405,5320
20261002,13,11140550,106697,68,163,350,1219,4821,7632,6743,7148,6593,6058,4902,2365,1939,2573,81,239,1117,3436,7750,7838,6211,6195,5487,4586,3623,2539,2251,2769
20261002,13,11140605,29607,,11,62,268,830,1351,1395,1428,1670,1960,2183,2000,1881,2410,,6,117,399,1072,1229,1098,1137,1310,1583,1362,1034,833,978
20261002,13,11140670,12582,14,50,142,135,453,583,493,537,530,473,595,619,534,983,11,38,79,227,616,717,583,479,430,375,617,519,522,1230
20261002,13,11170520,10796,38,157,119,313,471,624,521,421,423,449,351,350,331,647,13,259,409,248,501,548,451,380,378,358,296,323,394,1023
20261002,13,11170625,90155,99,459,864,2631,4645,5773,5198,5122,4840,4529,3667,2329,1942,2791,193,505,1129,3610,6285,6601,4930,4179,3395,3424,3401,2463,2094,3059
20261002,13,11170650,11251,13,16,133,229,549,723,679,449,602,556,571,451,362,546,7,21,36,276,733,682,519,426,410,383,517,410,339,613
20261002,13,11170685,37784,64,242,268,660,1697,2274,1874,1615,1543,1706,1552,1184,961,1427,61,178,244,1228,2892,2977,2302,1925,1682,1730,1409,1121,1020,1949
20261002,13,11200690,61750,48,188,399,1448,4045,4824,3602,3080,2717,2886,2536,1887,1429,1534,76,396,752,2981,5847,5306,3299,2671,2277,2179,1945,1259,916,1225
20261002,13,11215710,37064,34,157,638,3150,3134,2146,1355,1013,1297,1238,1289,914,767,1196,39,78,1014,4185,3073,2188,1239,1009,1086,962,954,822,692,1393
20261002,13,11440660,83754,53,223,1368,2851,5027,5661,4132,3915,3092,2922,2275,1668,1392,1817,83,545,2774,5856,9336,7331,4385,3273,2925,2797,2183,1651,1566,2651
20261002,13,11440690,18900,29,117,229,450,898,1090,832,673,693,649,699,583,496,1072,31,163,248,689,1137,1322,866,754,666,760,729,670,691,1664
20261002,13,11440710,15970,34,209,193,412,832,1113,682,577,595,524,438,359,427,778,6,96,458,778,1346,1174,806,716,536,487,535,409,438,1014
20261002,13,11560605,63147,163,919,571,819,2704,3337,3397,3198,3169,3080,2751,2230,2027,2834,245,914,590,1313,3560,4055,3256,3020,3008,2821,2452,1875,1726,3112
20261002,13,11620585,23747,78,250,338,1125,1895,1745,1103,802,792,850,811,694,636,1064,103,315,381,1293,1671,1329,895,789,820,737,706,632,602,1291
20261002,13,11680510,46337,17,378,733,879,2012,2392,1899,2150,2009,1649,1675,1230,1017,1708,103,397,971,1798,3857,3654,2818,2336,2239,1891,1737,1260,1159,2367
20261002,13,11680545,61609,67,514,797,1031,2422,3245,2745,2624,2475,2004,1784,1306,1143,2313,148,630,881,2474,5463,4962,3658,3211,3069,2646,2412,1848,1784,3954
20261002,13,11680640,184586,39,468,1592,3459,11074,15252,12578,11321,10341,8974,6510,4293,3465,4642,97,426,1895,6971,17729,17469,10970,8160,6885,5269,3910,3200,3017,4579
20261002,13,11710580,26511,39,212,457,664,1268,1568,1219,1121,840,821,881,848,806,1408,74,166,559,930,1492,1811,1242,1058,1019,1050,1207,906,999,1849
20261002,14,11110530,56753,30,197,322,743,2399,3615,2999,2980,3043,3180,2705,1410,1284,1741,63,304,455,1557,3955,4414,3356,3168,3219,2435,2085,1601,1519,1973
20261002,14,11110540,10719,17,174,315,274,379,456,393,366,355,398,401,364,257,402,7,363,137,373,597,488,486,553,550,599,562,442,429,584
20261002,14,11110615,154893,40,192,783,2040,5838,8305,7780,8420,9025,9630,8016,5602,5816,10896,91,418,878,3894,8577,9241,7037,6843,7007,6892,6409,5015,4668,5541
20261002,14,11140550,106851,62,155,397,1260,4835,7677,6701,7018,6493,5947,4852,2373,1815,2489,80,233,1167,3581,7930,7911,6265,6268,5478,4751,3560,2500,2270,2783
20261002,14,11140605,29761,,16,90,310,809,1328,1362,1486,1628,1901,2205,1985,1848,2521,,6,148,465,1099,1272,1099,1074,1306,1568,1361,1022,876,976
20261002,14,11140670,12642,8,60,121,121,436,589,534,550,522,425,641,610,570,957,11,43,94,239,608,674,574,486,422,383,620,535,541,1268
20261002,14,11170520,11050,37,185,116,305,484,656,545,424,433,461,379,280,353,667,8,264,415,286,561,568,451,390,384,364,283,334,397,1019
20261002,14,11170625,92480,115,440,945,2871,4883,5887,5343,5089,4959,4409,3826,2315,1912,2851,163,490,1309,4061,6639,6870,5016,4088,3367,3487,3432,2394,2093,3226
20261002,14,11170650,11333,13,16,114,274,605,741,711,441,598,551,594,472,349,613,8,28,45,286,671,624,502,426,367,421,521,416,336,588
20261002,14,11170685,39551,71,322,299,718,1903,2335,1951,1650,1585,1646,1524,1218,972,1427,55,239,283,1440,3167,3190,2283,2050,1814,1767,1479,1173,1060,1929
20261002,14,11200690,63218,54,190,474,1675,4134,4865,3640,3084,2792,2903,2515,1854,1501,1459,80,466,989,3307,6002,5384,3412,2574,2321,2196,1932,1297,847,1270
20261002,14,11215710,37679,28,170,694,3309,3203,2149,1335,1038,1210,1295,1199,921,784,1301,17,78,1048,4227,3104,2192,1180,1050,1108,1039,1000,860,707,1433
20261002,14,11440660,88264,53,245,1698,3267,5378,6056,4275,4022,3220,3073,2287,1683,1386,1917,94,622,3327,6450,9864,7615,4492,3350,2997,2791,2171,1713,1604,2614
20261002,14,11440690,19362,35,117,222,474,938,1081,827,682,706,645,647,582,519,1048,48,196,268,768,1135,1333,893,762,737,831,749,701,686,1732
20261002,14,11440710,16114,34,154,156,433,939,1092,694,529,606,516,475,340,412,722,6,103,470,892,1432,1233,805,655,566,527,519,411,409,984
20261002,14,11560605,63573,140,890,651,867,2586,3463,3296,3135,3162,3191,2825,2290,2049,2857,251,885,652,1378,3567,4110,3306,3084,3010,2857,2432,1861,1728,3051
20261002,14,11620585,23025,61,206,298,1081,1855,1681,1082,775,795,774,814,688,625,1093,69,240,351,1261,1711,1305,868,736,803,679,728,593,563,1288
20261002,14,11680510,46752,29,388,741,961,2079,2416,1979,2172,2046,1573,1604,1293,1032,1794,109,387,1008,1893,3835,3703,2733,2339,2238,1878,1792,1247,1124,2360
20261002,14,11680545,63405,62,570,878,1139,2574,3343,2836,2678,2522,2062,1884,1402,1167,2209,146,655,925,2625,5620,5133,3775,3220,3227,2776,2480,1873,1795,3827
20261002,14,11680640,186441,34,497,1691,3688,11190,15387,12479,11396,10205,8788,6643,4239,3564,4851,93,525,2058,7167,18106,17607,10967,8074,6785,5409,4028,3167,3144,4659
20261002,14,11710580,26590,39,201,449,701,1287,1568,1191,1078,789,787,881,814,825,1386,80,172,653,1076,1584,1822,1238,975,1022,1062,1171,888,963,1889
20261002,15,11110530,56428,36,214,375,820,2506,3530,3004,2959,3068,3141,2677,1424,1290,1604,57,380,471,1719,3979,4375,3218,3082,3213,2369,2120,1542,1373,1879
20261002,15,11110540,12617,25,187,334,292,483,540,434,420,409,480,488,448,343,518,8,253,170,488,766,648,625,596,582,682,655,517,496,730
20261002,15,11110615,149004,56,179,625,2198,5752,8079,7556,8001,8672,9251,7780,5455,5585,10327,73,355,873,4044,8458,8929,6716,6476,6573,6534,6065,4797,4383,5212
20261002,15,11140550,105142,45,189,421,1359,4739,7596,6585,6819,6390,5887,4770,2259,1736,2312,91,260,1264,3697,8001,7911,6199,6196,5430,4588,3407,2387,2112,2493
20261002,15,11140605,29954,,11,89,323,856,1375,1342,1514,1703,1886,2246,1974,1783,2523,,15,195,567,1134,1338,1103,1090,1347,1522,1314,958,845,899
20261002,15,11140670,12335,8,74,127,137,401,539,554,496,497,430,642,569,551,948,11,54,124,251,548,675,590,474,391,373,576,520,524,1251
20261002,15,11170520,10767,37,134,117,316,550,653,501,411,402,428,378,257,328,668,14,140,349,351,573,575,431,379,410,327,281,325,394,1039
20261002,15,11170625,92760,103,317,1022,3028,4980,5892,5362,5066,4862,4246,3847,2324,1938,2838,152,377,1514,4502,6816,6884,4866,3948,3396,3448,3458,2370,2073,3128
20261002,15,11170650,11455,19,24,102,315,639,771,700,454,597,547,610,469,390,575,26,28,37,307,675,608,478,408,374,391,526,391,380,616
20261002,15,11170685,38758,53,319,281,788,1947,2309,1894,1709,1583,1639,1382,1115,937,1425,49,259,266,1510,3095,3127,2226,1935,1758,1715,1457,1123,1003,1853
20261002,15,11200690,63680,65,171,622,1869,4205,4873,3624,3047,2714,2883,2534,1820,1472,1417,84,476,1378,3632,5919,5408,3293,2525,2344,2168,1875,1230,752,1278
20261002,15,11215710,37674,34,172,697,3346,3211,2187,1318,1088,1212,1235,1170,890,759,1228,34,105,1118,4272,3163,2180,1135,1041,1085,1043,973,829,732,1419
20261002,15,11440660,91074,48,327,1865,3709,5759,6226,4354,4104,3265,2985,2256,1673,1405,1852,123,619,3924,7186,10103,7787,4412,3336,3019,2802,2099,1745,1559,2531
20261002,15,11440690,19645,41,156,235,450,970,1099,812,671,715,655,659,560,493,1102,42,209,317,846,1121,1289,871,715,824,826,818,695,664,1793
20261002,15,11440710,16085,39,66,155,447,956,1113,698,534,616,556,470,348,395,717,11,103,462,984,1410,1245,798,602,565,499,478,419,415,984
20261002,15,11560605,62922,127,811,679,886,2588,3439,3262,3111,3138,3146,2801,2227,2062,2751,244,865,698,1424,3613,4049,3264,3107,2994,2745,2433,1840,1679,2941
20261002,15,11620585,22706,61,190,343,1009,1928,1643,1085,806,794,794,745,690,606,1142,58,240,354,1260,1688,1254,828,718,730,681,664,548,568,1277
20261002,15,11680510,47261,29,429,813,1015,2169,2451,1955,2187,2056,1634,1616,1321,978,1759,143,410,972,2024,3898,3737,2750,2304,2295,1941,1786,1194,1110,2284
20261002,15,11680545,61839,73,622,836,1133,2573,3264,2742,2676,2497,2009,1854,1319,1124,2046,127,720,945,2576,5593,5023,3708,3077,3114,2695,2383,1795,1757,3557
20261002,15,11680640,184812,28,432,1778,3842,11255,15202,12320,11332,10149,8559,6579,4279,3451,4679,87,513,2286,7270,18135,17434,10746,8056,6752,5238,3969,3020,2983,4439
20261002,15,11710580,26980,39,222,526,695,1273,1571,1192,1110,810,834,862,807,816,1473,81,181,754,1179,1554,1778,1247,994,1060,1006,1196,905,955,1860
20261002,16,11110530,54552,30,169,364,847,2397,3546,2971,2929,3026,3029,2631,1305,1135,1489,75,324,485,1740,3966,4238,3144,3090,3123,2297,2030,1356,1143,1674
20261002,16,11110540,12061,19,135,335,325,479,540,434,433,364,450,493,401,333,491,26,161,202,538,756,690,601,535,511,579,618,470,465,676
20261002,16,11110615,146347,75,244,736,2360,6017,8186,7519,7840,8478,9026,7585,5403,5315,9338,93,266,961,4298,8529,9035,6543,6313,6470,6564,6035,4543,3965,4609
20261002,16,11140550,99570,50,113,357,1313,4697,7378,6375,6576,6208,5662,4407,2079,1623,1885,69,203,1307,3694,7844,7620,5844,5882,5167,4334,3267,2087,1614,1914
20261002,16,11140605,29097,11,17,76,332,855,1384,1286,1452,1608,1881,2309,1893,1684,2240,11,11,240,616,1168,1353,1075,1094,1274,1495,1251,944,767,767
20261002,16,11140670,12434,32,74,124,142,409,593,549,526,502,436,642,582,559,929,17,54,95,266,596,653,584,462,387,401,581,566,505,1170
20261002,16,11170520,10873,41,141,169,362,545,682,506,391,369,408,333,275,292,720,13,118,305,470,630,559,449,318,391,344,294,304,394,1049
20261002,16,11170625,93200,90,366,1158,3209,5135,5957,5271,4966,4701,4275,3873,2413,1997,2815,161,393,1672,4794,7141,6992,4679,3869,3366,3284,3361,2271,1930,3061
20261002,16,11170650,11544,24,26,108,340,681,797,704,455,577,577,612,428,374,545,25,20,50,338,735,622,476,390,349,407,530,397,369,587
20261002,16,11170685,37904,48,267,272,829,1983,2330,1926,1679,1601,1561,1376,1038,893,1311,45,224,287,1550,3142,3074,2140,1892,1731,1695,1395,986,900,1726
20261002,16,11200690,62455,75,170,706,1926,4119,4830,3524,2976,2633,2773,2452,1734,1319,1332,78,523,1686,3756,5949,5255,3100,2363,2270,2095,1793,1155,696,1168
20261002,16,11215710,36860,45,149,679,3304,3150,2229,1290,1110,1187,1184,1179,862,679,1133,51,134,1004,4227,3155,2160,1150,981,1040,1005,940,760,678,1392
20261002,16,11440660,92465,51,359,2133,4081,6137,6340,4352,3974,3103,2949,2171,1595,1311,1758,105,737,4554,7907,10267,7736,4366,3177,2949,2827,2060,1673,1502,2292
20261002,16,11440690,19867,30,128,254,463,939,1115,871,695,702,678,629,579,529,1132,47,194,323,841,1122,1271,849,775,769,804,839,720,652,1917
20261002,16,11440710,16202,39,58,172,457,932,1102,685,520,594,517,448,340,431,773,,121,452,1026,1436,1266,769,586,546,501,510,435,477,1009
20261002,16,11560605,61228,144,736,751,935,2653,3377,3109,3121,3057,3051,2665,2107,1907,2740,208,787,701,1454,3609,4036,3183,3010,2924,2611,2322,1629,1589,2813
20261002,16,11620585,22914,71,267,392,1025,1990,1620,1096,817,812,816,762,639,623,1193,53,264,386,1271,1682,1216,834,717,690,663,679,514,580,1241
20261002,16,11680510,45929,24,446,820,1007,2179,2343,1870,2150,1946,1667,1640,1282,875,1665,137,454,981,1960,3896,3575,2654,2286,2192,1945,1631,1169,1026,2111
20261002,16,11680545,60825,79,757,859,1154,2538,3281,2690,2594,2410,1840,1774,1295,1045,1974,156,865,1076,2473,5475,4968,3706,3013,3056,2664,2265,1823,1672,3325
20261002,16,11680640,178828,28,374,1833,3807,11150,15005,11889,10894,9984,8166,6291,4124,3337,4190,58,467,2396,7262,17825,16969,10449,7721,6492,5055,3615,2733,2684,4031
20261002,16,11710580,27206,45,240,610,728,1265,1588,1222,1068,850,835,818,844,839,1483,75,218,843,1228,1572,1764,1210,920,997,994,1184,888,1067,1811
20261002,17,11110530,52574,36,192,388,847,2430,3488,2911,2834,2892,2943,2432,1222,1066,1380,104,346,545,1724,3801,4041,3066,2974,2979,2188,1903,1198,1063,1580
20261002,17,11110540,10801,,29,292,314,517,540,437,394,348,356,384,314,312,401,20,101,209,505,753,633,535,535,502,514,563,398,331,565
20261002,17,11110615,138445,62,230,782,2537,5996,7994,7281,7470,8009,8534,7153,5299,4965,7975,61,256,1067,4613,8511,8598,6132,5852,6166,6172,5591,4047,3410,3683
20261002,17,11140550,91604,44,110,321,1261,4409,6872,5936,6117,5791,5087,3925,1819,1479,1654,63,216,1172,3459,7364,7134,5386,5431,4768,3978,2975,1791,1437,1605
20261002,17,11140605,28408,17,27,82,347,974,1506,1276,1379,1676,1779,2153,1784,1493,1946,11,17,219,706,1308,1384,1050,1064,1281,1544,1159,869,662,694
20261002,17,11140670,12738,26,70,104,168,465,650,584,554,491,491,597,544,538,942,11,63,108,272,624,754,619,463,369,404,617,544,486,1183
20261002,17,11170520,10916,36,119,145,358,574,691,505,398,348,435,283,292,315,744,7,118,252,614,648,633,405,314,332,315,286,322,395,1034
20261002,17,11170625,91088,94,398,1142,3371,5176,6075,5058,4661,4414,4008,3604,2235,1916,2642,153,445,1628,4927,7289,7069,4651,3737,3224,3281,3223,2203,1867,2599
20261002,17,11170650,11615,29,25,113,337,722,826,725,475,585,558,527,383,336,515,24,34,81,450,779,629,477,423,365,391,481,375,371,577
20261002,17,11170685,36031,53,236,260,827,1961,2226,1893,1585,1423,1511,1282,966,760,1293,44,199,300,1533,2938,2935,2008,1751,1631,1620,1386,907,836,1666
20261002,17,11200690,59401,65,204,756,1948,4051,4682,3256,2869,2407,2575,2235,1546,1183,1248,88,563,1710,3625,5776,4938,2873,2201,2063,1988,1698,1028,680,1144
20261002,17,11215710,36232,39,127,700,3005,3169,2255,1230,1094,1216,1164,1120,815,633,1135,40,151,1097,4118,3247,2211,1121,952,1014,934,983,665,631,1367
20261002,17,11440660,93790,40,328,2401,4537,6481,6394,4397,3793,3040,2871,2037,1558,1244,1669,98,734,5012,8615,10505,7648,4350,3110,2864,2751,2035,1653,1411,2215
20261002,17,11440690,20464,36,146,260,550,952,1137,880,687,713,702,651,629,595,1151,48,236,315,842,1222,1306,837,802,755,800,847,767,674,1923
20261002,17,11440710,16323,33,52,173,484,1000,1123,697,544,560,517,467,333,384,744,6,113,389,1074,1530,1277,772,604,523,479,527,450,481,987
20261002,17,11560605,59137,139,688,738,959,2530,3227,3050,2920,2942,2951,2563,1977,1654,2527,205,741,747,1495,3511,3929,3003,2991,2962,2502,2248,1581,1483,2875
20261002,17,11620585,23387,54,292,433,1142,2081,1781,1119,811,810,787,730,676,559,1188,57,231,392,1337,1772,1218,882,650,694,675,693,529,559,1236
20261002,17,11680510,45114,41,459,845,951,2180,2309,1843,2121,1938,1581,1650,1237,879,1694,131,474,1060,1947,3956,3453,2596,2156,2112,1886,1646,1080,979,1910
20261002,17,11680545,59799,67,855,953,1115,2491,3169,2630,2508,2398,1882,1772,1286,1048,1973,193,928,1111,2433,5328,4806,3548,2932,3076,2607,2134,1753,1519,3282
20261002,17,11680640,169941,39,332,1872,3869,11144,14408,11474,10309,9490,7674,5860,3665,2940,3798,62,464,2478,7287,17267,16064,9777,7232,6122,4659,3311,2428,2357,3558
20261002,17,11710580,28190,33,226,676,794,1382,1697,1349,1037,864,833,847,801,865,1508,80,239,889,1271,1665,1930,1213,963,1001,1003,1194,889,1069,1874
20261002,18,11110530,48010,42,198,364,820,2209,3123,2558,2526,2562,2543,2214,1172,1009,1330,100,309,593,1691,3640,3735,2698,2581,2580,2009,1767,1178,954,1505
20261002,18,11110540,7527,6,33,291,241,395,358,314,282,263,266,341,184,207,278,7,83,112,362,503,373,365,365,345,371,309,243,203,430
20261002,18,11110615,123386,53,206,781,2686,5908,7640,6512,6463,7056,7361,6054,4655,4242,6174,49,245,1254,5153,8238,7862,5402,4958,5375,5239,4762,3402,2810,2845
20261002,18,11140550,76260,44,116,350,1288,3686,5412,4571,4913,4733,4113,3270,1567,1224,1376,59,231,1049,3050,6278,5955,4349,4586,4052,3392,2473,1662,1149,1316
20261002,18,11140605,27806,,21,90,443,1247,1687,1323,1313,1504,1601,1849,1487,1128,1440,16,27,242,947,1962,1782,1116,1044,1231,1373,1034,724,600,576
20261002,18,11140670,13149,26,65,100,155,524,719,655,540,488,502,593,512,512,896,11,59,103,335,707,816,656,574,466,408,569,533,517,1108
20261002,18,11170520,11854,36,112,160,422,697,741,555,419,356,419,286,273,302,782,13,117,294,701,752,713,487,344,360,332,350,345,444,1043
20261002,18,11170625,88179,89,456,1063,3469,5507,6136,4850,4349,3904,3722,3157,2014,1659,2419,174,454,1508,5297,7775,7314,4467,3464,2918,3071,2888,1968,1672,2417
20261002,18,11170650,11231,23,8,131,367,740,856,744,414,518,451,411,313,311,475,29,40,95,500,856,658,552,390,331,342,458,350,350,517
20261002,18,11170685,32805,45,197,290,746,1774,1992,1729,1438,1339,1418,1103,770,633,1190,48,189,308,1453,2635,2820,1706,1630,1476,1462,1245,894,750,1524
20261002,18,11200690,52897,59,182,731,1771,3776,4094,2886,2463,1992,2049,1913,1288,1011,1118,88,543,1609,3542,5407,4379,2475,1850,1828,1682,1519,917,628,1096
20261002,18,11215710,37050,34,107,776,3032,3366,2414,1326,1097,1156,1185,1162,772,642,1041,49,161,1161,4239,3535,2386,1097,956,952,933,909,657,570,1337
20261002,18,11440660,93984,40,255,2688,4951,7015,6568,4291,3677,2960,2765,2007,1346,1170,1555,84,720,5359,8844,10807,7661,4108,3029,2834,2516,1904,1382,1317,2132
20261002,18,11440690,21554,30,181,261,597,1060,1222,969,751,770,744,677,647,608,1136,46,223,358,900,1388,1417,917,851,803,839,870,739,666,1884
20261002,18,11440710,16777,33,79,162,526,1064,1164,711,510,608,563,495,346,363,746,7,118,341,1063,1628,1283,774,670,559,490,548,446,460,1019
20261002,18,11560605,53434,128,662,708,890,2284,3073,2859,2617,2584,2586,2146,1661,1342,2272,245,747,681,1430,3391,3478,2672,2657,2595,2351,1946,1384,1357,2690
20261002,18,11620585,24388,65,272,456,1313,2359,1866,1205,799,785,773,724,700,542,1043,57,219,386,1490,2060,1337,869,673,732,732,720,498,549,1165
20261002,18,11680510,44657,45,499,884,943,2259,2323,1879,2075,2001,1641,1612,1161,865,1585,124,517,1021,1976,3976,3422,2511,2018,2084,1892,1506,1002,944,1891
20261002,18,11680545,57854,84,846,936,1088,2487,3037,2548,2480,2297,1922,1778,1293,1058,2080,202,965,1091,2423,5046,4490,3271,2787,2889,2448,2043,1637,1483,3145
20261002,18,11680640,155581,38,366,2024,4084,10873,13695,10330,9188,8382,6718,4762,3071,2536,3136,62,471,2640,7234,16307,14591,8719,6395,5258,4031,2987,2261,2157,3266
20261002,18,11710580,29609,33,247,648,811,1503,1933,1387,1020,941,915,907,819,873,1472,63,274,881,1329,1903,2157,1330,1023,1114,1074,1183,860,1027,1881
20261002,19,11110530,38068,26,198,346,779,1767,2412,1788,1799,1820,1802,1697,1031,863,1212,62,324,533,1482,2886,2863,1988,1801,2025,1687,1531,1075,911,1357
20261002,19,11110540,6020,6,27,281,212,328,270,233,243,220,197,323,187,150,244,18,67,113,256,394,279,294,234,247,243,243,194,158,360
20261002,19,11110615,102531,35,203,821,2866,5871,6883,5222,5008,5246,5795,4809,3785,3370,4351,75,214,1322,5272,7814,6728,4084,3750,4112,4033,3689,2664,2165,2343
20261002,19,11140550,54183,38,130,321,1054,2734,3635,2895,3171,3132,2838,2411,1272,931,1038,64,224,953,2751,4493,4190,2849,2959,2673,2234,1823,1281,980,1110
20261002,19,11140605,24885,5,35,129,651,1499,1809,1164,1059,1210,1247,1399,1041,774,971,11,28,229,1197,2688,1979,1104,893,862,875,656,515,452,401
20261002,19,11140670,13790,31,91,98,164,573,831,728,556,566,522,582,474,497,831,11,59,100,325,880,915,755,647,500,442,559,480,478,1093
20261002,19,11170520,12929,35,100,166,424,823,815,587,462,330,402,337,295,333,801,13,117,318,836,943,869,534,419,364,342,359,390,456,1058
20261002,19,11170625,81564,105,452,926,3216,5680,5907,4324,3628,3209,3064,2697,1882,1455,2299,153,402,1438,5370,8072,7420,4001,2961,2407,2532,2478,1731,1486,2270
20261002,19,11170650,11403,12,,155,399,855,909,708,454,496,371,359,302,273,439,23,39,101,665,961,770,518,354,332,311,408,337,333,518
20261002,19,11170685,31160,62,208,247,754,1690,1941,1670,1369,1375,1268,1017,728,634,1156,48,200,273,1411,2483,2581,1653,1527,1355,1305,1145,810,721,1529
20261002,19,11200690,41682,53,169,660,1478,3185,3170,2153,1742,1417,1573,1421,1030,862,997,88,431,1340,3115,4206,3273,1794,1425,1334,1198,1118,733,584,1132
20261002,19,11215710,38208,39,103,811,3256,3786,2565,1453,1156,1150,1142,1088,768,591,1070,49,165,1166,4344,3957,2402,1086,996,857,829,871,629,569,1310
20261002,19,11440660,93318,34,235,2814,5577,7444,6932,4210,3397,2764,2572,1842,1268,1027,1544,94,647,5477,9172,11015,7454,3997,2762,2524,2237,1765,1285,1221,2007
20261002,19,11440690,22299,36,167,263,616,1140,1386,1017,820,822,777,723,700,613,1133,35,232,358,868,1528,1559,942,856,819,877,879,728,647,1759
20261002,19,11440710,18032,33,80,214,585,1192,1267,777,571,593,559,516,338,390,749,12,131,339,1156,1782,1465,826,708,578,504,662,450,484,1071
20261002,19,11560605,47620,130,648,716,932,2214,2808,2516,2268,2202,2175,1731,1361,1155,2165,234,679,687,1503,3062,3161,2265,2307,2217,1874,1650,1183,1260,2518
20261002,19,11620585,26335,42,224,491,1475,2762,2062,1241,775,825,842,804,723,531,985,51,204,408,1672,2492,1635,900,690,776,784,735,497,519,1190
20261002,19,11680510,41773,57,477,881,1001,2163,2309,1829,1910,1851,1591,1497,1004,775,1521,129,523,957,1860,3606,3169,2153,1871,1890,1669,1400,940,915,1826
20261002,19,11680545,52071,71,781,1034,1098,2356,2623,2267,2223,2117,1860,1632,1176,972,2014,163,943,1002,2082,4094,3802,2751,2494,2550,2210,1871,1529,1382,2975
20261002,19,11680640,133437,49,369,1887,3967,9525,12376,8509,7486,6765,5317,3950,2580,2125,2773,91,495,2542,6671,14171,12449,6987,5171,4299,3411,2607,1980,1923,2962
20261002,19,11710580,31607,38,281,652,874,1807,2156,1400,1030,916,885,924,809,877,1461,79,258,849,1432,2360,2584,1477,1122,1238,1101,1195,841,1027,1936
20261002,20,11110530,31655,25,177,334,703,1592,1938,1336,1322,1393,1381,1312,946,817,1088,61,293,514,1284,2364,2307,1584,1437,1574,1431,1325,986,879,1252
20261002,20,11110540,5163,,26,297,219,254,269,181,176,195,168,234,183,157,246,13,74,81,214,311,254,224,182,204,153,210,153,149,338
20261002,20,11110615,86371,18,157,747,2762,5677,6245,4480,3981,4104,4607,3804,3002,2693,3021,90,204,1271,5155,7243,5836,3329,2926,3232,3193,2943,2144,1624,1884
20261002,20,11140550,40185,32,122,296,880,2152,2775,2079,2247,2244,2045,1883,1065,703,767,62,185,763,2302,3500,2843,1897,1957,1820,1658,1301,1012,711,884
20261002,20,11140605,21702,5,24,131,656,1554,1823,1064,872,860,1045,1034,746,519,580,11,49,217,1252,2676,1936,1034,752,643,646,528,393,347,305
20261002,20,11140670,14526,31,99,84,170,675,969,772,580,572,489,565,449,458,805,11,72,129,351,1079,1031,786,658,574,443,576,505,516,1080
20261002,20,11170520,12908,46,93,155,384,820,875,574,487,310,422,334,288,336,799,13,122,270,706,996,895,527,437,407,352,321,403,458,1075
20261002,20,11170625,73827,110,438,868,3030,5441,5578,3905,2916,2552,2509,2327,1660,1318,2083,152,346,1319,4769,7909,6884,3679,2655,2131,2110,2178,1504,1345,2113
20261002,20,11170650,12210,12,,184,515,1048,1041,798,482,465,387,330,266,246,431,23,48,137,809,1103,817,537,346,317,321,409,315,303,517
20261002,20,11170685,28785,56,228,230,648,1643,1729,1518,1300,1276,1075,981,712,624,1169,42,176,239,1228,2121,2292,1582,1409,1251,1231,1060,795,684,1486
20261002,20,11200690,32701,41,181,552,1267,2473,2507,1587,1270,1061,1167,1113,797,710,868,68,361,1054,2382,3327,2342,1383,1084,1025,859,882,668,571,1105
20261002,20,11215710,38603,38,102,867,3349,4033,2751,1490,1081,1120,1033,988,690,549,1054,65,176,1167,4454,4192,2409,1140,968,768,824,819,598,550,1327
20261002,20,11440660,88887,39,238,2670,5807,7384,6759,3919,3028,2597,2361,1761,1261,943,1476,103,514,5054,8950,10525,6991,3578,2512,2364,2162,1643,1215,1137,1895
20261002,20,11440690,21802,28,182,240,611,1151,1397,915,808,854,759,709,685,548,1190,40,193,326,847,1510,1489,950,869,805,792,846,652,660,1745
20261002,20,11440710,18239,32,95,189,574,1241,1385,780,571,574,517,537,354,429,824,11,119,326,1131,1769,1433,834,644,594,554,668,459,488,1107
20261002,20,11560605,44936,125,663,678,1009,2262,2705,2201,2048,1962,2003,1609,1198,1079,2032,221,723,729,1501,2940,3026,2107,2034,1948,1797,1492,1145,1216,2482
20261002,20,11620585,26824,48,226,496,1513,3009,2215,1287,801,779,817,823,657,540,912,62,187,348,1753,2699,1679,935,620,729,789,706,517,496,1180
20261002,20,11680510,37103,34,433,864,888,2069,2071,1532,1699,1589,1481,1288,935,716,1469,112,489,893,1662,3051,2711,1730,1596,1539,1471,1259,886,821,1817
20261002,20,11680545,45672,70,780,1030,1049,2084,2220,1958,1969,1966,1681,1515,1054,906,1907,149,931,959,1828,3219,2969,2238,2162,2163,1938,1683,1307,1200,2736
20261002,20,11680640,111347,59,350,1805,3772,8206,10479,6728,5909,5452,4151,3300,2199,1737,2407,93,451,2503,5835,11578,9824,5578,4114,3462,2856,2254,1737,1738,2771
20261002,20,11710580,31325,38,254,627,830,1836,2255,1431,1024,909,882,837,818,832,1479,78,200,787,1310,2331,2691,1459,1183,1185,1030,1191,867,972,1989
20261002,21,11110530,26956,25,195,339,585,1334,1594,1122,1087,1103,1134,1126,797,665,928,55,307,452,1141,2108,1908,1369,1207,1258,1198,1152,857,778,1132
20261002,21,11110540,3685,,30,251,200,153,178,119,109,168,113,160,155,95,213,12,66,65,146,164,160,137,120,124,107,120,121,110,289
20261002,21,11110615,72086,29,152,614,2539,5282,5811,3928,3359,3377,3650,2849,2282,2056,2118,52,156,949,4595,6577,5098,2699,2409,2506,2491,2187,1672,1182,1469
20261002,21,11140550,29943,38,68,243,773,1678,2108,1500,1720,1681,1604,1472,847,558,577,55,127,581,1763,2627,2029,1314,1355,1244,1209,847,692,528,709
20261002,21,11140605,19028,5,29,136,626,1478,1782,948,790,728,788,802,528,392,402,11,43,212,1169,2495,1792,911,708,568,514,392,275,245,260
20261002,21,11140670,14619,30,90,86,179,662,1009,810,578,588,479,565,462,446,774,5,95,126,352,1080,1082,804,638,537,452,614,512,481,1084
20261002,21,11170520,12587,52,87,162,389,775,856,601,487,322,396,348,307,347,812,12,103,220,590,907,868,536,450,371,353,318,374,460,1083
20261002,21,11170625,65366,114,389,797,2653,5077,5099,3438,2479,2118,2246,2003,1531,1170,1752,142,331,1108,4202,6991,6095,3197,2256,1894,1904,1882,1382,1185,1931
20261002,21,11170650,13291,12,,194,664,1219,1267,886,529,453,352,251,277,230,398,23,58,190,1040,1303,911,564,412,319,260,352,305,309,514
20261002,21,11170685,26574,50,252,238,576,1479,1602,1321,1273,1160,1007,927,711,584,1193,53,200,246,1053,1840,1987,1431,1285,1143,1121,984,771,663,1422
20261002,21,11200690,26388,46,176,466,975,1933,2052,1208,1021,922,915,956,694,579,845,61,251,789,1691,2440,1812,1056,897,836,757,780,612,570,1046
20261002,21,11215710,38551,38,97,893,3465,4174,2863,1501,1045,1065,986,913,641,562,1017,64,143,1067,4647,4205,2401,1128,913,702,723,782,593,569,1353
20261002,21,11440660,81837,39,232,2457,5557,7313,6337,3630,2726,2378,2201,1678,1128,844,1410,86,398,4435,8402,9407,6301,3091,2182,2152,2008,1427,1126,1075,1817
20261002,21,11440690,21476,28,207,255,588,1139,1317,900,839,824,713,696,696,596,1167,40,224,305,758,1414,1443,943,889,768,786,834,664,689,1755
20261002,21,11440710,17689,32,84,189,515,1198,1368,775,542,594,528,534,364,432,817,11,124,301,999,1648,1402,759,570,624,548,660,451,499,1123
20261002,21,11560605,42697,140,636,704,1054,2155,2484,2039,1960,1889,1877,1461,1151,970,1992,208,757,746,1420,2757,2776,2003,1910,1881,1689,1376,1018,1170,2471
20261002,21,11620585,26383,47,193,528,1599,3027,2212,1278,755,774,742,744,613,511,865,67,180,366,1756,2742,1710,932,623,653,701,614,520,484,1148
20261002,21,11680510,31991,49,409,761,842,1761,1842,1367,1451,1322,1235,1169,879,672,1400,110,439,794,1364,2402,2107,1515,1302,1292,1224,1054,744,737,1749
20261002,21,11680545,39888,63,709,921,916,1842,1935,1621,1737,1808,1531,1359,1008,834,1839,153,809,844,1414,2565,2436,1838,1786,1886,1709,1424,1121,1082,2699
20261002,21,11680640,95479,54,337,1643,3417,7267,8912,5732,4935,4683,3652,2857,1873,1529,2065,87,358,2113,5117,9728,8077,4659,3485,3050,2429,1952,1479,1551,2437
20261002,21,11710580,30514,32,274,561,825,1725,2233,1485,990,890,934,823,806,783,1472,87,204,746,1178,2303,2567,1477,1168,1078,1012,1097,851,968,1942
20261002,22,11110530,21154,20,184,262,478,1009,1263,894,812,832,903,912,617,562,838,55,269,339,866,1462,1503,1079,933,950,909,913,660,604,1029
20261002,22,11110540,3018,,16,221,172,145,118,106,79,124,87,117,124,86,200,7,55,56,95,133,121,103,95,109,90,80,97,95,286
20261002,22,11110615,57389,23,130,491,2190,4726,5180,3359,2799,2714,2891,2027,1619,1370,1639,52,114,739,3562,5435,4075,2199,1756,1864,1810,1479,1212,746,1185
20261002,22,11140550,21532,27,57,205,574,1236,1606,1159,1373,1286,1136,1138,685,343,429,43,82,432,1312,1797,1476,871,910,816,716,562,391,334,536
20261002,22,11140605,16076,5,37,117,594,1360,1574,765,682,608,661,576,375,330,303,17,32,192,1025,2164,1522,813,603,479,390,258,194,180,217
20261002,22,11140670,14867,25,105,91,194,662,1019,812,607,608,459,560,468,406,737,5,123,129,389,1125,1196,847,630,548,440,594,504,500,1087
20261002,22,11170520,12205,51,76,149,347,733,847,598,465,345,392,348,310,338,817,12,108,204,481,790,808,556,433,373,331,333,374,505,1081
20261002,22,11170625,53743,120,343,648,2256,4157,4394,2896,2066,1679,1721,1667,1279,1003,1617,124,300,905,3211,5459,4941,2650,1768,1496,1531,1549,1162,975,1828
20261002,22,11170650,14695,17,15,217,883,1547,1593,953,540,443,356,235,266,220,388,23,67,199,1220,1532,1049,566,389,284,255,317,307,312,501
20261002,22,11170685,24580,50,253,269,549,1450,1535,1162,1234,992,890,865,672,588,1118,52,210,248,867,1596,1773,1285,1189,1038,1028,881,730,664,1393
20261002,22,11200690,21675,52,171,394,744,1501,1635,1003,909,753,825,846,628,524,825,65,178,498,1194,1802,1422,884,751,679,609,730,548,525,979
20261002,22,11215710,37759,48,111,869,3333,4292,2864,1428,941,965,985,872,593,559,1004,59,138,1002,4607,4239,2355,1094,824,740,639,782,568,549,1299
20261002,22,11440660,73703,33,231,2154,5553,6855,5783,3218,2429,2168,1931,1588,999,786,1341,86,313,3601,7512,8453,5495,2669,1826,1967,1756,1225,979,960,1790
20261002,22,11440690,20993,28,170,255,573,1092,1291,941,844,776,732,680,699,580,1172,51,241,273,683,1335,1358,911,851,754,772,824,684,693,1732
20261002,22,11440710,17099,32,95,207,496,1147,1266,774,548,606,537,526,363,443,820,11,124,301,853,1470,1263,742,605,629,553,604,450,500,1135
20261002,22,11560605,41742,126,740,793,1001,2041,2458,1965,1966,1842,1802,1391,1054,990,2020,195,851,747,1300,2515,2562,1944,1878,1933,1643,1318,975,1144,2548
20261002,22,11620585,25756,47,197,548,1570,3029,2137,1235,767,698,678,658,560,486,857,67,198,356,1797,2756,1706,854,622,618,636,563,481,480,1157
20261002,22,11680510,27878,43,388,681,774,1522,1595,1149,1280,1236,1084,1052,810,583,1341,110,398,669,1167,1935,1594,1210,1128,1136,1123,902,645,619,1702
20261002,22,11680545,36075,63,579,814,784,1659,1707,1461,1590,1663,1460,1292,991,829,1812,148,665,793,1221,2152,2029,1519,1530,1723,1574,1289,1008,993,2728
20261002,22,11680640,81116,48,324,1397,2796,6273,7935,5023,4297,3971,3075,2446,1512,1315,1788,98,304,1527,4123,8260,6856,4000,3008,2558,2091,1645,1265,1177,2005
20261002,22,11710580,29507,32,272,435,715,1556,2162,1491,1022,886,943,807,812,806,1460,82,236,610,1059,2161,2329,1495,1131,1076,977,1117,893,1010,1932
20261002,23,11110530,16312,14,171,189,368,734,933,722,642,668,697,707,526,478,772,49,220,277,580,926,989,779,719,761,690,698,537,480,985
20261002,23,11110540,2641,,15,197,158,129,97,81,78,92,92,105,117,78,188,12,46,35,78,85,74,91,78,101,80,78,92,96,268
20261002,23,11110615,43923,23,130,373,1648,3980,4283,2903,2244,2125,2123,1478,1260,992,1302,46,95,532,2595,4115,2941,1644,1283,1255,1205,1035,899,495,915
20261002,23,11140550,14966,21,66,137,380,862,1177,810,1028,989,867,852,553,265,352,37,57,277,792,1068,925,615,601,497,446,352,227,238,475
20261002,23,11140605,12457,11,43,117,492,1110,1308,620,538,448,483,402,298,241,246,6,26,145,744,1665,1151,644,487,377,265,157,138,120,174
20261002,23,11140670,15133,20,116,98,194,693,1072,860,635,591,459,562,472,401,745,6,153,126,408,1122,1207,869,668,549,397,603,498,501,1107
20261002,23,11170520,11456,51,74,162,295,624,818,537,417,353,409,325,304,347,798,12,117,180,389,700,728,491,401,347,301,323,379,487,1086
20261002,23,11170625,43950,103,336,499,1846,3256,3479,2494,1711,1450,1442,1421,1137,933,1494,123,298,664,2264,4150,3782,2221,1517,1171,1216,1337,1012,860,1736
20261002,23,11170650,15744,17,4,200,989,1874,1811,1087,569,438,314,206,235,221,394,23,71,200,1312,1806,1136,560,386,264,245,311,292,296,483
20261002,23,11170685,22733,45,268,294,545,1355,1496,1155,1150,905,777,810,622,587,1109,53,223,237,765,1407,1478,1134,1092,869,880,783,685,633,1374
20261002,23,11200690,18191,53,155,317,611,1140,1349,896,759,649,755,739,581,481,836,54,146,338,817,1338,1076,710,622,616,569,678,495,471,942
20261002,23,11215710,35804,42,107,759,3088,4211,2699,1307,876,877,908,792,567,547,1005,64,132,858,4342,4199,2249,1003,776,708,609,699,530,561,1289
20261002,23,11440660,63135,33,198,1813,5106,6203,4960,2908,2116,1828,1624,1431,890,657,1283,85,293,2738,6156,6885,4522,2193,1615,1617,1496,1081,818,842,1744
20261002,23,11440690,20518,27,181,264,552,1022,1234,878,847,738,731,679,662,580,1160,50,250,287,632,1247,1335,885,826,732,803,851,675,695,1694
20261002,23,11440710,16273,32,104,209,455,1031,1162,738,528,589,522,504,353,441,835,16,123,262,777,1363,1151,738,563,585,548,582,443,498,1121
20261002,23,11560605,39737,118,729,800,926,1843,2246,1825,1856,1760,1756,1360,1023,949,2025,193,856,783,1128,2220,2323,1853,1837,1850,1551,1283,967,1122,2552
20261002,23,11620585,24739,58,206,501,1432,2888,2086,1216,701,641,644,617,531,450,845,71,181,341,1739,2647,1682,859,591,588,598,555,443,464,1164
20261002,23,11680510,24392,32,373,644,686,1319,1321,962,1079,1021,1005,943,723,543,1304,103,373,611,939,1509,1276,1023,920,1025,1030,814,587,568,1658
20261002,23,11680545,33711,62,522,789,738,1523,1583,1337,1484,1571,1406,1252,989,809,1790,147,614,770,1098,1855,1728,1396,1393,1579,1464,1215,988,952,2653
20261002,23,11680640,67435,48,297,926,2206,5145,6672,4352,3748,3430,2594,2067,1304,1090,1618,91,287,951,3030,6501,5683,3451,2575,2215,1857,1341,1077,1069,1808
20261002,23,11710580,28114,32,279,365,594,1441,2100,1437,1013,865,910,796,765,796,1432,81,224,523,882,2041,2110,1386,1140,1042,951,1108,866,1003,1930
20261003,00,11110530,12171,19,150,168,187,479,662,455,513,512,530,554,432,420,734,41,205,184,335,517,580,510,554,540,500,525,454,421,990
20261003,00,11110540,2608,,13,177,169,96,88,76,97,106,90,103,114,78,188,19,39,32,38,75,65,69,103,95,89,79,104,108,298
20261003,00,11110615,27170,30,145,215,979,2557,2639,1921,1441,1224,1341,961,849,756,1079,46,89,190,1138,2052,1517,1059,715,835,851,749,688,364,739
20261003,00,11140550,8374,27,66,70,134,349,622,508,686,572,617,635,391,187,306,22,36,70,198,302,436,357,361,249,242,172,158,172,430
20261003,00,11140605,6971,11,22,62,279,618,748,425,329,299,267,258,174,163,205,6,25,74,286,674,620,311,292,256,153,101,108,71,134
20261003,00,11140670,14887,26,112,120,186,670,1082,872,645,577,471,565,441,376,747,6,137,121,358,1074,1196,846,649,556,374,575,488,533,1083
20261003,00,11170520,10767,45,81,139,234,561,718,502,385,327,423,338,316,368,793,12,111,154,320,519,619,488,360,356,316,304,397,500,1081
20261003,00,11170625,32119,98,273,418,1309,2020,2410,1791,1308,1038,1092,1170,1026,841,1367,121,270,427,1029,2282,2400,1778,1164,951,1070,1209,852,833,1572
20261003,00,11170650,16826,19,8,246,1195,2109,2008,1154,558,425,318,187,233,207,408,23,58,211,1356,2074,1277,548,370,244,222,299,278,293,495
20261003,00,11170685,20954,56,252,277,553,1337,1576,1155,1062,813,740,743,606,568,1100,53,209,214,590,964,1137,926,956,749,857,766,645,637,1414
20261003,00,11200690,14207,48,149,246,399,744,919,641,570,520,614,654,529,442,822,48,120,203,409,847,771,576,455,480,510,641,450,484,917
20261003,00,11215710,32200,37,117,513,2779,3986,2379,1187,812,730,786,724,536,520,967,64,103,623,3697,3896,2083,919,671,546,565,653,545,516,1247
20261003,00,11440660,46705,32,183,1313,4026,4765,3557,2041,1608,1458,1255,1129,733,617,1183,74,233,1520,4061,4436,3033,1667,1236,1180,1246,891,744,788,1696
20261003,00,11440690,20110,27,175,294,508,953,1213,864,850,719,734,672,651,589,1141,49,215,262,583,1183,1259,875,771,767,812,837,677,721,1709
20261003,00,11440710,15506,32,100,220,348,971,1027,736,538,559,506,488,379,390,831,17,112,226,677,1146,1052,705,568,609,575,590,446,508,1150
20261003,00,11560605,36628,126,726,808,773,1559,1883,1658,1691,1677,1634,1346,993,969,2020,206,839,739,856,1561,1955,1720,1819,1721,1484,1274,964,1099,2527
20261003,00,11620585,22953,64,194,496,1294,2689,1981,1007,647,623,568,591,488,406,833,66,190,330,1513,2407,1569,835,535,513,534,523,440,458,1160
20261003,00,11680510,20394,42,364,504,580,1046,921,743,851,857,859,824,636,447,1306,101,390,473,766,917,938,750,802,900,918,765,550,517,1626
20261003,00,11680545,30671,58,500,680,766,1371,1369,1124,1245,1452,1330,1231,928,768,1756,139,566,707,875,1468,1363,1224,1224,1439,1335,1201,953,952,2645
20261003,00,11680640,50730,54,279,688,1365,3394,4711,3409,2908,2605,2110,1721,1081,959,1493,85,284,607,1717,3989,4027,2763,2194,1817,1615,1158,988,932,1775
20261003,00,11710580,26755,38,284,318,542,1286,1958,1343,1021,857,890,765,815,805,1484,85,205,458,708,1690,2003,1299,1050,1038,928,1086,891,1022,1884
20261003,01,11110530,11642,19,150,169,168,460,618,440,464,469,456,534,421,408,727,41,196,192,332,463,524,480,531,532,491,521,447,414,974
20261003,01,11110540,2574,,13,177,165,90,80,70,97,98,90,99,108,78,188,19,39,32,38,79,65,73,107,98,90,76,104,108,292
20261003,01,11110615,25168,30,148,212,877,2303,2300,1736,1348,1191,1259,906,814,723,1058,46,102,198,1042,1819,1342,979,670,805,812,717,656,355,720
20261003,01,11140550,7823,27,61,71,121,304,552,500,632,552,587,607,373,183,295,22,31,49,188,241,387,319,335,230,218,170,164,170,436
20261003,01,11140605,6107,11,22,58,235,548,605,368,301,255,246,240,163,144,212,6,25,79,237,542,524,258,273,225,135,96,97,67,134
20261003,01,11140670,14787,26,107,120,177,683,1068,871,623,546,472,569,463,372,750,6,137,121,355,1078,1170,836,655,533,364,581,484,533,1089
20261003,01,11170520,10704,45,81,129,249,577,696,491,372,319,430,340,316,377,801,12,117,158,304,508,588,471,352,357,316,300,402,509,1085
20261003,01,11170625,30326,98,262,409,1199,1796,2204,1652,1249,989,1045,1128,1030,834,1357,120,260,392,902,2017,2185,1709,1166,918,1003,1159,852,829,1564
20261003,01,11170650,17013,19,8,258,1249,2179,2108,1116,556,403,308,194,249,201,409,23,58,199,1375,2077,1289,551,349,235,212,298,281,292,517
20261003,01,11170685,20674,56,252,278,552,1403,1577,1159,1015,790,708,733,614,559,1106,53,209,208,602,943,1083,895,932,710,816,763,625,625,1409
20261003,01,11200690,13682,42,149,227,329,710,834,592,564,508,633,654,522,430,819,48,123,203,390,748,727,567,438,447,499,628,441,477,931
20261003,01,11215710,31279,42,117,495,2668,3895,2316,1128,769,711,701,707,523,524,965,64,109,588,3570,3803,2030,904,661,526,557,643,510,516,1237
20261003,01,11440660,44149,32,183,1318,3853,4506,3288,1912,1509,1324,1144,1056,724,633,1168,69,243,1459,3838,4044,2788,1534,1180,1130,1181,887,737,746,1665
20261003,01,11440690,20021,27,180,281,494,972,1214,845,846,697,743,696,658,590,1146,49,215,266,556,1146,1244,878,767,768,803,818,687,721,1715
20261003,01,11440710,15326,32,100,213,322,942,982,740,539,547,488,483,374,386,827,17,123,231,647,1137,1035,731,564,601,565,582,451,519,1147
20261003,01,11560605,36134,128,729,806,740,1356,1814,1660,1682,1682,1619,1341,996,976,2026,214,858,756,778,1424,1847,1728,1791,1752,1503,1279,984,1100,2565
20261003,01,11620585,22533,64,194,505,1247,2603,1921,989,613,613,575,574,483,417,833,66,190,342,1452,2326,1529,822,528,513,549,523,447,464,1150
20261003,01,11680510,19522,42,359,477,507,922,887,707,777,834,819,810,607,446,1315,101,395,470,677,838,811,715,790,875,887,758,542,531,1625
20261003,01,11680545,29796,58,495,657,761,1311,1250,1076,1158,1396,1309,1188,926,761,1755,139,560,712,868,1411,1242,1130,1173,1422,1334,1174,957,934,2642
20261003,01,11680640,48348,54,285,660,1320,3161,4370,3205,2735,2448,1991,1649,1054,935,1492,85,284,576,1576,3680,3832,2652,2158,1771,1595,1135,962,913,1769
20261003,01,11710580,26727,38,288,317,541,1303,1958,1342,1017,846,880,783,802,796,1488,85,205,454,689,1714,1998,1289,1043,1032,938,1096,882,1022,1880
20261003,02,11110530,11635,21,151,179,165,438,548,442,469,467,442,534,440,413,739,44,202,201,313,455,528,488,536,533,500,519,435,423,1011
20261003,02,11110540,2563,,13,177,168,97,70,69,97,108,89,98,103,78,188,19,39,32,38,74,65,73,103,92,89,77,99,108,297
20261003,02,11110615,22590,30,148,187,763,1932,1988,1520,1189,1109,1178,852,757,697,1031,46,102,161,829,1458,1134,890,650,786,796,689,637,331,699
20261003,02,11140550,7456,27,66,52,107,260,511,470,618,520,566,582,363,183,284,22,32,54,198,200,371,297,305,221,212,167,165,167,438
20261003,02,11140605,5241,11,22,57,189,429,468,324,254,232,207,222,162,152,207,6,25,75,205,420,395,226,235,201,127,94,99,67,129
20261003,02,11140670,14830,26,112,124,180,684,1061,874,621,554,464,558,460,382,758,6,125,119,352,1074,1171,843,664,547,358,595,490,545,1083
20261003,02,11170520,10620,45,81,122,258,562,717,482,391,312,426,335,319,378,808,12,111,159,289,495,587,442,344,349,308,305,408,509,1069
20261003,02,11170625,28810,99,272,397,1080,1587,2022,1526,1203,956,995,1093,1035,828,1357,120,263,381,818,1725,2031,1621,1109,879,1000,1170,854,834,1555
20261003,02,11170650,16357,19,8,249,1225,2082,2061,1053,531,423,292,202,243,201,402,23,52,197,1323,1940,1148,521,330,235,215,299,278,292,513
20261003,02,11170685,20268,56,252,275,600,1358,1502,1120,1006,734,720,740,584,545,1094,53,210,214,591,857,1032,899,908,701,806,760,618,629,1404
20261003,02,11200690,13167,42,151,244,317,661,777,557,517,458,594,635,523,419,808,48,126,209,380,687,683,525,426,437,500,588,447,475,933
20261003,02,11215710,30507,42,117,472,2561,3681,2284,1091,754,703,696,691,535,513,968,64,106,549,3512,3682,1973,910,645,524,559,624,495,510,1247
20261003,02,11440660,41139,32,188,1294,3745,4120,2910,1753,1374,1144,1042,972,684,611,1153,69,237,1392,3525,3663,2545,1410,1129,1071,1108,856,734,733,1643
20261003,02,11440690,19868,27,181,283,514,921,1187,841,823,704,749,688,635,586,1144,49,215,271,555,1121,1221,879,769,754,794,809,690,737,1722
20261003,02,11440710,15156,32,100,204,358,934,974,695,511,533,506,481,374,386,822,17,117,230,626,1114,1009,717,559,597,557,610,437,517,1138
20261003,02,11560605,35448,128,718,784,712,1188,1693,1622,1670,1661,1602,1336,954,963,2041,214,853,757,744,1340,1773,1714,1790,1749,1508,1287,968,1111,2571
20261003,02,11620585,22116,64,194,466,1201,2590,1847,980,597,588,561,554,482,417,847,66,190,315,1428,2287,1492,845,525,508,533,513,437,449,1140
20261003,02,11680510,18842,42,359,485,493,845,767,647,729,797,819,781,597,441,1311,96,396,472,637,785,728,664,738,868,877,762,547,543,1620
20261003,02,11680545,29022,58,495,648,725,1236,1205,1044,1097,1357,1286,1176,891,764,1748,139,560,710,817,1274,1137,1089,1161,1417,1312,1166,950,924,2637
20261003,02,11680640,46217,54,279,637,1214,3012,4026,3079,2567,2278,1939,1583,1039,918,1490,90,280,560,1472,3428,3630,2540,2055,1739,1561,1130,950,905,1763
20261003,02,11710580,26600,38,294,326,493,1279,1927,1342,1021,848,882,785,790,791,1480,85,205,447,680,1718,1987,1281,1058,1021,933,1088,886,1015,1899
20261003,03,11110530,11388,21,150,179,161,419,525,426,443,451,429,510,425,401,730,44,197,201,303,447,523,488,522,537,475,514,433,420,1014
20261003,03,11110540,2551,,13,179,162,95,67,69,98,102,90,104,99,82,188,19,39,32,39,66,65,75,103,89,89,81,99,108,298
20261003,03,11110615,20180,30,148,156,569,1601,1600,1316,1070,1043,1113,764,714,674,1030,46,102,152,670,1209,915,804,636,786,761,653,620,306,693
20261003,03,11140550,7118,27,61,53,118,224,478,451,587,483,547,554,363,180,288,22,32,43,163,180,340,266,311,201,206,172,170,164,435
20261003,03,11140605,4628,11,22,55,140,336,391,295,243,221,188,217,167,155,222,6,25,74,137,263,332,200,228,193,124,95,95,67,128
20261003,03,11140670,14848,26,112,122,198,675,1065,866,633,550,459,545,469,389,765,6,131,119,359,1057,1170,841,671,537,373,602,486,543,1080
20261003,03,11170520,10751,47,84,130,269,548,723,483,387,319,433,325,325,379,822,13,120,157,301,495,593,457,341,362,310,313,414,521,1081
20261003,03,11170625,27750,99,273,387,1002,1438,1850,1497,1159,892,952,1110,1037,814,1343,121,269,367,756,1556,1937,1580,1084,881,1004,1139,838,826,1540
20261003,03,11170650,14961,19,8,248,1125,1930,1857,965,466,385,287,191,244,201,396,23,63,165,1120,1706,1001,470,291,214,214,306,269,292,504
20261003,03,11170685,19596,56,252,272,594,1186,1378,1078,962,696,724,748,576,538,1090,53,215,209,582,787,962,865,867,703,801,759,611,628,1404
20261003,03,11200690,12965,42,151,224,311,645,729,542,521,442,570,637,525,436,810,48,126,214,378,666,647,509,416,442,496,598,442,473,925
20261003,03,11215710,29541,42,112,426,2408,3451,2213,1068,711,679,689,688,519,499,987,64,106,516,3395,3584,1919,888,639,519,556,612,484,519,1250
20261003,03,11440660,38389,32,188,1249,3449,3693,2620,1593,1273,1078,971,927,676,595,1135,69,237,1266,3176,3251,2394,1350,1091,1058,1078,848,730,715,1648
20261003,03,11440690,19851,27,181,278,511,916,1197,829,804,700,758,690,640,596,1135,49,215,271,538,1123,1235,886,774,736,793,802,690,737,1745
20261003,03,11440710,14998,32,90,200,347,925,981,667,497,536,493,485,375,387,817,17,117,232,613,1113,974,714,558,591,547,610,430,513,1138
20261003,03,11560605,35147,128,712,785,727,1121,1633,1612,1658,1679,1600,1302,962,961,2025,209,863,765,724,1283,1748,1679,1789,1745,1479,1295,981,1115,2567
20261003,03,11620585,21671,64,200,429,1111,2481,1814,952,572,568,560,553,467,434,834,66,190,325,1395,2270,1484,831,510,504,528,505,437,452,1136
20261003,03,11680510,18359,42,359,480,486,776,678,595,702,747,812,799,602,437,1303,96,396,481,595,731,700,651,723,841,867,759,555,533,1613
20261003,03,11680545,28178,58,495,662,667,1140,1120,979,1049,1290,1269,1164,887,750,1748,139,560,710,732,1145,1028,1055,1153,1386,1310,1175,940,923,2642
20261003,03,11680640,44665,54,279,628,1093,2852,3859,2901,2420,2197,1827,1544,1050,913,1472,90,280,563,1395,3259,3544,2454,2013,1720,1551,1121,949,884,1753
20261003,03,11710580,26614,38,308,326,501,1287,1915,1353,1006,836,878,800,793,786,1475,85,210,441,667,1703,1984,1306,1049,1021,943,1090,890,1023,1899
20261003,04,11110530,11328,21,150,183,165,411,525,409,424,433,449,515,432,394,732,44,197,201,298,439,510,480,519,530,478,515,444,417,1012
20261003,04,11110540,2544,,13,179,162,92,70,69,98,98,94,98,95,82,188,19,39,32,38,67,70,75,103,96,89,77,99,106,294
20261003,04,11110615,18674,30,148,137,527,1305,1339,1206,998,1000,1059,748,714,673,1012,46,102,148,553,995,795,756,614,755,759,657,612,297,688
20261003,04,11140550,7048,27,62,53,101,213,462,439,573,488,553,553,353,189,290,22,32,42,150,174,328,276,307,200,204,177,173,169,436
20261003,04,11140605,4340,11,22,50,109,257,327,278,233,207,196,220,180,166,232,6,25,74,125,246,283,178,221,183,122,89,95,71,134
20261003,04,11140670,14895,26,112,125,198,649,1060,880,627,554,466,559,473,388,757,6,125,119,356,1069,1155,866,682,541,376,604,496,542,1084
20261003,04,11170520,10794,53,84,135,253,578,756,488,396,330,426,321,325,384,817,13,120,139,295,507,602,443,348,368,301,307,414,521,1072
20261003,04,11170625,27397,99,278,369,945,1353,1745,1475,1129,903,956,1089,1029,824,1362,120,270,381,715,1500,1928,1573,1066,877,998,1164,844,849,1559
20261003,04,11170650,13032,19,8,216,979,1621,1560,861,388,302,292,200,244,200,396,23,63,163,932,1329,782,409,256,196,214,297,284,291,503
20261003,04,11170685,19000,56,252,262,530,1093,1294,983,909,705,736,744,566,541,1103,52,215,200,505,727,943,843,856,699,790,750,601,630,1413
20261003,04,11200690,12955,42,151,224,322,651,744,536,509,433,556,618,524,441,804,53,126,215,373,673,648,522,406,443,497,601,453,462,925
20261003,04,11215710,28712,42,112,379,2259,3297,2145,1034,713,641,676,662,523,481,991,64,108,510,3283,3476,1877,861,647,517,549,617,484,531,1231
20261003,04,11440660,36057,32,183,1123,3106,3264,2410,1492,1241,1019,939,896,660,582,1158,69,237,1171,2830,2908,2295,1363,1068,1031,1048,833,718,722,1662
20261003,04,11440690,19818,27,175,276,525,878,1211,834,780,693,755,685,636,594,1141,49,220,271,544,1109,1238,880,785,736,793,813,687,738,1745
20261003,04,11440710,14955,32,84,203,339,914,961,666,506,529,506,489,388,390,816,17,123,226,618,1104,957,690,546,583,555,615,440,520,1138
20261003,04,11560605,35073,129,719,787,737,1087,1597,1603,1638,1673,1586,1310,968,967,2047,209,865,766,723,1259,1735,1684,1776,1755,1486,1287,979,1130,2570
20261003,04,11620585,21579,64,200,403,1066,2477,1801,953,580,579,563,554,463,443,839,66,190,305,1394,2269,1482,830,508,489,528,511,434,457,1132
20261003,04,11680510,18053,42,364,503,504,738,640,548,694,727,790,779,577,442,1296,96,396,481,582,697,660,642,707,803,884,764,551,533,1613
20261003,04,11680545,27411,58,495,633,620,1032,1024,900,959,1255,1247,1154,879,735,1736,139,560,698,695,1093,959,1007,1150,1375,1321,1179,936,925,2648
20261003,04,11680640,43371,54,279,620,1024,2709,3669,2824,2340,2069,1761,1508,1042,900,1452,90,280,549,1317,3124,3478,2376,2001,1701,1499,1128,948,882,1745
20261003,04,11710580,26587,38,308,335,489,1262,1930,1351,1005,840,878,806,795,789,1463,85,210,427,663,1706,1982,1296,1053,1031,939,1096,886,1021,1899
20261003,05,11110530,11449,21,145,173,160,417,534,420,433,437,457,521,445,417,735,44,197,197,303,441,497,484,533,528,485,524,456,428,1018
20261003,05,11110540,2623,,13,179,162,91,78,76,96,112,102,111,99,96,192,19,39,32,38,67,72,69,103,96,91,80,97,113,300
20261003,05,11110615,18045,30,148,133,490,1082,1190,1108,963,1003,1037,766,745,706,1053,46,102,132,510,902,742,733,610,742,746,680,631,311,706
20261003,05,11140550,7285,27,62,38,106,213,482,435,587,515,526,596,372,217,316,22,32,41,167,172,336,272,296,210,214,186,189,181,476
20261003,05,11140605,4247,11,22,50,87,184,286,296,221,204,202,231,205,182,259,6,25,74,124,205,260,166,220,174,119,97,97,78,162
20261003,05,11140670,14946,26,106,125,193,676,1057,876,639,545,478,561,479,406,743,6,125,119,357,1081,1147,869,669,535,385,615,500,537,1089
20261003,05,11170520,10786,53,84,130,260,566,775,503,393,325,426,326,332,397,824,13,125,145,261,505,594,449,344,363,288,307,415,518,1067
20261003,05,11170625,27887,99,303,396,916,1356,1794,1510,1145,932,981,1126,1069,868,1385,120,281,386,706,1480,1944,1558,1090,896,1009,1191,865,871,1610
20261003,05,11170650,11312,19,13,204,801,1355,1238,715,359,286,279,220,268,200,389,23,63,121,757,975,631,381,244,195,222,289,285,288,491
20261003,05,11170685,19001,58,260,258,472,1038,1179,961,888,721,772,753,580,567,1137,54,221,204,516,695,923,861,859,713,816,758,640,649,1448
20261003,05,11200690,13099,42,146,221,325,661,750,538,513,441,549,624,540,459,824,53,126,214,385,678,667,525,428,451,489,596,442,462,951
20261003,05,11215710,28104,42,117,334,2117,3190,2102,1024,683,624,694,651,525,490,995,64,106,484,3176,3444,1857,859,618,517,544,610,496,530,1215
20261003,05,11440660,34338,32,178,1030,2647,2990,2251,1414,1181,999,974,911,666,615,1157,69,237,1083,2526,2717,2216,1328,1029,1035,1037,833,738,733,1711
20261003,05,11440690,19771,27,175,276,522,888,1205,832,768,692,765,683,636,596,1138,49,215,271,548,1108,1244,862,779,731,782,809,671,745,1752
20261003,05,11440710,14903,32,84,193,336,901,946,661,510,518,503,490,388,401,808,17,123,231,603,1123,948,681,549,587,562,612,437,513,1146
20261003,05,11560605,35977,132,740,803,750,1098,1584,1628,1651,1710,1637,1402,1033,1013,2098,215,871,787,730,1289,1752,1702,1824,1774,1530,1356,1008,1166,2694
20261003,05,11620585,21338,63,198,385,1035,2417,1783,931,595,577,553,575,481,437,846,65,188,293,1332,2247,1481,818,505,488,529,513,434,448,1119
20261003,05,11680510,17929,42,364,501,492,671,593,520,677,733,792,774,608,474,1320,96,396,469,552,682,641,659,700,787,891,771,572,525,1627
20261003,05,11680545,27091,58,495,632,576,918,919,839,922,1243,1243,1165,910,777,1755,139,560,695,695,1005,921,990,1137,1389,1321,1212,948,951,2677
20261003,05,11680640,42657,54,274,613,995,2669,3621,2788,2269,2011,1676,1506,1018,903,1470,90,278,536,1309,2994,3408,2341,1990,1655,1478,1116,950,887,1758
20261003,05,11710580,26508,38,308,349,469,1249,1946,1341,997,823,889,783,796,766,1470,85,216,419,667,1705,1970,1290,1049,1015,946,1104,884,1034,1901
20261003,06,11110530,12800,21,151,188,186,444,554,438,456,450,525,563,530,527,864,49,197,201,349,501,521,493,549,606,555,643,552,543,1143
20261003,06,11110540,2730,,13,179,159,94,80,89,99,113,116,128,111,102,199,19,39,32,39,74,80,69,107,96,95,81,102,116,297
20261003,06,11110615,18645,30,144,130,435,970,1093,1109,961,1045,1115,868,870,854,1242,52,107,125,493,874,734,723,595,769,742,712,686,363,804
20261003,06,11140550,8892,27,62,37,148,280,562,488,638,603,611,730,479,317,435,22,32,45,182,202,367,301,324,257,234,258,266,299,686
20261003,06,11140605,4990,11,22,50,75,173,279,293,251,220,303,306,300,259,376,6,25,72,121,194,258,165,236,181,150,131,137,127,267
20261003,06,11140670,14501,25,102,129,177,668,1037,831,587,517,462,541,489,416,749,5,122,117,333,1036,1142,849,658,512,373,589,470,502,1064
20261003,06,11170520,10653,53,84,122,257,560,766,490,397,344,415,315,324,397,817,13,126,142,257,492,565,437,339,363,301,301,412,522,1043
20261003,06,11170625,30214,100,337,439,967,1434,1922,1600,1185,1045,1105,1244,1202,931,1465,120,296,422,820,1605,2092,1644,1151,935,1123,1273,1015,1004,1736
20261003,06,11170650,9976,19,8,162,525,1087,1031,640,368,291,364,306,318,217,389,23,63,89,494,700,516,355,239,183,212,308,278,290,498
20261003,06,11170685,19689,61,274,279,392,893,1113,929,921,763,818,883,675,640,1266,57,237,215,494,712,981,891,901,747,875,786,691,683,1513
20261003,06,11200690,13896,42,150,221,296,691,760,565,561,497,620,711,634,537,865,48,126,214,409,685,689,560,466,455,565,616,472,485,954
20261003,06,11215710,27771,42,124,322,2023,3104,2078,1016,689,659,669,681,551,487,984,58,106,453,3088,3417,1830,847,615,536,560,615,495,534,1187
20261003,06,11440660,33140,32,172,901,2191,2667,2151,1356,1197,999,1003,949,737,686,1200,69,232,965,2201,2645,2146,1316,1048,1043,1060,841,778,764,1789
20261003,06,11440690,19591,27,175,271,520,916,1208,815,776,683,764,677,607,578,1145,49,215,270,527,1082,1239,862,782,721,765,807,662,739,1710
20261003,06,11440710,14747,32,84,193,335,853,945,653,484,519,519,486,403,390,803,17,123,239,597,1115,947,671,549,582,561,592,434,515,1108
20261003,06,11560605,36152,131,733,773,741,1110,1548,1617,1683,1753,1592,1420,1062,1072,2179,212,863,774,729,1291,1740,1690,1800,1749,1533,1369,1037,1233,2720
20261003,06,11620585,21309,63,197,378,1018,2379,1757,938,591,591,580,579,488,455,846,65,188,298,1339,2245,1483,815,499,490,550,507,418,430,1124
20261003,06,11680510,17995,42,364,494,477,625,593,529,635,708,848,751,653,502,1381,96,396,481,551,661,639,648,693,795,885,772,568,555,1658
20261003,06,11680545,27237,58,495,655,532,868,862,809,932,1240,1238,1201,952,809,1793,139,550,713,687,1032,918,985,1156,1417,1339,1261,955,952,2690
20261003,06,11680640,43196,54,252,622,1021,2635,3580,2718,2238,2030,1755,1609,1171,1061,1627,90,278,545,1279,2986,3374,2326,2008,1628,1473,1149,985,899,1804
20261003,06,11710580,26467,38,308,357,475,1247,1948,1338,1014,822,866,793,797,746,1487,85,210,428,678,1680,1985,1283,1057,1000,964,1093,858,1025,1885
20261003,07,11110530,13852,20,146,184,234,518,649,481,466,510,612,675,575,614,911,47,214,193,378,562,576,554,567,652,578,686,575,562,1114
20261003,07,11110540,2921,,13,180,160,106,99,95,107,109,133,143,111,118,233,19,39,38,41,87,96,71,108,95,99,94,106,120,296
20261003,07,11110615,20909,30,145,123,415,1037,1180,1144,1057,1183,1235,1105,1064,1053,1631,52,108,137,556,877,770,762,648,851,808,797,758,444,938
20261003,07,11140550,11496,27,63,46,183,381,688,603,761,715,779,978,663,430,560,23,34,59,232,341,450,371,397,357,342,388,396,439,792
20261003,07,11140605,5851,11,28,46,70,182,312,303,285,292,357,411,396,367,476,7,25,80,125,187,258,164,239,196,172,177,157,193,335
20261003,07,11140670,14452,30,101,115,173,653,996,806,594,492,464,550,482,430,753,5,123,114,331,1039,1154,851,655,511,378,598,467,529,1060
20261003,07,11170520,10692,53,84,130,235,558,767,510,383,353,414,317,319,394,786,13,121,144,241,505,595,445,337,366,313,304,420,534,1050
20261003,07,11170625,34788,95,375,495,1095,1672,2165,1772,1352,1249,1282,1428,1374,1117,1678,121,328,485,933,1838,2334,1781,1232,1072,1317,1603,1297,1295,2005
20261003,07,11170650,8620,19,9,137,328,725,800,553,361,311,366,357,309,246,395,23,64,66,319,461,428,325,225,185,203,328,289,287,501
20261003,07,11170685,19845,60,281,249,358,877,1040,900,949,867,875,917,796,710,1202,56,238,207,438,675,954,903,913,753,915,823,701,680,1508
20261003,07,11200690,15017,48,150,225,309,755,842,611,608,589,725,835,777,617,882,48,135,222,431,748,734,569,488,474,587,646,483,501,978
20261003,07,11215710,27646,43,122,300,1939,3051,2076,1003,703,687,667,710,558,474,1012,54,101,433,2995,3360,1802,872,647,564,582,623,514,539,1216
20261003,07,11440660,32520,32,179,827,1659,2404,2132,1415,1170,1045,1089,1067,827,720,1282,64,254,811,1971,2565,2171,1334,1064,1054,1083,915,811,773,1799
20261003,07,11440690,19610,28,182,273,506,916,1232,819,765,696,767,674,612,549,1150,50,221,264,543,1083,1245,868,782,702,770,791,654,729,1740
20261003,07,11440710,14775,32,85,190,333,831,940,654,499,527,516,497,405,406,813,17,118,228,586,1131,949,671,545,566,578,595,426,524,1110
20261003,07,11560605,36714,132,751,766,722,1135,1566,1635,1685,1795,1620,1480,1162,1113,2245,214,854,770,738,1305,1761,1697,1831,1805,1537,1387,1031,1279,2698
20261003,07,11620585,21670,63,199,377,1021,2368,1745,935,606,629,599,604,506,475,913,66,185,306,1356,2260,1499,827,516,490,539,526,430,459,1171
20261003,07,11680510,18710,42,362,484,471,611,640,580,688,756,917,873,690,543,1392,91,372,517,563,682,640,677,696,807,889,828,567,614,1715
20261003,07,11680545,27963,59,494,662,496,872,888,825,961,1246,1244,1301,1068,820,1708,140,564,753,705,1072,959,1039,1177,1421,1384,1337,1023,1034,2711
20261003,07,11680640,45080,60,254,676,1058,2713,3663,2771,2295,2139,2008,1726,1327,1246,1781,91,286,579,1331,3042,3434,2402,1995,1650,1466,1242,1084,917,1845
20261003,07,11710580,26620,39,306,352,464,1282,1971,1350,1022,831,865,758,803,789,1513,86,207,432,711,1685,2027,1261,1058,1023,961,1079,878,1008,1859
20261003,08,11110530,15251,20,147,214,268,590,734,562,538,595,715,734,632,691,946,42,210,222,429,657,659,611,618,695,630,706,604,594,1188
20261003,08,11110540,3010,7,17,177,157,115,125,98,117,120,138,141,133,107,218,19,42,36,49,78,101,91,93,103,98,102,116,126,284
20261003,08,11110615,24028,30,157,166,463,1174,1232,1221,1204,1341,1429,1285,1247,1279,1965,52,109,191,640,1065,902,776,770,934,934,913,845,593,1110
20261003,08,11140550,14065,32,58,66,268,537,811,749,876,880,899,1083,732,519,549,23,28,106,420,465,573,498,514,464,494,522,483,563,852
20261003,08,11140605,6774,11,28,50,72,180,355,340,322,341,406,450,466,434,656,7,26,91,146,194,281,182,242,202,221,233,213,217,409
20261003,08,11140670,14485,31,102,121,182,612,975,795,619,491,489,594,483,422,785,5,119,104,339,1024,1151,853,637,510,370,612,478,506,1076
20261003,08,11170520,10785,54,96,129,269,563,777,525,392,371,436,317,296,388,794,13,129,144,225,502,615,437,341,379,307,308,414,516,1046
20261003,08,11170625,39827,101,449,519,1201,1982,2376,2105,1618,1472,1523,1655,1520,1277,1900,139,381,532,1047,2030,2560,1986,1426,1331,1500,1935,1540,1516,2207
20261003,08,11170650,8004,19,14,111,191,578,697,517,335,345,392,379,322,245,415,23,75,52,221,336,393,306,229,175,213,335,294,285,505
20261003,08,11170685,19308,57,246,222,349,752,1037,821,967,823,874,898,774,684,1140,53,232,190,409,694,978,888,899,732,899,827,719,690,1454
20261003,08,11200690,16123,48,155,237,351,816,917,685,638,638,837,921,847,644,892,53,166,217,497,828,799,602,524,512,606,667,494,548,984
20261003,08,11215710,27645,38,123,290,1915,2999,2075,996,700,726,628,720,607,460,1057,54,102,424,2948,3283,1835,877,658,605,594,634,514,569,1214
20261003,08,11440660,33846,32,181,911,1497,2351,2231,1479,1259,1084,1172,1203,940,768,1295,59,278,839,2008,2615,2302,1423,1164,1122,1188,984,835,825,1799
20261003,08,11440690,19762,28,184,266,502,935,1232,835,770,706,733,682,624,546,1128,55,222,264,553,1116,1302,884,789,732,771,768,667,742,1728
20261003,08,11440710,14603,32,86,179,325,815,932,647,507,538,497,497,377,387,807,17,114,210,585,1134,937,657,550,571,561,599,430,501,1108
20261003,08,11560605,37673,135,752,754,739,1189,1637,1635,1730,1799,1690,1607,1278,1248,2248,215,851,761,751,1325,1799,1747,1888,1825,1554,1457,1048,1310,2700
20261003,08,11620585,21918,64,212,381,1018,2428,1757,967,627,625,645,622,505,500,912,66,187,305,1348,2254,1502,803,526,508,539,532,443,486,1158
20261003,08,11680510,19612,43,367,490,484,644,689,602,744,825,921,916,740,607,1396,92,382,578,617,734,691,701,708,835,943,844,645,619,1756
20261003,08,11680545,29508,65,510,631,525,949,982,912,1044,1268,1368,1289,1173,841,1684,141,585,704,821,1217,1087,1104,1234,1451,1467,1474,1105,1104,2771
20261003,08,11680640,48614,55,256,863,1192,2896,3887,2947,2491,2267,2103,1912,1489,1299,1852,92,278,789,1621,3289,3668,2508,2138,1741,1565,1308,1164,1001,1945
20261003,08,11710580,26565,39,294,390,468,1283,1982,1311,1018,860,899,767,806,742,1507,86,219,455,675,1685,2002,1242,1067,1007,947,1075,895,995,1850
20261003,09,11110530,18502,31,177,251,364,684,917,739,664,706,837,879,730,810,1119,59,260,278,507,799,778,825,728,775,787,881,879,749,1287
20261003,09,11110540,3830,13,27,162,155,146,193,157,169,153,185,198,159,104,227,25,52,32,90,115,165,128,154,154,147,149,129,148,294
20261003,09,11110615,31107,31,194,209,658,1430,1580,1455,1492,1601,1761,1639,1560,1641,2579,60,118,259,957,1372,1186,974,1078,1206,1191,1241,1061,939,1636
20261003,09,11140550,19233,38,83,80,348,757,1045,933,968,963,1051,1253,882,645,739,34,41,207,621,788,864,722,734,709,743,856,831,965,1333
20261003,09,11140605,7765,5,27,40,97,223,388,369,346,370,461,513,582,493,762,12,37,109,150,234,328,223,250,261,240,268,234,304,443
20261003,09,11140670,14361,20,108,118,174,610,930,743,625,481,476,573,495,451,801,5,125,109,334,1027,1116,810,630,492,359,598,510,504,1137
20261003,09,11170520,10936,54,96,136,272,622,811,544,388,379,399,328,317,380,785,13,141,141,234,501,651,448,349,378,329,295,410,496,1038
20261003,09,11170625,46746,120,555,660,1390,2310,2819,2354,1932,1694,1744,1830,1680,1488,2147,170,520,625,1341,2686,3027,2325,1667,1589,1796,2256,1791,1816,2414
20261003,09,11170650,8021,19,14,99,168,531,687,514,340,348,387,430,308,250,431,24,64,58,227,321,429,306,233,165,226,344,292,297,506
20261003,09,11170685,21228,52,261,225,411,813,1162,927,1076,896,960,987,806,715,1229,54,234,195,546,825,1134,1022,992,789,952,908,745,771,1541
20261003,09,11200690,17971,48,151,312,448,1054,1084,749,707,700,861,934,834,640,899,48,254,336,652,1022,974,640,595,575,647,667,544,541,1053
20261003,09,11215710,27761,45,121,327,1859,2950,2080,1037,707,756,642,720,624,483,1081,54,105,421,2858,3276,1810,858,656,637,659,689,549,577,1181
20261003,09,11440660,38489,50,220,972,1610,2525,2443,1623,1416,1311,1495,1330,1017,806,1398,65,294,1144,2448,3185,2546,1623,1298,1392,1451,1071,958,888,1910
20261003,09,11440690,20036,23,184,256,513,985,1278,888,792,714,735,701,634,546,1154,50,241,258,562,1136,1299,855,818,733,800,758,650,741,1732
20261003,09,11440710,14581,22,80,186,334,844,942,607,500,541,513,504,365,373,776,18,114,222,629,1097,973,668,553,561,533,602,435,498,1092
20261003,09,11560605,39119,125,720,769,796,1307,1849,1764,1751,1800,1748,1643,1419,1364,2324,217,807,756,770,1432,1858,1842,1916,1856,1660,1496,1088,1301,2742
20261003,09,11620585,22069,65,214,378,1029,2453,1779,988,636,628,675,613,516,511,922,67,194,294,1322,2206,1520,777,514,513,602,526,463,472,1195
20261003,09,11680510,22102,48,397,530,551,741,840,709,877,926,957,1000,779,630,1408,98,430,655,831,984,960,859,814,989,1105,897,671,655,1762
20261003,09,11680545,33751,60,565,676,651,1190,1267,1060,1239,1361,1493,1341,1201,880,1704,148,663,839,1216,1811,1483,1368,1445,1652,1626,1510,1215,1204,2885
20261003,09,11680640,54596,56,289,964,1470,3236,4325,3277,2759,2506,2319,2051,1613,1378,1913,87,313,975,2183,3919,4183,2751,2397,1991,1756,1477,1254,1103,2051
20261003,09,11710580,26867,39,292,424,486,1307,1980,1345,1046,885,948,804,784,750,1491,87,188,516,709,1654,1995,1260,1053,1032,978,1066,890,1001,1857
20261003,10,11110530,22972,42,202,293,438,958,1187,947,786,845,980,1056,847,954,1438,93,309,379,681,1014,1034,1039,864,970,938,1052,1071,992,1565
20261003,10,11110540,5122,19,43,144,164,156,217,234,219,190,234,240,232,163,259,37,83,54,144,170,221,201,255,262,231,214,198,197,341
20261003,10,11110615,43178,55,301,299,940,1966,2192,1793,1844,2035,2120,2164,2001,2169,3747,139,223,376,1390,1939,1720,1426,1537,1716,1924,1744,1523,1519,2373
20261003,10,11140550,30310,72,173,186,507,1229,1447,1265,1309,1167,1278,1505,1131,872,1656,51,156,343,1038,1374,1360,1200,1143,1178,1226,1403,1402,1843,2792
20261003,10,11140605,8798,6,29,55,115,251,452,393,339,406,489,568,632,552,888,12,26,123,169,328,403,275,262,281,274,359,295,335,481
20261003,10,11140670,14078,27,104,126,172,626,890,698,617,446,472,594,477,462,843,6,127,108,301,991,1032,817,584,450,349,606,486,505,1165
20261003,10,11170520,10882,42,93,164,262,645,798,540,358,375,407,322,321,355,757,13,132,145,241,546,643,482,333,410,339,289,395,448,1028
20261003,10,11170625,54443,140,651,774,1691,2732,3243,2847,2386,1949,2008,1987,1826,1564,2290,206,759,787,1725,3337,3625,2886,2069,1984,2031,2480,1989,1857,2618
20261003,10,11170650,8632,19,26,109,189,538,722,572,364,378,404,472,340,254,469,19,60,55,255,382,439,344,266,186,213,387,320,327,524
20261003,10,11170685,24405,53,259,253,512,1026,1356,1025,1187,1045,1119,1081,915,788,1239,62,236,200,654,1104,1415,1184,1175,947,1077,1095,872,863,1661
20261003,10,11200690,21759,48,198,392,635,1360,1358,923,896,803,931,948,878,636,930,72,428,505,1095,1533,1270,793,747,715,709,781,565,542,1067
20261003,10,11215710,28843,46,131,358,1880,3016,2168,1110,791,797,733,751,679,538,1081,61,111,449,2903,3288,1844,919,723,694,696,706,591,583,1199
20261003,10,11440660,47641,44,269,1140,1973,3204,3034,2026,1674,1557,1710,1575,1086,875,1528,66,524,1726,3267,4304,3262,2073,1624,1813,1721,1423,1103,1036,2004
20261003,10,11440690,20917,45,188,273,519,1016,1306,921,754,770,818,744,653,537,1094,51,237,257,613,1228,1398,905,826,792,899,790,661,773,1852
20261003,10,11440710,15101,17,74,199,355,890,1049,591,542,533,599,490,423,363,766,24,137,235,668,1179,1030,686,556,578,555,594,430,457,1080
20261003,10,11560605,40014,110,699,727,790,1506,2127,1853,1759,1737,1796,1714,1440,1419,2260,226,750,696,772,1565,2051,1898,1923,1884,1632,1561,1105,1261,2754
20261003,10,11620585,22406,66,222,378,1018,2445,1780,992,637,627,685,679,528,584,969,63,205,268,1314,2204,1554,803,485,541,628,540,491,492,1210
20261003,10,11680510,25783,61,422,676,680,986,1111,898,1058,1086,1037,1112,784,673,1338,100,444,853,995,1359,1269,1135,1086,1145,1201,1030,735,722,1787
20261003,10,11680545,38634,72,602,788,890,1479,1699,1372,1416,1553,1515,1403,1197,898,1722,162,731,920,1547,2354,1981,1641,1779,1911,1817,1638,1396,1269,2881
20261003,10,11680640,64831,57,318,1245,2077,3936,5061,3720,3065,2847,2634,2353,1923,1612,2217,89,381,1307,2935,4724,4942,3174,2799,2351,2087,1889,1562,1342,2186
20261003,10,11710580,27384,40,276,495,527,1346,2005,1420,1037,890,906,870,728,762,1530,78,202,574,726,1741,1996,1327,1058,1061,947,1081,893,1001,1868
20261003,11,11110530,29950,75,299,392,556,1201,1622,1175,1107,1058,1221,1247,1011,1175,1882,144,383,478,872,1367,1373,1415,1201,1285,1228,1414,1390,1310,2070
20261003,11,11110540,7087,31,50,139,195,210,267,271,274,253,259,314,295,243,339,37,96,80,223,270,312,338,423,390,402,360,325,276,414
20261003,11,11110615,58565,117,463,441,1151,2505,2791,2230,2212,2474,2564,2625,2593,2851,5761,177,371,539,1847,2547,2341,2018,2033,2371,2902,2676,2194,2267,3504
20261003,11,11140550,45598,87,295,284,696,1584,1963,1584,1636,1484,1618,1913,1508,1472,3298,125,404,488,1407,1940,2038,1700,1713,1757,1782,2143,2260,3275,5144
20261003,11,11140605,10352,11,12,73,121,327,544,483,435,446,613,605,678,676,915,7,41,140,224,421,561,381,295,337,343,409,328,413,512
20261003,11,11140670,13808,28,97,140,175,625,868,713,587,421,454,623,524,449,915,6,118,114,299,914,958,797,581,461,382,536,459,505,1059
20261003,11,11170520,10985,42,96,141,318,663,834,572,355,396,393,323,323,347,726,12,117,140,271,611,699,482,286,391,367,302,372,448,958
20261003,11,11170625,64385,205,829,997,2095,3443,3865,3433,2793,2213,2212,2048,1845,1671,2468,262,1028,989,2407,4496,4555,3580,2688,2292,2486,2698,2154,1997,2637
20261003,11,11170650,9582,15,32,132,202,555,754,614,418,426,443,502,359,259,475,19,67,70,326,460,482,399,360,225,275,403,394,334,585
20261003,11,11170685,27597,77,254,256,574,1269,1593,1164,1348,1166,1206,1176,940,821,1284,62,243,237,911,1502,1715,1393,1352,1113,1237,1158,936,910,1699
20261003,11,11200690,26756,54,276,516,968,1705,1695,1082,1060,957,1043,967,829,689,949,101,679,828,1561,2085,1718,1106,959,928,851,848,641,582,1078
20261003,11,11215710,29918,45,157,390,1948,3152,2242,1140,841,814,827,770,716,597,1052,68,166,499,2953,3312,1920,928,748,718,777,721,640,551,1224
20261003,11,11440660,59238,51,377,1600,2526,4006,3766,2514,1973,1834,1921,1755,1242,945,1603,84,985,2673,4342,5695,4267,2617,1992,2170,1983,1681,1313,1205,2120
20261003,11,11440690,21868,58,214,290,550,1073,1347,975,816,763,836,791,614,529,1086,58,265,264,733,1394,1465,1033,823,852,951,758,700,765,1866
20261003,11,11440710,16106,11,82,238,369,999,1145,656,594,553,583,492,428,337,734,24,150,267,744,1378,1175,747,646,604,575,587,422,474,1091
20261003,11,11560605,42458,147,727,818,859,1702,2279,1948,1848,1848,1799,1863,1597,1497,2368,218,777,655,833,1806,2220,1962,1942,1991,1697,1729,1198,1322,2809
20261003,11,11620585,23364,61,236,370,1059,2416,1852,1049,661,676,749,757,546,596,998,58,245,287,1349,2221,1540,832,521,612,696,632,591,513,1244
20261003,11,11680510,29067,62,493,750,808,1229,1352,1171,1177,1194,1115,1069,852,683,1415,102,476,1004,1183,1562,1622,1360,1253,1268,1258,1154,792,786,1877
20261003,11,11680545,44109,68,662,900,1033,1786,2084,1650,1654,1699,1596,1487,1248,979,1774,164,825,1026,1874,2920,2457,1954,2127,2265,2042,1802,1515,1486,3032
20261003,11,11680640,75528,81,434,1459,2413,4541,5842,4181,3384,3235,2872,2622,2244,1971,2598,96,468,1502,3553,5736,5735,3647,3260,2668,2563,2317,1931,1619,2556
20261003,11,11710580,28464,52,267,510,608,1428,2063,1394,1112,955,881,910,739,743,1513,79,227,656,805,1939,2121,1428,1134,1082,988,1108,974,930,1818
20261003,12,11110530,36799,83,367,433,670,1467,1919,1412,1293,1295,1313,1404,1242,1490,2635,181,503,472,1137,1675,1642,1735,1514,1515,1623,1661,1608,1762,2748
20261003,12,11110540,8846,54,94,152,213,275,392,330,350,344,357,381,322,242,376,66,93,90,254,441,475,438,495,449,458,533,349,346,477
20261003,12,11110615,77229,243,640,572,1439,2995,3446,2753,2685,2827,2952,3133,3207,3601,8768,233,589,831,2397,3490,3404,2871,2839,3138,3682,3602,2996,3121,4773
20261003,12,11140550,62488,111,430,369,884,1987,2413,1994,2123,1854,1941,2241,2031,2311,5580,199,650,635,1741,2522,2791,2246,2220,2240,2395,3003,3099,4789,7686
20261003,12,11140605,12170,11,18,63,164,427,637,554,469,497,652,669,723,701,1171,18,71,155,316,573,734,483,395,370,417,429,397,450,606
20261003,12,11140670,13850,36,120,124,188,604,850,727,569,444,454,614,575,463,918,11,114,126,293,915,910,797,601,419,361,539,475,493,1108
20261003,12,11170520,12373,38,129,161,432,756,932,610,400,426,442,349,333,355,707,13,133,176,390,771,855,572,352,441,411,374,380,425,1008
20261003,12,11170625,74778,312,968,1062,2437,4225,4641,3890,3117,2570,2391,2140,1891,1696,2478,331,1247,1266,3214,5760,5876,4393,3291,2664,2803,2889,2248,2076,2902
20261003,12,11170650,11177,20,49,158,237,699,848,703,501,460,494,494,420,304,498,30,102,88,404,596,637,442,428,356,330,468,430,351,630
20261003,12,11170685,30595,80,261,278,645,1467,1805,1330,1426,1317,1292,1222,967,809,1249,70,235,320,1109,2013,2241,1635,1449,1290,1347,1258,926,882,1673
20261003,12,11200690,32216,86,332,655,1273,2201,2095,1222,1212,1126,1123,1089,818,761,907,144,1082,1223,2021,2773,2119,1334,1252,1210,1014,876,632,577,1058
20261003,12,11215710,31746,63,173,435,2038,3192,2296,1255,936,880,905,797,748,630,1076,86,266,665,2988,3460,2028,1013,803,820,901,767,652,620,1253
20261003,12,11440660,72925,86,521,2020,3159,5160,4704,2940,2365,2181,2096,1910,1400,1060,1792,133,1857,3946,5596,7417,5380,3146,2444,2487,2221,1904,1412,1348,2240
20261003,12,11440690,23422,41,241,306,626,1161,1455,1062,927,810,858,797,639,546,1100,65,270,284,835,1687,1723,1095,939,880,985,817,658,773,1843
20261003,12,11440710,17707,17,82,244,406,1151,1262,713,600,586,626,474,409,355,743,24,134,392,896,1706,1410,834,729,696,576,636,425,488,1093
20261003,12,11560605,44111,165,736,844,953,1862,2422,1971,1961,1900,1854,1923,1680,1510,2268,232,770,672,947,2006,2427,2036,1974,1980,1711,1796,1268,1329,2912
20261003,12,11620585,24604,62,245,396,1107,2384,1944,1075,731,764,778,795,612,644,1031,71,286,298,1417,2291,1541,850,555,722,730,726,657,622,1271
20261003,12,11680510,31877,61,520,861,897,1423,1582,1325,1283,1277,1165,1114,869,733,1361,126,472,1086,1323,1851,1905,1451,1470,1450,1491,1197,850,846,1887
20261003,12,11680545,48560,80,777,945,1067,2093,2599,1847,1792,1830,1709,1602,1345,1005,1839,174,866,1050,2068,3252,2950,2349,2333,2446,2175,1932,1589,1550,3294
20261003,12,11680640,85339,118,530,1594,2761,5201,6557,4682,3678,3510,3177,2953,2573,2258,2859,120,596,1842,4082,6765,6507,3923,3583,2959,2820,2762,2271,1885,2773
20261003,12,11710580,30027,31,265,541,705,1535,2235,1522,1181,957,921,875,742,761,1447,80,240,719,943,2181,2385,1558,1205,1147,1009,1092,977,946,1826
20261003,13,11110530,41261,137,409,399,733,1654,2118,1531,1471,1401,1450,1436,1386,1686,3059,223,535,608,1260,2003,2007,1828,1772,1741,1763,1828,1755,1976,3094
20261003,13,11110540,10486,44,83,144,258,360,477,359,382,390,393,429,382,254,362,85,128,129,353,577,685,561,609,515,580,603,409,418,517
20261003,13,11110615,96028,306,773,706,1881,3618,4065,3295,3283,3443,3434,3814,3732,4422,10992,324,867,1058,3212,4852,4317,3679,3799,4128,4450,4322,3593,3858,5804
20261003,13,11140550,77808,154,540,457,992,2418,3032,2366,2520,2308,2249,2588,2376,2953,7252,290,878,932,2329,3364,3347,2774,2853,2775,2954,3681,3832,5990,9601
20261003,13,11140605,13963,23,58,62,249,534,783,578,501,597,676,737,734,749,1145,23,88,124,432,750,930,593,510,438,570,469,428,501,682
20261003,13,11140670,13690,35,100,121,175,608,795,694,550,433,513,666,509,485,910,17,117,118,290,851,880,776,574,404,376,539,478,556,1120
20261003,13,11170520,13737,45,133,214,495,829,982,647,501,441,445,342,344,360,722,20,168,214,568,980,1022,650,460,473,452,410,387,414,1018
20261003,13,11170625,83405,348,1102,1174,2753,5046,5436,4226,3355,2653,2541,2350,1952,1669,2542,329,1419,1478,4006,7441,6769,4851,3720,2920,3128,2963,2217,2125,2892
20261003,13,11170650,12911,22,79,175,277,818,962,813,538,494,520,569,482,311,513,37,116,126,482,772,848,588,520,414,399,523,460,400,656
20261003,13,11170685,33446,79,258,336,771,1669,1945,1451,1394,1297,1309,1201,950,821,1260,75,244,390,1362,2567,2863,1888,1609,1389,1443,1320,988,879,1688
20261003,13,11200690,38709,124,450,837,1558,2713,2511,1407,1335,1279,1184,1166,869,742,995,181,1651,1675,2588,3600,2742,1549,1607,1378,1177,952,727,608,1105
20261003,13,11215710,33090,70,215,567,2053,3334,2302,1321,881,958,896,843,743,629,1140,70,402,830,3141,3498,2082,1135,842,859,863,799,670,670,1281
20261003,13,11440660,87462,99,685,3157,3962,6137,5544,3259,2706,2498,2432,2022,1434,1156,1822,176,2831,5545,7011,9127,6646,3661,2932,2960,2522,1969,1500,1339,2331
20261003,13,11440690,24785,36,261,298,677,1381,1581,1088,913,826,815,882,662,537,1107,54,277,317,1026,1983,1868,1162,927,935,1044,881,686,731,1830
20261003,13,11440710,19606,35,100,269,552,1260,1440,785,680,577,614,538,384,365,751,24,233,471,1098,1975,1641,958,776,758,666,615,440,491,1109
20261003,13,11560605,45460,174,742,863,1009,2035,2503,2078,1979,1897,1918,1967,1632,1433,2313,236,756,668,1064,2214,2597,2103,2101,1977,1761,1823,1296,1395,2925
20261003,13,11620585,25133,70,267,368,1062,2428,1974,1155,808,780,720,826,660,659,1069,84,273,335,1334,2287,1582,918,619,705,734,769,655,652,1344
20261003,13,11680510,34376,90,525,862,986,1633,1775,1470,1402,1395,1181,1165,853,717,1377,110,585,1214,1408,2219,2155,1641,1620,1565,1454,1214,930,845,1985
20261003,13,11680545,51053,77,711,961,1214,2295,2908,1969,1917,1941,1867,1609,1383,1007,1752,188,817,1079,2211,3559,3313,2507,2376,2572,2250,2020,1630,1578,3343
20261003,13,11680640,92578,113,639,1830,3109,5831,7082,5038,3998,3735,3164,3130,2689,2422,3135,110,811,2215,4610,7507,7193,4200,3595,3132,3076,2921,2365,2084,2844
20261003,13,11710580,31400,42,281,580,779,1717,2356,1587,1158,997,925,893,724,744,1480,90,274,754,1141,2406,2570,1577,1240,1173,1027,1144,959,928,1855
20261003,14,11110530,46194,168,429,437,894,1906,2302,1633,1582,1592,1579,1558,1500,1787,3440,260,612,660,1485,2504,2351,2089,2016,1885,1910,1990,1951,2114,3559
20261003,14,11110540,12455,50,153,152,321,400,557,414,510,464,448,420,388,332,443,76,138,144,462,705,922,688,789,653,672,665,447,505,538
20261003,14,11110615,109097,302,827,911,2106,4395,4593,3781,3704,3811,4076,4168,4000,4807,11637,450,1191,1286,4007,5961,5207,4361,4557,4649,4986,4746,4052,4277,6246
20261003,14,11140550,86277,220,645,595,1212,2614,3282,2570,2822,2492,2413,2752,2411,3143,7853,376,1203,1087,2853,3880,3880,3186,3330,3272,3352,4052,4311,6327,10143
20261003,14,11140605,15293,18,62,115,314,671,853,661,529,648,675,706,721,779,1202,12,87,171,551,1192,1020,706,503,471,525,504,454,474,671
20261003,14,11140670,13569,35,105,88,142,572,795,663,599,459,500,611,564,484,915,18,125,105,253,804,855,756,584,458,373,568,521,502,1117
20261003,14,11170520,14781,52,148,243,592,1003,1043,699,525,440,484,349,327,391,713,21,178,238,779,1247,1039,634,466,500,472,405,364,407,1023
20261003,14,11170625,92733,390,1267,1284,3349,5935,6107,4573,3577,2881,2645,2429,2056,1838,2688,329,1517,1834,4864,9005,7596,5282,4038,3161,3284,3253,2407,2220,2924
20261003,14,11170650,14360,26,109,240,346,923,1026,929,559,582,587,593,487,343,515,37,106,185,573,899,894,683,549,500,430,592,506,462,677
20261003,14,11170685,35504,67,259,328,908,1942,2045,1553,1389,1263,1299,1165,970,822,1294,92,256,391,1609,3073,3275,2099,1746,1467,1466,1309,971,880,1567
20261003,14,11200690,43420,143,542,945,1868,3037,2719,1672,1457,1324,1221,1172,896,770,984,225,2010,2082,3090,4277,2964,1774,1798,1568,1341,1000,747,629,1164
20261003,14,11215710,33826,82,247,599,2233,3390,2403,1351,923,957,895,832,770,632,1096,82,425,877,3142,3571,2134,1219,818,920,824,822,697,640,1244
20261003,14,11440660,98578,99,871,3681,4482,7255,6236,3613,3012,2663,2454,2207,1464,1181,1836,213,3593,6766,8521,10732,7642,3932,3292,3058,2539,2025,1486,1342,2382
20261003,14,11440690,25427,42,236,338,661,1435,1684,1092,902,811,817,903,612,562,1094,78,256,359,1210,2231,1948,1135,925,902,995,958,708,722,1812
20261003,14,11440710,20878,35,128,282,556,1413,1499,861,691,584,654,573,450,352,819,24,232,501,1243,2240,1734,989,854,774,728,623,425,489,1127
20261003,14,11560605,46347,165,784,822,1011,2165,2652,2092,1983,1949,1964,1942,1603,1338,2283,227,756,665,1172,2319,2787,2159,2125,2057,1820,1913,1347,1384,2862
20261003,14,11620585,25062,81,217,355,1067,2406,2004,1186,843,777,788,820,694,611,1092,85,284,345,1284,2213,1581,908,668,662,741,764,665,658,1263
20261003,14,11680510,35683,96,563,870,916,1843,1986,1442,1382,1433,1193,1163,880,649,1424,109,640,1324,1547,2509,2380,1725,1667,1603,1458,1225,883,801,1971
20261003,14,11680545,52881,95,822,1029,1235,2532,3032,2094,1926,1966,1959,1586,1433,1013,1693,195,830,1144,2430,3836,3545,2542,2503,2597,2258,2044,1629,1540,3374
20261003,14,11680640,97679,118,822,1968,3332,6379,7650,5179,4205,3647,3304,3131,2776,2494,3448,158,857,2387,4983,8097,7644,4329,3802,3315,3147,3010,2438,2053,3005
20261003,14,11710580,32154,48,285,613,818,1868,2441,1544,1166,1033,908,899,728,751,1428,96,265,889,1371,2498,2675,1589,1208,1177,1036,1124,935,941,1822
20261003,15,11110530,48011,140,463,491,1017,2054,2447,1549,1515,1654,1644,1518,1485,1647,3576,285,641,740,1818,2678,2455,2180,2007,1961,1912,2097,1987,2289,3760
20261003,15,11110540,14409,55,141,171,376,568,570,578,550,493,464,462,372,362,550,76,240,143,490,1006,998,787,944,730,814,658,553,590,671
20261003,15,11110615,116750,353,892,994,2463,5127,5295,4116,3978,3949,4405,4406,4097,4988,11278,523,1314,1483,4453,6900,6058,4828,4920,5134,5311,4949,4143,4192,6199
20261003,15,11140550,85548,287,717,599,1434,2849,3475,2759,2800,2525,2478,2928,2341,2744,6865,390,1458,1222,3072,4128,4262,3328,3446,3301,3444,3915,3997,5834,8951
20261003,15,11140605,15768,23,80,86,347,748,923,694,556,655,689,664,725,756,1108,13,100,243,584,1377,1122,714,471,546,534,526,468,435,581
20261003,15,11140670,13231,29,102,85,128,556,786,620,574,449,491,586,512,523,936,23,134,115,250,767,807,729,543,467,377,547,532,491,1072
20261003,15,11170520,15894,52,166,271,661,1023,1125,739,535,537,524,341,321,440,705,22,173,221,931,1526,1153,618,555,571,473,410,381,412,1009
20261003,15,11170625,98055,370,1285,1311,3664,6621,6732,4626,3496,2868,2701,2553,2165,1961,2769,362,1626,2023,5382,10019,8293,5401,4008,3277,3182,3510,2612,2267,2970
20261003,15,11170650,15164,38,105,233,350,1037,1129,969,584,633,583,590,463,365,517,43,153,197,652,1017,941,647,622,511,502,605,506,465,707
20261003,15,11170685,36792,61,312,303,930,2164,2212,1669,1360,1259,1306,1139,948,761,1332,75,235,387,1819,3544,3464,2247,1727,1466,1522,1216,956,870,1508
20261003,15,11200690,47079,131,568,1138,2176,3386,3074,1769,1481,1442,1219,1183,898,715,994,240,2266,2403,3549,4835,3326,1981,1849,1526,1295,1071,756,674,1135
20261003,15,11215710,34183,94,271,713,2382,3464,2453,1421,936,962,902,855,729,620,1100,60,449,907,3201,3520,2165,1088,868,860,803,773,674,673,1241
20261003,15,11440660,105961,149,996,3884,5064,8122,6660,3807,3188,2698,2504,2098,1538,1131,1814,241,4047,7816,9712,11905,8121,4244,3363,3143,2643,1958,1487,1274,2357
20261003,15,11440690,26158,42,217,377,727,1489,1688,1085,908,829,851,896,616,558,1116,79,238,429,1395,2385,2043,1139,984,901,1003,941,688,774,1759
20261003,15,11440710,21853,41,113,281,602,1414,1589,874,664,615,674,576,424,347,851,41,260,553,1459,2487,1935,973,869,764,680,644,453,500,1171
20261003,15,11560605,46963,136,865,817,1012,2360,2712,2110,1918,1963,1998,1805,1615,1370,2348,222,738,703,1282,2445,2986,2205,2076,1979,1828,1854,1321,1379,2917
20261003,15,11620585,24421,80,205,342,1012,2316,1877,1177,794,766,785,752,735,589,1080,91,305,332,1261,2162,1609,929,646,639,725,729,635,613,1234
20261003,15,11680510,36765,74,593,914,952,2032,2100,1496,1472,1397,1237,1129,956,671,1465,104,654,1369,1584,2761,2380,1839,1685,1597,1457,1194,836,814,2003
20261003,15,11680545,53401,116,787,1003,1348,2747,3030,2021,1947,2017,1932,1622,1405,1044,1777,170,830,1151,2476,4021,3675,2495,2459,2611,2239,2064,1624,1434,3355
20261003,15,11680640,98471,165,997,2255,3516,6518,7637,5184,4229,3553,3370,3027,2670,2396,3320,153,1008,2587,5177,8393,7693,4402,3732,3316,3073,2838,2338,2005,2918
20261003,15,11710580,31968,60,361,610,814,1829,2378,1593,1182,976,892,894,778,751,1384,101,269,870,1410,2539,2594,1514,1165,1142,1020,1117,965,972,1791
20261003,16,11110530,48472,128,422,509,1037,2216,2664,1624,1593,1634,1650,1538,1372,1463,3230,305,640,712,1967,2934,2617,2273,1940,1995,1840,2155,1954,2402,3656
20261003,16,11110540,15460,55,133,198,375,661,613,559,519,451,472,559,394,389,842,62,201,180,496,1031,1065,814,865,764,706,676,650,763,966
20261003,16,11110615,118153,312,922,1040,2603,5628,5725,4433,3988,4072,4311,4477,4149,4885,10264,482,1264,1712,4937,7746,6497,4945,4930,5119,5418,4903,3910,4026,5454
20261003,16,11140550,79554,287,789,759,1538,2882,3390,2705,2734,2518,2358,2715,2236,2293,5359,397,1526,1337,3310,4493,4393,3303,3466,3330,3156,3547,3406,4524,6805
20261003,16,11140605,17020,23,69,96,459,961,1114,771,584,676,604,657,762,647,1009,29,154,220,743,1600,1294,787,562,595,587,553,472,445,549
20261003,16,11140670,13335,29,110,79,121,565,831,665,565,487,494,597,494,530,929,29,120,102,257,748,848,729,524,437,372,521,540,548,1064
20261003,16,11170520,16493,56,157,274,737,1200,1136,776,528,451,498,335,324,410,716,26,133,258,1063,1678,1220,646,603,537,457,388,402,462,1023
20261003,16,11170625,101188,341,1177,1385,3871,7207,7151,4722,3457,2948,2727,2610,2214,2021,2750,376,1604,2074,5973,10606,8709,5373,4029,3404,3214,3457,2568,2194,3027
20261003,16,11170650,15908,44,132,234,378,1047,1275,948,589,648,617,568,445,383,520,54,154,204,748,1291,961,730,624,564,548,570,492,471,670
20261003,16,11170685,38084,85,319,319,1023,2274,2432,1743,1410,1214,1292,1138,885,694,1313,69,221,401,1942,4035,3739,2322,1681,1491,1462,1249,889,847,1594
20261003,16,11200690,46938,101,608,1227,2161,3452,3003,1842,1499,1290,1190,1095,826,704,936,208,2158,2629,3733,5101,3335,1907,1839,1469,1211,988,669,609,1147
20261003,16,11215710,34486,70,231,764,2560,3597,2452,1398,920,944,892,806,763,650,1172,70,368,1012,3288,3490,2139,1074,840,815,811,751,645,661,1302
20261003,16,11440660,110910,149,936,4072,5728,8935,7134,3991,3343,2668,2462,2049,1568,1168,1771,248,4140,8342,10536,12874,8273,4293,3518,3145,2480,2046,1449,1283,2309
20261003,16,11440690,26712,42,199,374,802,1594,1751,1100,883,787,878,890,614,590,1139,78,222,462,1454,2452,2085,1226,976,893,1009,1000,731,747,1733
20261003,16,11440710,21974,35,131,304,616,1482,1570,863,697,558,627,610,400,355,846,29,229,532,1504,2626,1928,1025,847,713,696,634,459,517,1142
20261003,16,11560605,46598,130,800,776,1059,2348,2770,2144,1893,1885,1956,1822,1495,1320,2377,213,742,693,1337,2511,3034,2167,2043,1897,1859,1763,1380,1325,2861
20261003,16,11620585,24380,92,211,388,995,2228,1753,1165,794,751,840,771,748,588,1099,103,283,327,1241,2110,1609,898,685,662,737,669,695,636,1302
20261003,16,11680510,36369,75,564,931,978,2062,2080,1513,1443,1295,1195,1100,919,693,1453,112,653,1319,1627,2741,2420,1690,1625,1623,1464,1196,795,801,2002
20261003,16,11680545,52738,125,745,1033,1376,2697,3076,2112,1922,1910,1917,1674,1301,1059,1834,169,849,1176,2362,3967,3553,2496,2419,2552,2212,1935,1588,1386,3292
20261003,16,11680640,97498,136,1006,2373,3583,6552,7535,5167,4119,3454,3144,3031,2607,2368,3055,161,1054,2685,5085,8370,7816,4189,3684,3319,3025,2747,2374,1977,2882
20261003,16,11710580,32081,60,340,624,917,1890,2445,1588,1131,935,895,845,760,770,1410,101,321,896,1475,2571,2592,1462,1102,1112,1046,1075,954,998,1766
20261003,17,11110530,43991,134,449,486,1002,2181,2628,1593,1420,1435,1413,1338,1171,1154,2337,251,640,684,1909,2987,2721,2178,1913,1830,1805,1919,1693,1871,2850
20261003,17,11110540,13665,43,143,172,380,673,565,479,441,404,441,398,348,316,744,91,160,145,558,867,816,660,707,768,588,609,551,683,916
20261003,17,11110615,113716,310,756,1049,2791,6324,6117,4560,3856,3967,4259,4322,3965,4467,8453,439,1232,1794,5195,8243,6901,4794,4643,4818,5029,4453,3421,3341,4217
20261003,17,11140550,68114,273,783,713,1475,2957,3306,2648,2685,2320,2246,2463,1772,1800,3424,350,1399,1282,3048,4494,3981,3100,3074,3097,2707,2981,2402,3120,4216
20261003,17,11140605,19087,35,60,148,583,1283,1387,902,597,665,668,697,730,729,887,48,138,251,1054,2134,1431,859,592,633,631,604,433,437,469
20261003,17,11140670,13945,27,104,83,132,623,888,704,573,492,555,617,511,517,955,17,115,120,255,753,916,781,586,434,400,544,533,576,1134
20261003,17,11170520,17586,44,167,282,763,1362,1281,787,570,485,509,348,365,405,749,26,156,280,1189,1881,1250,725,639,588,433,421,373,463,1047
20261003,17,11170625,101332,340,1056,1550,4030,7617,7411,4644,3502,2831,2556,2580,2121,1830,2526,362,1579,2059,6313,11276,8947,5277,4002,3218,3093,3300,2502,1954,2856
20261003,17,11170650,16764,39,171,213,521,1116,1448,983,609,627,533,480,410,358,535,54,188,214,838,1587,1078,848,693,572,492,584,494,423,658
20261003,17,11170685,38157,69,282,360,1027,2360,2495,1716,1483,1169,1244,1087,795,680,1257,57,227,434,2071,4200,3609,2239,1705,1525,1469,1207,889,857,1643
20261003,17,11200690,44514,74,530,1252,2153,3485,2780,1690,1269,1145,1045,1030,742,677,940,213,2031,2550,3741,4897,3106,1762,1686,1337,1094,965,675,576,1069
20261003,17,11215710,35957,65,221,873,2630,3846,2596,1440,1000,1010,934,854,784,652,1196,75,284,1019,3468,3819,2253,1098,847,840,798,781,633,642,1299
20261003,17,11440660,113667,88,971,4231,6366,9425,7473,4048,3344,2661,2521,1985,1514,1150,1765,310,3880,8468,11158,13624,8650,4252,3363,3022,2497,1953,1366,1332,2249
20261003,17,11440690,26777,48,215,442,805,1524,1699,1028,885,801,937,915,648,628,1221,59,261,461,1427,2398,2009,1239,980,883,1013,961,731,748,1811
20261003,17,11440710,22184,29,136,292,650,1553,1658,910,716,580,641,549,410,403,814,29,204,569,1462,2554,2021,1097,751,686,694,652,469,527,1130
20261003,17,11560605,46778,131,727,820,1144,2420,2788,2265,1866,1914,1827,1746,1409,1267,2349,212,730,775,1467,2623,3110,2178,1975,1935,1840,1764,1345,1281,2871
20261003,17,11620585,24699,86,197,404,1074,2268,1821,1132,728,773,857,772,730,600,1129,85,235,342,1279,2262,1607,895,613,685,760,703,685,652,1328
20261003,17,11680510,35801,86,567,965,1029,2112,1972,1515,1374,1295,1213,1021,865,709,1438,98,657,1261,1701,2739,2281,1592,1569,1550,1445,1218,764,787,1978
20261003,17,11680545,52136,131,753,1063,1417,2848,3020,2102,1920,1930,1861,1743,1293,1081,1885,193,841,1136,2277,3743,3330,2433,2322,2541,2158,1933,1545,1438,3198
20261003,17,11680640,94757,100,843,2272,3542,6699,7430,5076,4063,3451,3089,2970,2379,2090,2895,136,1008,2643,5096,8145,7657,4032,3483,3278,2897,2585,2209,1841,2847
20261003,17,11710580,32894,36,380,638,1032,2014,2463,1577,1109,949,917,924,776,788,1457,106,310,917,1597,2695,2488,1469,1129,1197,1008,1158,898,1025,1837
20261003,18,11110530,37658,86,404,471,906,2008,2372,1617,1326,1210,1133,1210,993,874,1565,151,487,643,1808,2761,2581,1987,1702,1692,1557,1681,1327,1286,1822
20261003,18,11110540,9983,42,144,166,316,517,476,361,327,307,320,249,245,214,508,72,164,138,414,715,653,443,527,540,424,361,337,422,581
20261003,18,11110615,107340,297,708,960,3179,7073,6578,4581,3643,3838,3984,3863,3588,3734,6374,441,1044,1805,5613,8991,6859,4511,4260,4222,4390,3932,2970,2669,3233
20261003,18,11140550,57279,247,790,709,1359,2642,3014,2285,2477,2117,1951,2108,1462,1298,2092,308,1364,1214,2889,4037,3599,2744,3014,2908,2496,2474,1739,1790,2153
20261003,18,11140605,20735,12,73,163,749,1835,1714,1001,640,621,687,712,720,684,742,47,107,262,1225,2417,1790,933,617,663,600,530,375,385,428
20261003,18,11140670,13976,21,98,92,147,630,907,670,572,495,540,598,500,550,908,23,138,137,253,798,965,801,621,448,410,563,508,527,1054
20261003,18,11170520,18013,50,178,227,769,1368,1338,831,514,527,506,376,352,392,783,48,136,322,1273,1792,1330,769,603,633,489,429,353,530,1095
20261003,18,11170625,99463,314,964,1589,4223,8020,7685,4559,3313,2738,2457,2406,2027,1594,2373,351,1440,2131,6365,11551,8674,5088,3787,3001,2952,3091,2312,1852,2605
20261003,18,11170650,17963,32,169,204,706,1319,1626,1032,694,587,539,425,404,311,541,49,201,253,1063,1846,1232,935,688,522,493,587,458,418,631
20261003,18,11170685,36100,50,312,371,977,2283,2338,1647,1548,1109,1171,1067,774,685,1222,57,260,427,1800,3978,3130,2043,1597,1414,1338,1159,937,786,1619
20261003,18,11200690,40398,98,391,1048,2025,3177,2657,1476,1204,1138,945,922,669,615,900,193,1717,2186,3395,4422,2781,1536,1474,1288,1028,865,646,559,1041
20261003,18,11215710,37732,59,249,927,3015,4039,2891,1470,1041,1012,1013,865,744,588,1157,53,287,1138,3835,3996,2386,1117,864,816,800,832,618,600,1319
20261003,18,11440660,113593,76,916,4253,7022,10079,7725,4089,3240,2559,2476,1996,1380,1163,1662,256,3287,8319,11531,13843,8314,4198,3219,2788,2386,1962,1382,1286,2185
20261003,18,11440690,26753,42,257,419,910,1505,1727,1032,941,835,941,881,697,642,1228,54,256,480,1260,2318,2023,1181,996,905,1001,890,730,782,1822
20261003,18,11440710,22488,29,115,326,708,1618,1733,937,721,570,674,532,399,388,807,35,229,582,1430,2629,1983,1070,717,689,750,652,460,548,1156
20261003,18,11560605,46741,128,756,825,1222,2400,2972,2304,1851,1881,1781,1700,1252,1141,2305,229,783,808,1632,2828,3166,2155,1897,1958,1833,1634,1289,1214,2799
20261003,18,11620585,25528,73,229,438,1210,2530,1917,1186,795,720,904,724,731,579,1099,90,199,336,1441,2426,1696,874,622,684,723,741,663,611,1287
20261003,18,11680510,34306,79,518,949,1038,2090,1903,1472,1224,1259,1169,1037,825,663,1445,108,571,1199,1570,2563,2182,1493,1442,1438,1390,1161,768,763,1988
20261003,18,11680545,50561,107,778,1138,1376,2723,2950,2093,1886,1910,1802,1665,1304,1115,1948,196,836,1110,2170,3475,3189,2336,2217,2386,2026,1982,1505,1286,3054
20261003,18,11680640,91396,122,654,2227,3800,7048,7628,4829,3902,3234,2809,2619,2083,1898,2789,141,888,2723,4937,8216,7265,3771,3353,3033,2718,2412,1931,1647,2719
20261003,18,11710580,33383,36,342,594,1026,2149,2544,1605,1107,984,919,926,798,815,1460,111,309,822,1551,2745,2616,1495,1167,1187,985,1186,907,1022,1976
20261003,19,11110530,31852,57,316,450,784,1637,2018,1414,1141,1030,1023,995,885,751,1247,107,434,572,1588,2453,2194,1719,1386,1360,1338,1376,1077,1004,1497
20261003,19,11110540,7068,12,100,145,298,411,339,271,223,236,265,176,201,137,304,31,110,129,304,491,423,288,325,389,295,250,200,261,454
20261003,19,11110615,97895,239,589,974,3466,7600,7007,4541,3273,3582,3523,3456,3043,2951,4590,348,842,1587,5545,9163,6628,3984,3496,3659,3648,3351,2491,2001,2320
20261003,19,11140550,47439,175,622,679,1244,2332,2803,2054,2188,1930,1647,1593,1124,951,1292,305,1108,1079,2618,3567,3085,2391,2544,2405,2070,1896,1217,1162,1356
20261003,19,11140605,20246,17,69,153,877,2046,1804,1001,599,593,580,630,532,514,562,41,66,210,1341,2685,1879,876,626,609,519,453,288,331,342
20261003,19,11140670,13986,20,113,97,139,640,897,694,566,494,487,581,492,529,879,23,136,135,236,870,1038,753,644,469,415,527,527,520,1063
20261003,19,11170520,17960,44,160,227,773,1334,1323,844,506,492,510,368,355,406,845,37,120,320,1160,1805,1445,820,567,606,462,407,355,545,1123
20261003,19,11170625,92644,230,854,1429,4113,7921,7555,4233,3142,2504,2240,2248,1933,1508,2087,283,1237,1914,6256,11175,8182,4559,3296,2608,2516,2747,1935,1611,2327
20261003,19,11170650,18950,55,152,248,802,1667,1727,1064,763,587,534,355,384,268,499,49,192,314,1308,2194,1270,975,701,533,451,504,379,376,601
20261003,19,11170685,34030,61,301,372,986,2205,2320,1481,1446,1060,1036,1021,706,669,1191,62,311,399,1679,3614,2894,1932,1532,1315,1224,1015,873,745,1579
20261003,19,11200690,35295,108,353,793,1688,2727,2417,1353,1075,951,885,876,619,562,890,175,1341,1745,2968,3823,2448,1364,1175,1072,896,817,628,534,1012
20261003,19,11215710,39243,58,225,964,3364,4355,3076,1567,1074,958,925,922,704,599,1149,47,272,1218,4119,4374,2444,1071,833,814,799,760,631,589,1334
20261003,19,11440660,109938,64,751,4185,7242,10650,7818,3930,3012,2491,2361,1858,1342,1024,1632,213,2466,7688,11467,13547,8047,3930,2829,2668,2283,1834,1284,1233,2089
20261003,19,11440690,26235,41,265,382,817,1475,1852,1088,880,849,910,857,727,670,1242,53,274,453,1135,2160,2036,1131,1013,867,918,864,733,772,1771
20261003,19,11440710,22036,29,107,278,724,1614,1743,973,701,538,634,548,382,419,870,40,201,521,1361,2432,1926,1013,687,681,721,657,496,529,1211
20261003,19,11560605,46708,132,755,860,1207,2474,2946,2350,1893,1874,1789,1547,1239,1078,2308,238,785,859,1663,2980,3211,2198,1962,1949,1672,1580,1172,1213,2771
20261003,19,11620585,26299,72,263,531,1360,2689,2079,1228,803,711,893,709,762,545,1041,95,198,403,1637,2528,1760,909,656,654,696,672,609,584,1215
20261003,19,11680510,32650,79,495,914,1041,1942,1924,1429,1225,1219,1113,996,815,618,1457,135,558,1116,1525,2450,2002,1361,1230,1309,1306,1047,767,696,1881
20261003,19,11680545,47048,106,641,1130,1309,2624,2664,1979,1783,1793,1779,1598,1201,1027,1915,166,800,1040,2158,2937,2799,2206,2012,2147,1937,1780,1354,1219,2943
20261003,19,11680640,85337,93,591,2037,3744,6967,7325,4528,3594,3078,2703,2367,1801,1707,2582,149,741,2532,4618,7791,6739,3487,3086,2918,2439,2127,1631,1493,2469
20261003,19,11710580,33214,41,335,607,1020,2167,2443,1689,1114,989,859,925,835,814,1549,98,279,796,1552,2724,2582,1507,1115,1123,992,1173,893,1023,1969
20261003,20,11110530,26842,39,226,368,710,1432,1665,1243,925,864,859,828,786,633,1027,60,311,439,1404,2097,1858,1385,1126,1157,1165,1159,948,837,1292
20261003,20,11110540,4991,12,63,124,232,317,220,173,137,174,178,150,168,117,227,19,72,87,214,312,285,217,207,223,218,167,164,172,343
20261003,20,11110615,84785,182,461,790,3518,7509,6677,4185,3054,3179,3013,2802,2404,2211,3174,252,654,1401,5061,8652,5996,3209,2782,3104,2860,2603,1829,1445,1779
20261003,20,11140550,36958,132,448,500,1147,1989,2312,1657,1754,1579,1346,1336,883,683,855,262,798,857,2282,2851,2407,1776,1771,1784,1536,1362,912,801,939
20261003,20,11140605,18696,23,68,131,839,2084,1776,971,536,538,495,546,405,382,402,29,105,227,1252,2579,1873,783,571,545,456,350,210,240,279
20261003,20,11140670,14277,26,112,89,148,655,953,743,603,529,469,559,487,465,805,23,155,120,267,906,1107,817,659,507,397,507,518,553,1098
20261003,20,11170520,16752,49,133,208,740,1119,1243,792,504,435,509,351,333,387,830,36,137,269,1060,1570,1314,778,525,525,434,412,375,541,1143
20261003,20,11170625,83491,156,684,1280,3696,7232,6927,3886,2754,2075,1960,2103,1799,1387,1907,262,1003,1765,5730,10206,7557,4097,2782,2131,2338,2447,1734,1407,2186
20261003,20,11170650,19595,49,119,249,934,1941,1896,1112,819,562,441,334,335,260,478,55,166,331,1480,2457,1409,918,641,487,372,463,369,368,549
20261003,20,11170685,31451,61,291,333,859,1999,2127,1425,1356,1005,957,969,677,629,1188,74,288,397,1500,3149,2614,1757,1476,1173,1163,976,800,719,1490
20261003,20,11200690,29136,71,278,638,1322,2219,2102,1138,940,840,797,769,543,524,813,149,919,1305,2274,2966,2016,1102,1013,814,742,755,572,492,1023
20261003,20,11215710,39688,39,200,919,3688,4590,3126,1588,973,939,912,846,698,569,1115,46,240,1162,4328,4507,2504,1052,832,797,771,745,589,603,1308
20261003,20,11440660,101308,71,652,3884,7086,10276,7620,3708,2760,2316,2206,1707,1305,925,1534,191,1631,6398,10790,12616,7317,3399,2442,2374,2102,1670,1211,1074,2042
20261003,20,11440690,24831,46,265,359,741,1457,1740,1100,822,790,791,802,703,675,1248,53,251,382,1024,1925,1806,1039,970,834,886,866,722,789,1745
20261003,20,11440710,20801,34,123,288,637,1569,1598,961,682,511,589,534,372,419,882,35,202,419,1208,2162,1817,948,652,682,661,661,477,522,1154
20261003,20,11560605,44307,133,732,820,1194,2337,2747,2210,1843,1782,1761,1423,1134,1000,2185,224,794,811,1530,2909,2984,2093,1922,1883,1591,1469,1086,1142,2570
20261003,20,11620585,26124,71,262,502,1311,2779,2185,1240,810,738,834,717,662,522,977,94,208,407,1742,2527,1688,891,689,584,683,640,589,548,1226
20261003,20,11680510,29601,71,463,853,940,1797,1708,1223,1141,1089,1017,949,784,582,1409,91,457,978,1366,2254,1712,1246,1016,1202,1152,956,692,658,1794
20261003,20,11680545,42037,76,592,996,1253,2274,2353,1665,1549,1649,1705,1477,1102,950,1896,140,722,924,1781,2558,2390,1834,1670,1953,1762,1607,1215,1095,2849
20261003,20,11680640,76709,98,458,1785,3450,6425,6744,4137,3343,2912,2473,2102,1522,1395,2201,118,553,2190,4252,7128,6013,3206,2765,2579,2155,1833,1431,1245,2197
20261003,20,11710580,32201,52,297,580,969,2012,2395,1657,1069,932,890,902,849,831,1563,108,224,711,1407,2610,2464,1476,1098,1070,1043,1120,887,1024,1962
20261003,21,11110530,22025,33,198,284,546,1135,1410,1009,727,694,754,705,696,566,883,54,258,393,1137,1690,1446,1083,958,929,859,966,744,716,1147
20261003,21,11110540,3785,6,33,133,197,198,152,106,127,131,153,139,122,111,206,19,47,55,128,238,197,146,167,113,156,137,125,132,314
20261003,21,11110615,71004,140,368,708,3139,7082,6413,3669,2699,2584,2518,2159,1872,1667,2251,157,508,1167,4513,7489,5085,2657,2127,2371,2134,1864,1375,971,1316
20261003,21,11140550,27228,106,348,344,978,1604,1810,1211,1311,1184,1104,1006,717,471,598,174,505,674,1805,2330,1788,1198,1141,1081,1079,888,578,517,674
20261003,21,11140605,16736,12,56,140,842,2036,1597,838,531,463,397,435,314,307,322,24,84,220,1132,2408,1733,678,533,435,345,262,186,172,233
20261003,21,11140670,14417,26,121,103,173,684,1052,755,597,492,457,518,443,426,768,28,156,124,306,997,1165,843,635,503,381,524,521,539,1080
20261003,21,11170520,15013,48,131,189,582,972,1130,699,475,402,452,336,315,418,857,30,115,192,829,1295,1128,714,435,452,396,375,384,531,1131
20261003,21,11170625,71979,126,582,1090,3195,6214,6362,3452,2312,1753,1637,1875,1626,1264,1710,232,761,1383,4757,8817,6528,3525,2357,1703,2063,1994,1463,1224,1972
20261003,21,11170650,20767,32,62,303,1145,2284,2204,1212,765,575,396,310,327,252,429,42,106,339,1740,2775,1555,927,604,469,330,403,322,336,521
20261003,21,11170685,28361,66,272,310,719,1813,1959,1351,1285,942,927,933,652,605,1147,67,267,379,1185,2565,2203,1533,1308,1063,1054,872,745,684,1457
20261003,21,11200690,24033,71,221,548,1060,1777,1736,1039,814,798,745,697,540,476,787,124,542,855,1755,2293,1456,917,741,647,687,721,516,480,991
20261003,21,11215710,39327,39,151,874,3673,4687,3104,1487,932,894,901,840,664,547,1108,51,212,1173,4413,4625,2495,1005,799,747,704,735,565,587,1316
20261003,21,11440660,90737,64,473,3331,6943,9830,6968,3471,2567,2162,1964,1583,1115,829,1464,123,1023,4974,9714,11056,6545,3009,2086,2092,1897,1453,1005,1026,1971
20261003,21,11440690,23621,46,245,330,650,1379,1602,1008,783,802,811,785,655,661,1224,53,260,335,878,1673,1688,999,881,837,874,864,753,805,1739
20261003,21,11440710,19350,33,106,256,594,1363,1480,861,643,503,583,538,379,423,867,29,175,396,1064,1859,1593,866,644,621,667,667,473,521,1144
20261003,21,11560605,45051,145,767,854,1193,2349,2758,2198,1923,1835,1786,1426,1137,941,2259,234,813,858,1514,2918,2961,2114,1997,1940,1669,1418,1113,1203,2728
20261003,21,11620585,25156,64,251,520,1288,2734,2181,1191,772,725,750,684,589,506,901,80,195,371,1612,2476,1613,863,674,582,617,604,544,554,1214
20261003,21,11680510,26901,59,413,765,874,1631,1491,1040,1031,1014,949,900,730,532,1355,80,437,850,1257,1911,1479,1076,946,1139,1077,908,627,602,1725
20261003,21,11680545,37352,64,561,901,1032,1969,2026,1448,1347,1540,1595,1350,1026,914,1849,140,663,861,1420,2176,1989,1453,1491,1707,1619,1388,1009,1010,2804
20261003,21,11680640,68947,96,425,1489,2963,5872,6265,3968,3112,2675,2343,1906,1312,1213,1873,123,466,1803,3741,6445,5289,3000,2514,2344,1883,1585,1174,1087,1980
20261003,21,11710580,30854,51,343,484,869,1790,2314,1602,1071,902,893,870,813,841,1538,96,232,631,1204,2353,2364,1393,1070,1053,1044,1134,851,1071,1975
20261003,22,11110530,17520,27,189,229,424,869,1083,768,592,578,682,601,633,464,828,47,245,265,828,1124,982,798,764,752,742,772,588,568,1077
20261003,22,11110540,3413,,21,139,196,179,142,100,110,97,130,119,127,108,213,20,48,63,148,157,155,114,123,121,116,111,107,136,315
20261003,22,11110615,55987,87,276,538,2737,6042,5537,3148,2193,2059,2101,1631,1359,1231,1614,132,345,843,3535,5898,3810,2005,1548,1773,1526,1298,1012,684,1023
20261003,22,11140550,19948,72,225,256,811,1257,1371,928,966,935,872,862,629,323,485,132,314,483,1417,1663,1263,770,759,637,665,595,367,352,539
20261003,22,11140605,14244,7,40,118,758,1858,1442,694,497,382,293,303,242,271,289,29,70,162,925,2083,1489,563,439,357,262,196,142,141,192
20261003,22,11140670,14502,26,115,125,182,665,1040,762,611,508,453,524,421,412,777,22,163,107,348,1045,1153,806,678,520,375,544,526,525,1069
20261003,22,11170520,13765,41,123,191,507,842,1023,617,457,370,438,350,318,407,857,12,124,177,694,1121,966,610,420,377,369,324,397,533,1100
20261003,22,11170625,56533,79,431,842,2408,4842,5065,2772,1833,1452,1445,1586,1412,1053,1554,203,498,1026,3391,6365,4964,2803,1858,1387,1628,1608,1148,1013,1868
20261003,22,11170650,21143,25,33,308,1320,2568,2446,1307,705,505,356,270,304,217,424,40,89,312,1816,2923,1599,847,513,412,337,366,312,311,477
20261003,22,11170685,25202,60,254,302,641,1664,1754,1277,1178,930,855,847,624,623,1131,43,242,286,881,1914,1766,1303,1131,976,945,813,677,671,1414
20261003,22,11200690,19780,54,196,387,806,1355,1416,851,749,660,664,692,553,466,825,102,338,516,1171,1713,1142,729,612,578,580,634,505,486,999
20261003,22,11215710,38088,39,142,821,3591,4552,3095,1366,915,838,830,794,632,527,1092,51,201,1015,4398,4433,2392,1023,792,754,685,680,564,564,1302
20261003,22,11440660,78751,41,359,2821,6575,8775,6093,3120,2168,1823,1769,1419,1012,740,1396,89,622,3808,8701,9146,5411,2605,1786,1780,1712,1233,898,930,1917
20261003,22,11440690,22274,34,194,281,613,1201,1513,951,797,738,796,755,660,644,1256,58,238,326,772,1500,1513,900,851,793,817,812,708,811,1741
20261003,22,11440710,18150,33,104,238,535,1288,1356,819,589,516,561,534,394,418,867,29,133,307,919,1699,1403,823,577,613,643,641,451,521,1139
20261003,22,11560605,43288,131,776,922,1174,2156,2453,2103,1871,1790,1815,1421,1128,972,2203,238,840,876,1336,2676,2644,2056,1986,1872,1607,1381,1020,1170,2671
20261003,22,11620585,24455,64,236,482,1330,2744,2131,1165,753,693,677,682,544,466,895,80,182,352,1555,2513,1498,811,608,543,598,599,532,527,1194
20261003,22,11680510,24241,53,393,688,839,1428,1269,871,944,935,892,840,671,498,1323,85,368,724,1153,1552,1262,932,843,1014,1015,826,592,553,1676
20261003,22,11680545,34670,63,537,811,939,1809,1834,1312,1259,1453,1461,1313,958,871,1843,144,624,825,1231,1915,1606,1344,1362,1638,1555,1307,928,952,2779
20261003,22,11680640,61915,79,342,1223,2569,5338,5526,3747,2954,2549,2177,1752,1208,1126,1738,105,366,1287,3190,5523,4751,2771,2404,2144,1780,1360,1016,1020,1869
20261003,22,11710580,29548,46,315,442,772,1638,2185,1523,1068,856,888,881,822,837,1531,100,214,580,1067,2042,2226,1395,1057,1052,1007,1125,864,1062,1953
20261003,23,11110530,14283,21,168,201,291,637,831,602,515,495,562,543,532,409,789,41,218,231,591,774,733,627,575,617,624,627,495,488,1047
20261003,23,11110540,2976,,24,127,156,130,112,87,105,87,100,118,121,118,209,26,47,52,81,117,99,102,111,115,101,84,105,128,313
20261003,23,11110615,43464,76,227,389,2284,4894,4346,2658,1758,1744,1740,1300,1101,985,1327,121,280,599,2517,4299,2709,1446,1154,1308,1098,926,806,472,899
20261003,23,11140550,13972,33,157,149,548,878,1036,698,758,709,669,659,532,272,415,63,166,339,959,1064,736,538,476,407,418,333,252,217,491
20261003,23,11140605,11132,12,45,125,566,1436,1140,539,404,311,234,233,216,210,255,18,54,120,646,1575,1163,407,345,320,201,149,121,123,165
20261003,23,11140670,14364,31,103,133,207,653,1027,769,615,505,429,539,421,407,765,22,154,99,353,1032,1147,814,650,507,362,563,499,518,1041
20261003,23,11170520,12655,35,110,172,462,735,922,575,418,359,427,353,312,423,861,12,117,165,530,929,786,549,384,360,336,312,394,534,1084
20261003,23,11170625,44896,62,354,634,1894,3678,3918,2328,1524,1259,1206,1390,1243,948,1458,152,414,774,2323,4475,3564,2271,1481,1117,1358,1390,984,925,1773
20261003,23,11170650,21988,25,22,290,1493,2928,2828,1379,719,512,333,240,287,214,418,40,73,275,1831,3025,1758,827,436,334,264,354,294,313,478
20261003,23,11170685,23039,59,251,285,634,1615,1649,1263,1021,865,825,779,594,592,1072,42,237,231,716,1514,1494,1148,1012,849,854,749,639,640,1408
20261003,23,11200690,16439,42,170,329,626,1054,1123,731,642,565,614,654,512,449,823,101,244,358,660,1187,905,622,472,491,519,619,475,467,987
20261003,23,11215710,35781,38,120,653,3427,4254,2909,1218,848,796,735,763,617,526,1087,45,172,879,4142,4125,2272,964,793,680,638,693,548,544,1295
20261003,23,11440660,66651,34,255,2314,5807,7531,5171,2662,1928,1578,1548,1283,920,664,1362,82,402,2768,7220,7309,4378,2276,1565,1512,1497,1069,835,822,1858
20261003,23,11440690,21424,34,197,301,592,1104,1465,913,759,752,792,749,655,605,1229,41,215,287,628,1345,1384,899,846,776,794,820,720,787,1735
20261003,23,11440710,17133,38,107,253,445,1146,1256,804,563,506,526,544,388,432,850,23,131,259,797,1522,1208,747,587,620,599,642,449,515,1174
20261003,23,11560605,41636,131,784,895,1136,1973,2244,2006,1852,1796,1790,1450,1060,997,2179,245,872,837,1167,2264,2363,1931,1972,1872,1576,1343,1017,1171,2713
20261003,23,11620585,23881,69,231,459,1335,2738,2106,1111,721,654,606,631,537,452,873,79,186,351,1468,2465,1531,841,599,536,550,564,505,486,1197
20261003,23,11680510,21729,58,355,637,731,1170,1048,750,841,840,823,755,642,484,1322,90,371,663,950,1218,1033,805,768,902,944,810,553,508,1659
20261003,23,11680545,32409,56,518,782,872,1613,1680,1162,1182,1336,1364,1275,933,812,1808,142,571,752,1109,1802,1423,1230,1243,1504,1426,1206,925,931,2752
20261003,23,11680640,54590,78,300,987,2113,4460,4778,3397,2719,2401,2022,1658,1152,1003,1685,110,331,978,2556,4451,4106,2484,2226,1979,1623,1264,966,943,1821
20261003,23,11710580,28200,45,311,416,663,1488,2057,1434,1078,854,892,864,834,842,1528,93,207,524,857,1852,2047,1342,1061,1000,964,1122,859,1031,1934
20261004,00,11110530,11693,13,158,185,214,468,595,485,465,442,494,482,440,367,782,31,211,187,275,474,529,501,491,518,495,529,444,416,1003
20261004,00,11110540,2665,7,18,119,137,102,80,82,90,90,89,106,116,119,221,24,34,35,45,76,81,68,105,106,96,83,106,128,301
20261004,00,11110615,29447,66,178,253,1244,3172,2929,2018,1353,1368,1340,955,849,721,1137,109,257,311,1117,2377,1470,982,889,986,885,776,622,362,721
20261004,00,11140550,8211,16,97,73,166,352,549,494,558,594,564,565,415,174,286,22,94,84,249,291,408,349,315,230,272,209,166,179,438
20261004,00,11140605,6980,12,33,68,293,779,682,357,289,233,173,197,130,173,220,23,43,103,318,872,602,303,273,229,145,96,105,84,146
20261004,00,11140670,14786,32,114,135,194,691,1054,768,622,514,441,549,449,405,795,17,169,98,340,1080,1210,836,653,537,371,575,503,545,1089
20261004,00,11170520,11312,41,110,159,385,536,752,523,379,355,437,338,313,412,835,12,110,163,385,646,595,470,370,357,322,285,401,550,1071
20261004,00,11170625,33887,66,327,484,1254,2265,2683,1810,1360,1022,1083,1235,1141,860,1422,148,296,495,1123,2443,2450,1866,1236,996,1115,1229,891,863,1725
20261004,00,11170650,21831,24,13,300,1585,3126,2911,1469,679,575,327,219,276,199,442,29,67,239,1595,2938,1738,727,436,294,194,335,308,298,489
20261004,00,11170685,22112,54,244,287,633,1703,1784,1268,1033,809,739,761,577,585,1089,44,240,208,615,1225,1278,1037,924,788,818,726,604,642,1397
20261004,00,11200690,13945,49,162,256,442,767,957,592,540,511,554,567,506,427,836,100,157,215,448,828,703,515,454,454,482,592,457,433,941
20261004,00,11215710,32345,38,118,451,3039,3705,2608,1143,821,690,686,696,561,507,1054,55,130,697,3667,3733,2099,978,690,607,582,652,512,515,1309
20261004,00,11440660,50653,16,211,1586,4700,5626,3963,2056,1647,1244,1228,1140,781,571,1284,68,273,1518,4729,4846,3233,1715,1320,1274,1286,957,793,778,1807
20261004,00,11440690,20645,28,187,259,515,979,1332,890,757,715,786,757,664,606,1238,45,210,276,558,1224,1279,887,841,776,786,805,725,773,1749
20261004,00,11440710,15736,27,97,216,362,1014,1132,734,517,520,528,515,409,419,843,18,122,248,629,1196,1051,718,536,564,589,603,443,518,1166
20261004,00,11560605,37353,121,777,857,953,1463,1834,1718,1737,1667,1638,1326,991,917,2126,239,859,772,899,1598,1955,1761,1856,1815,1478,1239,973,1109,2670
20261004,00,11620585,22569,64,219,391,1193,2634,1995,1041,642,647,617,606,500,445,845,69,175,329,1329,2292,1437,817,559,523,558,538,459,475,1169
20261004,00,11680510,19413,42,361,549,666,969,846,627,700,754,749,729,584,468,1304,90,376,593,732,824,804,700,717,848,874,789,542,483,1693
20261004,00,11680545,30611,62,489,708,839,1442,1505,1098,1053,1352,1260,1242,921,803,1790,124,549,765,949,1607,1272,1178,1193,1355,1390,1162,911,891,2702
20261004,00,11680640,45296,77,263,724,1363,3104,3951,2837,2400,2127,1810,1521,1018,912,1619,104,329,612,1550,3320,3313,2275,2063,1803,1485,1134,911,885,1783
20261004,00,11710580,26886,38,288,371,588,1282,1946,1429,985,824,885,827,802,828,1599,82,224,461,645,1645,1886,1332,1025,983,958,1097,876,1024,1956
20261004,01,11110530,12018,15,175,199,229,473,600,492,466,452,515,485,440,377,816,34,219,196,278,482,531,509,518,532,515,541,454,421,1054
20261004,01,11110540,2662,7,18,123,137,102,77,80,93,92,89,105,113,117,217,24,34,35,40,72,85,73,105,107,97,86,106,128,301
20261004,01,11110615,27684,66,178,227,1104,2890,2622,1884,1291,1339,1294,919,797,698,1112,109,258,287,995,2153,1372,955,875,974,870,758,612,348,699
20261004,01,11140550,7828,16,97,71,150,331,488,469,530,569,545,549,409,180,288,22,94,81,199,275,391,338,304,229,256,190,151,174,429
20261004,01,11140605,6329,7,27,68,285,705,624,319,271,215,150,175,111,167,214,23,47,92,282,726,507,265,258,224,141,88,105,84,151
20261004,01,11140670,14842,27,114,130,188,660,1072,779,603,533,442,542,458,397,790,17,169,109,359,1114,1203,824,659,556,367,586,501,539,1103
20261004,01,11170520,11164,41,110,155,346,542,758,505,380,348,433,317,310,429,836,12,105,167,375,608,576,472,378,336,313,286,403,550,1072
20261004,01,11170625,31890,66,333,443,1128,1995,2375,1726,1280,943,1036,1201,1094,855,1418,148,300,466,1007,2194,2226,1817,1207,933,1067,1190,872,861,1710
20261004,01,11170650,21637,24,14,278,1578,3045,2928,1487,712,558,341,227,272,199,439,29,67,238,1593,2909,1662,704,418,296,193,330,306,294,497
20261004,01,11170685,22284,54,240,305,701,1734,1875,1339,1030,822,761,755,571,584,1084,44,241,210,646,1160,1230,1000,932,772,805,729,608,641,1409
20261004,01,11200690,13819,49,162,244,421,773,904,607,533,538,568,577,496,441,829,100,156,212,454,791,657,509,453,443,478,589,455,437,945
20261004,01,11215710,31516,38,118,447,2899,3621,2573,1110,791,659,674,671,535,503,1054,55,136,661,3518,3634,2054,954,684,598,554,645,508,526,1298
20261004,01,11440660,47704,11,206,1538,4495,5216,3694,1881,1554,1176,1143,1041,747,569,1256,68,250,1457,4307,4422,3046,1621,1278,1237,1208,907,815,768,1792
20261004,01,11440690,20496,28,181,263,500,1004,1269,888,773,700,773,753,670,610,1229,45,210,265,546,1202,1272,874,834,768,769,809,722,781,1758
20261004,01,11440710,15514,27,97,229,339,960,1092,716,509,531,542,527,407,419,839,18,117,248,604,1151,1017,719,525,553,589,615,445,514,1166
20261004,01,11560605,36535,116,771,830,919,1306,1688,1639,1698,1674,1626,1324,987,901,2134,239,863,784,829,1486,1853,1733,1854,1781,1479,1265,987,1108,2660
20261004,01,11620585,22059,64,225,401,1129,2543,1894,1012,614,654,617,604,496,449,841,69,175,312,1293,2232,1384,812,542,521,548,519,458,480,1173
20261004,01,11680510,18772,42,361,513,619,918,774,589,659,739,739,707,587,462,1309,90,387,555,689,784,734,658,678,840,859,772,547,479,1683
20261004,01,11680545,30058,62,495,708,793,1414,1446,1055,1030,1310,1271,1225,938,788,1794,124,543,774,877,1542,1181,1114,1167,1356,1373,1167,910,889,2712
20261004,01,11680640,44174,77,263,697,1271,2981,3811,2761,2358,2064,1769,1496,1008,910,1628,99,334,611,1475,3198,3202,2247,2000,1757,1442,1130,910,880,1796
20261004,01,11710580,26757,38,293,365,595,1289,1910,1394,975,832,877,841,802,825,1598,82,224,471,610,1624,1897,1322,1005,971,966,1082,880,1031,1961
20261004,02,11110530,11782,15,175,186,227,438,546,467,453,446,495,477,450,385,807,34,224,200,285,440,535,489,508,519,519,544,449,422,1047
20261004,02,11110540,2653,7,18,126,137,101,76,83,85,84,88,108,112,116,217,24,34,29,41,71,81,73,105,107,101,89,103,131,306
20261004,02,11110615,25237,66,187,207,948,2438,2185,1719,1198,1282,1222,855,777,660,1109,103,257,240,856,1834,1185,906,844,950,836,749,593,346,683
20261004,02,11140550,7488,16,97,61,128,275,445,434,531,550,550,541,394,191,292,22,91,79,175,199,376,321,305,226,251,194,150,168,425
20261004,02,11140605,5348,7,28,66,226,493,471,304,246,207,134,162,110,168,207,24,48,89,220,507,374,237,251,211,134,89,102,77,155
20261004,02,11140670,14784,27,114,126,183,675,1075,770,627,514,445,546,458,401,795,17,158,109,360,1099,1188,833,645,539,376,580,506,534,1082
20261004,02,11170520,11046,41,105,144,314,534,750,510,388,345,430,336,303,424,832,12,105,173,372,574,548,466,356,345,322,286,411,550,1071
20261004,02,11170625,30188,66,334,437,1076,1694,2117,1617,1258,932,1025,1188,1068,865,1397,153,290,444,869,1853,1999,1746,1193,903,1053,1178,865,855,1711
20261004,02,11170650,20263,24,13,294,1451,2966,2775,1424,656,516,314,220,256,197,439,29,66,229,1427,2602,1465,641,380,274,197,318,300,289,501
20261004,02,11170685,22144,55,240,266,785,1758,1853,1345,993,793,756,748,560,595,1103,50,232,201,660,1181,1179,966,919,782,810,694,597,633,1392
20261004,02,11200690,13312,49,150,225,394,712,850,586,511,485,546,572,476,450,818,100,156,202,408,743,645,497,422,435,482,578,445,427,947
20261004,02,11215710,30602,38,113,398,2741,3466,2419,1067,778,643,675,676,513,505,1044,49,136,639,3417,3566,2012,938,654,591,557,638,507,517,1303
20261004,02,11440660,44175,11,206,1496,4146,4680,3248,1696,1459,1105,1088,1024,720,559,1246,68,250,1369,3844,3871,2786,1541,1222,1193,1164,864,777,754,1788
20261004,02,11440690,20273,28,181,259,497,1012,1232,874,769,701,753,737,663,594,1233,45,210,269,524,1198,1236,868,823,748,780,808,708,769,1755
20261004,02,11440710,15277,27,97,223,328,899,1007,710,501,513,549,526,407,419,839,18,111,248,591,1127,990,716,522,561,599,604,460,514,1171
20261004,02,11560605,35886,116,778,842,860,1155,1615,1623,1702,1674,1626,1323,985,900,2153,240,858,782,738,1374,1744,1714,1832,1751,1477,1256,992,1099,2677
20261004,02,11620585,21633,64,225,383,1063,2466,1864,997,602,628,601,588,481,438,847,69,175,313,1286,2172,1377,793,534,517,547,512,454,477,1160
20261004,02,11680510,18313,42,350,486,571,872,672,585,645,743,744,701,571,465,1309,90,380,529,640,762,689,647,680,815,837,781,545,484,1680
20261004,02,11680545,29221,62,495,712,724,1306,1347,1020,1008,1263,1241,1202,915,794,1797,124,539,729,811,1437,1123,1040,1140,1350,1370,1154,919,882,2717
20261004,02,11680640,42947,71,268,647,1230,2827,3621,2717,2251,2001,1721,1446,993,910,1627,104,329,609,1397,3079,3127,2189,1941,1730,1427,1116,912,866,1790
20261004,02,11710580,26684,38,293,354,569,1305,1906,1377,978,838,873,844,791,824,1607,82,218,460,627,1613,1890,1320,992,968,961,1081,888,1025,1964
20261004,03,11110530,11761,15,175,189,228,440,552,478,449,444,490,468,452,376,807,34,224,200,271,443,524,486,508,519,522,547,450,419,1052
20261004,03,11110540,2652,7,18,126,139,101,76,83,89,87,89,108,112,116,217,24,35,29,41,71,81,73,105,103,101,89,98,131,306
20261004,03,11110615,22800,66,187,207,757,2013,1817,1505,1121,1180,1182,802,717,621,1101,103,257,209,692,1519,1017,862,800,941,812,738,588,320,664
20261004,03,11140550,7364,16,97,60,112,242,439,430,536,547,529,561,398,187,289,22,91,75,166,186,351,299,302,224,255,204,150,164,429
20261004,03,11140605,4711,7,28,61,160,357,393,293,228,194,138,153,109,172,207,24,53,79,175,354,331,210,238,192,127,89,105,77,157
20261004,03,11140670,14744,27,114,120,179,675,1068,784,632,498,436,546,452,397,799,17,163,119,351,1069,1191,859,646,537,377,583,510,529,1066
20261004,03,11170520,11185,42,97,157,297,573,755,514,391,363,441,329,316,430,835,13,108,160,363,588,568,447,351,356,330,298,411,557,1094
20261004,03,11170625,29297,66,334,426,1031,1507,1998,1542,1255,920,1031,1175,1061,873,1410,153,284,417,778,1673,1928,1703,1173,906,1053,1175,870,858,1698
20261004,03,11170650,18573,24,13,271,1331,2686,2562,1275,619,449,306,213,256,197,446,29,66,205,1238,2308,1268,589,346,265,204,315,303,289,502
20261004,03,11170685,21190,55,240,276,648,1630,1695,1272,944,760,757,755,554,592,1091,50,239,206,636,1034,1083,915,885,771,789,693,589,630,1401
20261004,03,11200690,13105,49,150,216,382,696,838,570,483,473,516,570,487,452,816,100,154,206,397,726,635,493,420,420,478,563,440,439,935
20261004,03,11215710,29526,44,116,348,2576,3289,2290,1009,725,639,652,677,509,493,1023,49,136,582,3315,3471,1953,899,641,602,556,631,496,512,1294
20261004,03,11440660,41171,11,196,1392,3736,4250,2946,1624,1358,1035,1030,959,694,557,1241,68,256,1291,3442,3468,2576,1442,1160,1140,1142,859,781,742,1772
20261004,03,11440690,20281,28,181,252,488,977,1232,858,763,721,768,738,672,598,1237,45,206,274,533,1195,1250,855,819,751,776,816,708,769,1775
20261004,03,11440710,15191,27,97,219,334,882,971,678,510,521,558,521,409,428,843,18,106,232,579,1107,982,734,514,552,600,600,460,528,1181
20261004,03,11560605,35408,117,778,840,824,1107,1527,1566,1661,1678,1610,1313,992,895,2148,245,853,767,713,1300,1695,1716,1800,1742,1465,1270,997,1114,2675
20261004,03,11620585,21310,64,230,379,1023,2347,1810,971,601,616,593,585,483,439,851,69,170,315,1271,2156,1371,788,516,516,548,512,451,481,1155
20261004,03,11680510,18075,42,355,478,543,857,652,541,642,731,747,694,568,450,1300,90,380,522,625,745,674,628,680,813,833,768,549,484,1685
20261004,03,11680545,28246,62,495,701,647,1147,1227,940,968,1247,1224,1197,913,794,1803,124,539,702,758,1242,1026,992,1135,1358,1362,1147,916,879,2698
20261004,03,11680640,42065,66,268,642,1218,2736,3479,2644,2194,1940,1667,1403,1012,896,1616,104,329,601,1344,3037,3048,2150,1928,1674,1423,1112,907,855,1772
20261004,03,11710580,26727,38,303,359,520,1300,1927,1375,987,829,884,846,798,827,1589,82,213,460,638,1624,1918,1318,1001,956,960,1089,879,1020,1990
20261004,04,11110530,11673,15,173,188,218,424,543,472,451,435,482,458,454,376,797,34,222,198,271,454,531,489,501,518,515,538,457,416,1043
20261004,04,11110540,2652,7,17,121,139,106,82,78,93,86,92,106,111,115,216,24,34,29,41,67,84,72,104,102,100,99,98,131,299
20261004,04,11110615,20757,66,185,183,610,1603,1520,1328,1045,1138,1110,771,689,592,1084,103,255,188,579,1232,869,810,788,926,803,731,590,311,648
20261004,04,11140550,7250,16,99,55,116,254,436,410,530,524,523,539,392,190,285,22,90,77,162,182,342,298,303,230,255,196,139,165,420
20261004,04,11140605,4305,7,27,60,121,269,352,277,216,189,126,143,105,176,206,23,53,70,139,306,292,201,241,170,121,85,102,79,150
20261004,04,11140670,14645,27,113,119,172,678,1047,791,612,495,428,563,446,402,798,17,162,117,352,1074,1170,843,654,537,371,574,497,529,1057
20261004,04,11170520,11065,42,92,162,308,526,770,509,406,358,424,319,303,427,836,13,108,171,322,584,571,444,349,353,335,294,403,558,1079
20261004,04,11170625,28507,66,343,426,962,1411,1861,1474,1238,900,1005,1171,1048,858,1391,157,273,408,759,1539,1875,1667,1158,903,1032,1156,868,858,1700
20261004,04,11170650,16249,24,14,225,1111,2350,2209,1091,540,391,298,199,251,203,437,29,66,183,1068,1878,1045,509,315,240,198,301,295,287,494
20261004,04,11170685,20276,54,238,250,582,1448,1563,1185,920,749,753,746,567,584,1084,49,241,190,540,935,1021,882,868,756,788,683,588,623,1390
20261004,04,11200690,12857,49,143,215,372,671,804,551,486,463,517,556,491,442,794,99,148,197,403,724,619,482,416,419,457,552,436,433,919
20261004,04,11215710,28623,44,120,328,2376,3240,2156,1016,698,610,627,640,506,480,1023,49,135,565,3199,3373,1874,880,641,600,546,613,494,507,1284
20261004,04,11440660,38153,11,195,1264,3314,3736,2668,1477,1278,995,999,924,685,546,1227,68,248,1184,3091,3111,2359,1352,1134,1116,1096,857,768,708,1741
20261004,04,11440690,20108,28,180,255,485,957,1188,858,757,703,757,705,674,584,1215,45,209,270,534,1204,1254,846,814,757,778,807,705,770,1768
20261004,04,11440710,14986,27,96,226,324,866,959,670,502,518,543,517,408,422,823,18,110,230,577,1076,967,721,514,544,592,593,451,520,1171
20261004,04,11560605,35000,122,771,833,791,1074,1501,1552,1636,1656,1592,1315,1004,893,2122,238,846,756,699,1253,1668,1675,1789,1746,1454,1259,998,1126,2633
20261004,04,11620585,21028,64,228,377,994,2353,1765,943,606,600,579,569,477,438,866,68,168,308,1248,2124,1350,773,510,506,543,508,446,477,1140
20261004,04,11680510,17668,41,359,473,497,758,614,531,663,708,727,702,576,451,1284,89,377,524,584,691,652,601,667,797,838,773,541,479,1672
20261004,04,11680545,27134,61,490,697,633,1037,1027,842,903,1224,1221,1186,886,790,1769,123,540,693,714,1085,914,942,1099,1343,1343,1129,896,864,2682
20261004,04,11680640,41452,71,266,614,1195,2705,3416,2609,2109,1887,1615,1398,987,885,1602,104,326,593,1331,3005,3036,2157,1910,1622,1418,1106,888,846,1749
20261004,04,11710580,26522,38,300,356,504,1283,1909,1362,999,827,877,846,791,820,1571,82,211,456,629,1600,1913,1316,979,947,964,1083,867,1023,1970
20261004,05,11110530,11970,15,175,193,222,436,553,479,459,442,512,486,472,385,823,40,224,204,283,469,543,491,510,528,519,548,466,422,1067
20261004,05,11110540,2687,7,18,122,145,110,88,81,93,87,92,112,120,107,224,24,35,29,41,67,85,73,105,96,101,96,95,134,302
20261004,05,11110615,20038,66,187,187,485,1343,1282,1268,1025,1142,1102,813,709,611,1136,103,257,185,528,1083,824,786,797,938,817,751,615,311,685
20261004,05,11140550,7477,16,99,55,145,236,451,419,551,530,537,572,381,195,299,22,91,73,183,196,343,307,299,233,250,198,155,189,451
20261004,05,11140605,4168,7,33,55,104,215,308,285,206,203,135,151,121,182,208,24,53,70,135,233,282,186,240,171,126,86,97,86,165
20261004,05,11140670,14792,27,114,120,183,700,1062,798,628,488,416,553,460,407,801,17,163,116,364,1094,1182,852,665,541,370,573,507,515,1074
20261004,05,11170520,11196,43,93,161,308,540,764,522,411,353,435,322,306,430,853,13,108,170,321,624,564,434,368,365,337,300,399,554,1098
20261004,05,11170625,28404,66,339,411,986,1367,1793,1449,1246,876,1024,1170,1077,869,1403,158,269,422,733,1519,1871,1650,1136,891,1034,1188,883,843,1730
20261004,05,11170650,14079,24,14,200,840,2010,1760,921,448,353,285,192,270,211,442,29,67,147,848,1565,907,434,295,239,203,296,302,294,485
20261004,05,11170685,19854,55,233,246,550,1285,1447,1114,918,760,745,733,557,593,1124,49,242,200,534,826,966,878,859,774,812,693,614,625,1422
20261004,05,11200690,13032,49,150,214,374,653,792,549,510,443,509,586,526,443,810,100,157,202,411,731,632,494,427,406,470,561,443,456,935
20261004,05,11215710,28321,44,116,320,2181,3187,2112,1006,713,621,651,638,500,468,1048,49,133,544,3156,3376,1875,884,651,592,550,629,482,497,1299
20261004,05,11440660,36557,11,196,1149,2913,3388,2541,1433,1222,998,996,924,707,552,1268,68,250,1119,2847,2926,2247,1321,1127,1119,1102,874,773,724,1762
20261004,05,11440690,20274,28,186,260,471,987,1205,865,764,688,758,705,680,590,1232,45,211,291,526,1191,1256,861,806,772,805,810,724,778,1777
20261004,05,11440710,15013,27,97,218,308,852,958,668,511,527,540,503,415,430,834,18,111,227,574,1086,967,736,517,544,594,588,447,532,1185
20261004,05,11560605,35256,128,789,850,787,1057,1493,1566,1631,1669,1612,1324,1014,902,2153,245,864,762,708,1237,1659,1692,1795,1759,1464,1277,1002,1131,2684
20261004,05,11620585,21289,64,230,370,1012,2365,1765,947,622,621,590,591,487,455,932,80,176,311,1280,2124,1350,780,515,510,551,502,436,476,1147
20261004,05,11680510,17710,47,357,504,480,707,604,538,646,710,747,718,571,462,1297,90,380,553,557,657,620,605,673,808,861,791,539,490,1699
20261004,05,11680545,26975,62,494,702,589,950,924,822,895,1230,1240,1188,909,839,1825,124,544,708,695,963,900,915,1097,1380,1353,1147,906,878,2694
20261004,05,11680640,41639,77,272,606,1178,2633,3400,2602,2074,1929,1631,1391,1023,901,1616,104,329,598,1328,3039,3065,2169,1917,1593,1431,1111,913,904,1804
20261004,05,11710580,26673,38,308,349,496,1296,1918,1364,1008,852,878,832,798,816,1584,82,218,461,623,1616,1911,1338,977,952,976,1104,863,1042,1974
20261004,06,11110530,12875,15,175,200,237,454,579,511,474,463,520,528,536,464,865,40,224,204,340,526,570,508,527,570,548,641,536,484,1136
20261004,06,11110540,2729,7,18,122,149,104,83,76,102,92,86,108,124,130,243,24,35,29,39,71,88,69,101,96,106,101,96,130,304
20261004,06,11110615,19761,66,181,188,398,1175,1130,1166,1009,1074,1108,851,769,706,1225,103,258,184,495,983,791,787,786,933,840,763,655,376,759
20261004,06,11140550,8408,16,99,70,161,269,492,418,585,554,540,637,421,262,380,22,96,78,219,220,365,324,322,269,279,259,220,276,554
20261004,06,11140605,4323,7,35,55,93,186,292,293,215,214,142,217,158,203,242,24,53,70,122,202,270,172,243,169,146,96,110,104,194
20261004,06,11140670,14690,27,114,117,182,701,1043,785,617,496,406,501,468,395,808,17,164,117,365,1096,1166,849,671,541,380,563,512,505,1084
20261004,06,11170520,10950,43,93,148,265,540,731,502,396,344,441,324,305,431,824,13,108,158,298,580,566,431,363,356,338,301,385,557,1111
20261004,06,11170625,29348,72,344,411,1012,1381,1844,1501,1244,893,1108,1240,1162,926,1480,158,269,436,780,1547,1888,1666,1153,881,1072,1252,961,901,1767
20261004,06,11170650,11377,24,14,149,606,1360,1375,729,404,318,268,191,261,198,428,29,68,124,574,1091,684,377,283,241,204,298,300,301,479
20261004,06,11170685,19319,55,232,245,452,1068,1186,1065,888,747,771,786,580,598,1151,49,237,183,484,808,954,858,869,774,837,721,639,639,1442
20261004,06,11200690,13639,50,156,225,379,654,760,575,525,456,563,619,581,488,866,105,163,215,425,746,681,521,440,414,496,616,471,482,967
20261004,06,11215710,27945,44,116,311,2070,3091,2087,1017,735,631,646,634,487,507,1035,49,128,519,3065,3329,1848,864,642,619,557,629,507,516,1262
20261004,06,11440660,34679,11,191,1007,2366,2911,2390,1385,1211,933,1061,932,761,601,1280,68,256,1027,2450,2710,2175,1321,1130,1127,1123,915,806,739,1791
20261004,06,11440690,20146,28,181,266,475,968,1196,863,793,707,759,716,691,564,1235,45,211,291,521,1187,1238,860,799,768,769,785,705,770,1755
20261004,06,11440710,14950,27,97,222,312,846,962,670,514,528,542,493,416,410,834,18,111,231,580,1085,953,731,520,525,591,594,449,517,1171
20261004,06,11560605,35133,126,781,836,774,1043,1464,1586,1637,1626,1603,1330,1021,918,2145,242,873,756,679,1237,1638,1677,1793,1755,1474,1288,1012,1166,2653
20261004,06,11620585,21102,63,227,369,1002,2349,1751,949,608,605,582,615,506,430,877,79,173,319,1271,2102,1332,789,518,510,546,488,421,488,1132
20261004,06,11680510,17959,46,369,508,485,697,587,534,635,738,774,798,575,492,1336,90,380,564,527,629,618,610,659,825,873,801,562,531,1718
20261004,06,11680545,27051,62,488,681,533,872,886,784,878,1240,1245,1207,933,881,1884,124,539,719,692,940,896,928,1099,1403,1338,1190,946,923,2741
20261004,06,11680640,42586,77,272,585,1137,2594,3445,2614,2078,1992,1685,1434,1136,1034,1839,104,329,591,1348,3024,3086,2191,1941,1626,1448,1135,960,932,1949
20261004,06,11710580,26643,38,308,350,525,1306,1926,1355,1022,846,873,844,789,791,1589,82,224,463,624,1627,1888,1338,978,954,969,1108,843,1011,1972
20261004,07,11110530,14493,16,176,191,250,499,622,570,552,544,623,635,642,609,945,44,230,210,356,571,595,550,554,675,616,730,611,582,1296
20261004,07,11110540,2950,7,18,122,153,106,100,90,116,111,119,127,134,135,257,24,35,25,40,88,96,69,98,119,104,112,112,130,305
20261004,07,11110615,20732,66,181,177,346,1126,1118,1170,1063,1202,1192,921,898,795,1335,103,263,184,479,988,824,774,841,951,886,826,713,462,849
20261004,07,11140550,10608,16,99,90,202,376,558,492,687,678,681,744,544,417,536,22,96,80,275,253,418,352,395,337,364,369,343,437,744
20261004,07,11140605,4871,,34,59,87,184,292,299,241,223,179,239,234,261,309,23,52,64,108,203,271,181,248,192,163,131,150,168,276
20261004,07,11140670,14200,26,109,103,180,693,1022,752,610,489,375,471,483,378,779,16,156,107,359,1058,1145,815,639,512,364,545,465,486,1063
20261004,07,11170520,10767,43,92,138,247,487,727,500,372,341,445,333,298,420,806,13,109,154,274,555,556,428,356,356,354,307,374,552,1133
20261004,07,11170625,31917,85,374,431,1052,1495,1907,1651,1379,1022,1327,1331,1203,1004,1545,158,301,484,905,1751,1991,1706,1248,1017,1153,1374,1142,1040,1841
20261004,07,11170650,9059,24,13,119,381,846,987,559,358,290,254,192,264,205,431,29,74,81,367,683,486,335,254,228,189,287,312,316,496
20261004,07,11170685,18443,53,212,203,361,932,1023,921,870,736,755,800,591,577,1128,48,225,192,458,680,930,847,828,778,858,735,661,625,1416
20261004,07,11200690,14254,50,169,211,380,687,813,618,585,529,620,659,622,496,891,110,191,198,467,779,724,514,444,426,517,623,448,494,990
20261004,07,11215710,27546,44,118,301,1975,3044,2051,997,744,639,647,649,482,505,991,49,130,499,2969,3254,1826,851,638,597,578,663,502,536,1267
20261004,07,11440660,33097,11,193,699,1938,2545,2208,1340,1204,973,1107,978,806,630,1342,68,261,883,2052,2557,2140,1328,1147,1110,1191,945,867,739,1834
20261004,07,11440690,20073,28,175,274,473,959,1193,852,783,704,767,718,689,585,1201,45,205,302,520,1157,1243,856,802,763,775,796,700,766,1740
20261004,07,11440710,14810,27,97,222,319,807,945,673,510,511,526,497,400,409,828,18,111,231,572,1107,956,723,515,521,595,582,440,496,1173
20261004,07,11560605,35311,126,797,837,793,1038,1452,1579,1620,1636,1585,1355,1057,915,2130,242,868,789,676,1239,1657,1662,1811,1792,1524,1332,1023,1146,2629
20261004,07,11620585,21265,69,233,377,1022,2331,1757,942,620,616,600,619,513,475,912,73,173,305,1269,2111,1338,779,515,524,566,494,413,488,1129
20261004,07,11680510,18487,46,365,496,501,708,621,608,662,785,829,786,614,512,1375,85,373,524,511,640,628,617,651,824,882,825,630,577,1811
20261004,07,11680545,28370,62,489,689,490,840,940,822,903,1253,1303,1306,1043,887,2040,124,544,755,681,997,915,979,1102,1443,1401,1301,1053,1002,3007
20261004,07,11680640,44069,71,261,589,1102,2655,3501,2681,2141,2075,1831,1544,1271,1143,1953,99,329,572,1368,3107,3110,2218,1964,1666,1498,1191,1075,1017,2036
20261004,07,11710580,26366,38,288,347,530,1305,1889,1338,1010,833,868,828,783,786,1551,82,224,454,609,1602,1877,1301,970,962,979,1110,844,999,1957
20261004,08,11110530,16518,25,229,227,265,529,676,619,674,666,733,753,669,657,1107,48,264,234,380,622,634,601,655,760,769,820,711,712,1479
20261004,08,11110540,3360,7,24,121,174,125,112,140,131,132,156,145,149,133,262,25,35,29,55,100,106,89,121,144,111,127,138,150,320
20261004,08,11110615,22645,67,188,196,356,1117,1190,1204,1159,1333,1306,1024,992,890,1524,115,284,198,477,1047,910,781,902,1044,985,965,797,584,1010
20261004,08,11140550,13378,28,138,103,292,465,633,670,752,814,779,869,613,489,727,23,135,124,407,352,528,413,483,458,478,527,488,556,1037
20261004,08,11140605,5556,,60,88,90,209,304,292,251,250,207,293,297,316,376,28,70,98,140,214,283,190,276,192,195,145,180,205,305
20261004,08,11140670,14134,26,110,104,177,673,1013,721,627,506,373,477,462,371,806,17,157,109,351,1056,1098,810,623,508,361,545,474,500,1081
20261004,08,11170520,10903,42,94,131,254,527,736,517,393,353,462,346,290,435,802,13,111,148,260,519,590,435,360,372,364,318,376,533,1121
20261004,08,11170625,36518,92,473,508,1092,1707,2156,1829,1540,1188,1511,1560,1362,1163,1692,177,359,613,1088,2006,2226,1874,1418,1241,1390,1608,1367,1214,2066
20261004,08,11170650,8075,24,13,101,266,542,749,506,313,272,245,205,288,221,424,35,74,76,300,535,437,309,277,207,195,288,327,326,520
20261004,08,11170685,18834,54,230,199,337,866,982,850,899,819,789,839,623,561,1162,49,232,202,474,676,967,868,865,784,904,761,696,688,1458
20261004,08,11200690,15544,61,187,214,425,765,854,668,612,563,711,739,699,511,952,106,248,208,518,864,806,564,469,457,556,684,470,556,1080
20261004,08,11215710,27501,44,128,283,1919,3032,2071,984,752,662,675,667,492,504,970,50,134,474,2925,3233,1817,868,636,632,601,645,514,536,1251
20261004,08,11440660,34548,17,207,726,1761,2425,2213,1351,1305,1062,1187,1073,864,697,1343,69,296,1061,2003,2689,2219,1391,1231,1258,1293,1067,952,827,1962
20261004,08,11440690,19976,28,188,266,502,946,1195,857,783,722,740,689,656,587,1186,45,207,302,523,1145,1252,856,822,773,772,806,652,752,1724
20261004,08,11440710,14738,22,98,220,317,810,949,685,506,524,516,510,380,423,834,18,106,229,557,1099,944,724,520,518,569,570,426,494,1170
20261004,08,11560605,34993,130,780,798,741,1064,1500,1595,1616,1626,1586,1382,1064,967,2059,227,857,771,660,1252,1684,1644,1720,1806,1477,1290,1009,1150,2538
20261004,08,11620585,21774,70,233,386,1012,2349,1777,980,658,667,651,651,538,494,948,63,184,310,1241,2137,1358,766,533,524,611,524,441,495,1174
20261004,08,11680510,19456,41,356,490,521,769,644,605,678,840,871,801,663,559,1438,86,402,575,558,686,677,651,691,836,897,907,683,635,1894
20261004,08,11680545,29847,68,502,710,489,916,1028,870,974,1310,1339,1393,1095,902,2017,125,574,798,805,1143,981,1016,1122,1488,1472,1435,1135,1052,3086
20261004,08,11680640,47236,72,258,687,1205,2791,3622,2840,2260,2206,1976,1715,1403,1232,2058,105,333,651,1490,3206,3224,2301,2041,1782,1580,1328,1202,1190,2479
20261004,08,11710580,26162,39,286,364,518,1302,1901,1308,984,825,858,794,755,792,1537,94,225,484,606,1598,1875,1277,973,961,985,1111,829,977,1904
20261004,09,11110530,20806,26,344,334,325,656,812,696,826,858,927,891,823,792,1315,99,348,393,524,743,782,738,824,972,1027,1073,907,942,1810
20261004,09,11110540,3952,12,50,131,186,154,152,159,154,176,161,204,150,153,266,29,59,52,71,129,136,116,150,155,135,195,144,160,313
20261004,09,11110615,27309,79,264,231,482,1331,1380,1381,1367,1469,1493,1255,1089,1045,1837,150,334,268,697,1303,1112,935,1098,1318,1167,1161,915,837,1312
20261004,09,11140550,19286,33,202,160,384,655,862,846,938,980,929,1068,783,659,1119,24,240,211,636,703,841,707,782,838,757,749,762,831,1586
20261004,09,11140605,7342,,71,164,97,240,322,351,287,310,281,375,374,402,538,39,83,162,149,250,315,203,311,295,288,272,293,294,573
20261004,09,11140670,13907,26,98,85,166,630,989,729,628,498,399,496,428,373,801,17,160,111,327,1007,1097,820,613,520,359,505,454,501,1073
20261004,09,11170520,11043,43,111,148,243,533,745,531,408,356,468,373,274,432,791,13,117,134,269,552,598,459,343,388,370,312,382,521,1133
20261004,09,11170625,42725,108,642,675,1295,1982,2456,2067,1763,1458,1758,1641,1494,1236,2021,226,561,772,1270,2455,2687,2160,1722,1457,1729,1828,1471,1404,2387
20261004,09,11170650,7837,24,13,110,177,469,691,491,307,276,260,237,277,207,433,41,67,74,258,471,419,315,296,232,206,309,316,316,543
20261004,09,11170685,19361,54,237,199,375,841,978,898,958,841,819,868,626,571,1172,49,199,206,515,740,1039,908,889,835,914,787,712,688,1443
20261004,09,11200690,17748,72,195,265,521,903,1060,740,753,669,746,793,750,518,937,119,306,307,674,1098,988,646,598,515,617,693,518,597,1150
20261004,09,11215710,27580,46,135,303,1879,3030,2105,1008,769,696,686,677,504,499,994,50,138,443,2849,3206,1807,848,675,632,610,702,527,552,1211
20261004,09,11440660,39999,33,281,823,1738,2506,2392,1545,1483,1337,1452,1240,981,809,1515,82,415,1273,2459,3130,2563,1642,1426,1677,1635,1246,1101,988,2225
20261004,09,11440690,19913,34,184,281,497,951,1189,848,776,723,730,705,644,560,1204,46,230,298,516,1123,1248,841,811,764,818,794,669,748,1681
20261004,09,11440710,14558,22,93,209,310,806,969,641,531,526,514,520,385,400,807,22,106,219,583,1082,991,727,540,509,519,523,416,450,1137
20261004,09,11560605,35884,124,758,820,742,1150,1541,1653,1615,1624,1595,1372,1207,1048,2090,218,858,756,691,1269,1806,1742,1795,1808,1511,1304,1066,1196,2526
20261004,09,11620585,22086,70,238,378,1011,2336,1778,945,652,683,666,701,548,486,975,63,191,302,1201,2131,1414,778,546,524,590,537,470,552,1319
20261004,09,11680510,21501,30,380,544,571,827,740,707,791,917,915,882,716,601,1466,87,453,641,639,815,812,775,803,903,1031,971,715,714,2058
20261004,09,11680545,33359,80,565,768,609,1086,1212,1025,1088,1406,1432,1468,1126,926,2055,138,690,933,1090,1444,1245,1131,1313,1703,1578,1587,1219,1159,3286
20261004,09,11680640,52654,84,298,844,1479,3010,3899,3029,2476,2436,2204,1906,1506,1337,2261,117,409,775,1865,3525,3507,2446,2282,2065,1835,1530,1400,1381,2749
20261004,09,11710580,26507,39,279,353,528,1333,1875,1314,998,848,863,818,732,814,1531,100,240,531,646,1586,1894,1299,1005,970,1006,1124,921,957,1901
20261004,10,11110530,25071,39,370,372,463,844,997,890,1011,933,1009,1118,883,863,1499,108,470,513,708,956,1000,994,1141,1187,1151,1256,1068,1098,2130
20261004,10,11110540,5518,18,69,121,202,195,177,202,249,250,221,216,197,187,353,47,85,56,143,224,235,211,256,236,214,254,247,253,400
20261004,10,11110615,35784,120,363,320,671,1644,1702,1617,1547,1700,1741,1523,1388,1428,2634,182,478,313,1045,1732,1480,1309,1467,1660,1634,1556,1372,1189,1969
20261004,10,11140550,29219,85,383,220,579,992,1285,1224,1228,1212,1219,1323,1069,935,1635,92,451,343,956,1205,1402,1150,1375,1317,1232,1303,1245,1356,2402
20261004,10,11140605,8264,13,101,198,125,270,354,356,324,353,315,428,378,424,586,34,95,188,191,292,387,283,310,303,354,301,309,313,679
20261004,10,11140670,13606,32,87,92,150,639,972,692,627,511,392,475,421,357,810,17,157,108,302,979,1086,758,632,499,376,463,442,475,1055
20261004,10,11170520,11014,42,110,149,232,517,761,542,394,389,461,344,272,399,798,13,114,117,294,567,588,468,351,406,372,327,368,487,1131
20261004,10,11170625,50997,157,765,798,1669,2431,2905,2432,2097,1705,1900,1901,1603,1473,2314,258,750,1026,1714,3162,3274,2677,2070,1797,2019,2111,1648,1623,2720
20261004,10,11170650,8108,24,19,102,147,478,690,488,300,294,285,290,266,202,453,42,74,67,275,451,432,349,312,236,231,337,335,317,614
20261004,10,11170685,21320,61,251,210,415,991,1170,1029,1018,908,803,910,719,584,1227,63,230,184,629,966,1266,1011,1000,860,911,851,800,733,1520
20261004,10,11200690,21847,84,244,343,661,1233,1260,869,892,825,812,829,784,591,993,120,532,560,1029,1547,1292,825,814,671,717,730,587,677,1325
20261004,10,11215710,28175,58,163,327,1908,3057,2147,1080,868,737,721,721,542,530,973,45,156,469,2799,3176,1825,831,671,679,616,724,544,579,1228
20261004,10,11440660,48127,40,389,1046,2053,3023,2843,1902,1813,1603,1770,1403,1092,908,1696,106,592,1839,3099,3880,3102,2042,1730,2006,1930,1414,1243,1128,2436
20261004,10,11440690,20548,29,199,320,521,985,1252,886,807,747,763,733,659,536,1168,46,227,303,521,1247,1308,874,842,771,832,826,685,713,1746
20261004,10,11440710,15055,23,89,213,352,844,1041,668,557,543,558,521,392,385,767,13,119,245,651,1134,1051,756,583,526,523,538,395,453,1118
20261004,10,11560605,37289,143,789,799,779,1319,1700,1729,1669,1678,1650,1483,1189,1083,2131,223,853,720,723,1432,1923,1813,1769,1834,1563,1484,1110,1148,2554
20261004,10,11620585,23548,73,260,436,1054,2361,1809,1050,705,717,742,790,616,547,1089,77,214,312,1207,2174,1481,801,586,632,662,614,566,607,1367
20261004,10,11680510,23633,31,423,627,648,937,871,792,853,1050,984,900,749,636,1551,117,424,701,783,1029,938,862,905,960,1069,1023,764,765,2240
20261004,10,11680545,37053,81,593,829,744,1363,1464,1171,1236,1529,1508,1491,1157,953,2065,136,791,986,1411,1803,1581,1343,1554,1798,1734,1750,1317,1293,3372
20261004,10,11680640,61103,119,374,1128,1874,3351,4494,3353,2783,2660,2382,2187,1672,1498,2689,137,532,1025,2391,4090,4055,2790,2573,2422,2049,1803,1616,1623,3433
20261004,10,11710580,27368,45,293,409,568,1419,1960,1349,1021,890,852,843,762,839,1554,102,252,563,694,1630,1894,1352,1062,952,1039,1161,894,986,1984
20261004,11,11110530,31204,68,456,370,576,1030,1411,1095,1219,1160,1166,1331,1000,991,1797,165,621,503,921,1336,1450,1356,1486,1585,1300,1596,1340,1323,2551
20261004,11,11110540,7629,31,120,157,242,220,263,296,328,302,267,281,250,229,423,66,106,80,231,293,371,402,390,402,377,378,316,350,459
20261004,11,11110615,46393,162,449,441,837,1980,2099,1954,1890,1962,2080,1874,1727,1915,3697,179,610,538,1412,2322,1971,1778,1955,2127,2217,2120,1836,1554,2710
20261004,11,11140550,40159,156,479,347,747,1322,1693,1585,1653,1516,1434,1611,1372,1264,2338,138,631,474,1346,1650,2013,1829,1974,1766,1771,1858,1728,2005,3461
20261004,11,11140605,9679,13,115,146,147,353,446,407,375,389,333,444,407,404,838,51,106,195,239,435,460,354,342,328,335,377,367,424,851
20261004,11,11140670,13400,37,90,88,137,665,921,698,576,503,375,508,451,367,895,29,165,108,296,952,1003,730,608,476,359,453,427,444,1040
20261004,11,11170520,11733,45,129,163,275,577,738,597,442,387,469,361,295,383,788,20,111,123,376,667,666,511,386,391,390,324,379,514,1227
20261004,11,11170625,60869,223,863,1040,2032,3170,3487,2898,2607,2047,2184,2084,1791,1517,2409,320,1020,1190,2438,4070,4144,3247,2719,2235,2337,2367,1775,1712,2944
20261004,11,11170650,8867,18,42,127,177,523,709,513,334,324,314,313,316,211,477,48,75,102,276,479,456,385,356,256,255,357,376,366,683
20261004,11,11170685,23169,55,274,234,467,1209,1309,1081,1030,955,916,953,746,555,1190,62,212,226,782,1261,1553,1134,1120,961,952,921,831,733,1446
20261004,11,11200690,27732,102,353,465,845,1623,1592,1080,1018,1025,873,897,804,638,1051,170,921,981,1611,2131,1664,1111,1183,986,883,803,716,751,1455
20261004,11,11215710,28903,64,201,358,1851,2985,2202,1100,917,799,735,748,578,546,1025,46,213,482,2874,3227,1896,873,718,770,619,746,595,556,1179
20261004,11,11440660,58126,63,568,1301,2335,3591,3639,2405,2104,1836,1931,1534,1231,983,1837,152,1017,2585,3872,5199,3940,2525,2125,2297,2072,1695,1409,1246,2634
20261004,11,11440690,21333,24,177,330,523,1044,1342,938,846,778,749,720,668,560,1170,70,229,340,609,1409,1385,956,893,804,873,806,669,677,1742
20261004,11,11440710,15806,17,93,233,403,898,1154,709,587,514,538,541,390,366,786,13,147,319,727,1260,1131,806,591,561,589,548,374,452,1059
20261004,11,11560605,38779,133,739,856,819,1440,1857,1788,1636,1686,1678,1526,1304,1174,2225,208,806,713,795,1620,2000,1858,1816,1946,1585,1545,1190,1225,2612
20261004,11,11620585,24650,79,304,490,1084,2351,1850,1150,708,723,825,866,702,584,1106,108,276,370,1214,2184,1553,842,636,665,716,655,575,644,1388
20261004,11,11680510,26201,25,450,678,713,1105,981,975,984,1132,1025,909,734,656,1648,124,493,778,844,1260,1097,1087,1093,1120,1153,1100,817,807,2413
20261004,11,11680545,41820,88,593,917,839,1585,1773,1383,1430,1623,1565,1552,1255,1057,2266,131,894,1081,1679,2239,2009,1608,1741,2123,1900,1915,1472,1386,3715
20261004,11,11680640,69560,154,495,1349,2106,3879,4963,3717,3124,2859,2667,2409,1842,1671,2911,156,756,1361,2770,4598,4718,3231,2971,2763,2384,2079,1882,1890,3857
20261004,11,11710580,28204,57,282,446,592,1497,1989,1426,1033,884,870,859,735,903,1512,87,270,600,752,1802,2035,1419,1119,1019,1007,1189,910,951,1958
20261004,12,11110530,35633,111,466,390,644,1257,1706,1391,1362,1266,1224,1393,1084,1123,1799,198,687,518,1166,1709,1756,1707,1832,1849,1463,1754,1509,1502,2766
20261004,12,11110540,9375,48,145,148,272,270,309,401,421,345,353,347,292,244,485,66,136,108,301,445,507,538,551,470,472,444,452,347,456
20261004,12,11110615,59925,208,596,630,1205,2427,2697,2240,2454,2400,2413,2177,2118,2275,5006,237,806,787,2008,3103,2800,2543,2635,2757,2915,2819,2274,1984,3413
20261004,12,11140550,47572,194,474,466,878,1664,2015,1977,2062,1702,1690,1788,1547,1418,2351,245,783,694,1661,2253,2448,2329,2463,2321,2124,2166,1955,2211,3694
20261004,12,11140605,10807,7,104,104,193,465,542,443,423,379,375,520,469,444,874,46,114,201,308,565,611,468,404,378,376,370,371,410,844
20261004,12,11140670,13588,32,80,98,123,664,868,697,581,492,370,576,442,405,920,29,170,129,284,946,1024,728,606,459,389,488,431,453,1103
20261004,12,11170520,12970,51,134,157,354,686,857,604,486,416,469,402,290,366,772,27,185,152,501,859,785,617,456,489,402,336,375,517,1223
20261004,12,11170625,71675,270,1020,1173,2531,3971,4424,3424,3022,2292,2322,2202,1948,1594,2582,413,1222,1484,3226,5399,5429,3841,3143,2664,2636,2537,2062,1869,2976
20261004,12,11170650,10265,33,73,130,188,613,801,579,438,356,386,320,351,210,502,49,106,117,410,543,548,492,488,304,339,365,422,413,690
20261004,12,11170685,25096,77,270,233,555,1363,1516,1211,1062,961,933,958,719,570,1169,61,245,265,908,1613,1889,1277,1246,1016,1026,953,821,716,1462
20261004,12,11200690,32834,146,461,606,1093,2063,1916,1214,1168,1224,925,914,778,619,1047,191,1264,1327,2122,2523,2149,1400,1394,1316,970,961,768,794,1482
20261004,12,11215710,30060,64,209,461,1948,3086,2274,1157,950,839,764,747,588,545,1058,64,257,575,3052,3223,1922,900,775,767,695,738,611,566,1227
20261004,12,11440660,70423,117,729,1734,2967,4407,4362,2760,2447,2155,2139,1629,1349,1087,1940,201,1708,3705,4965,6792,5048,3116,2613,2623,2330,1925,1515,1295,2765
20261004,12,11440690,22578,42,189,317,553,1199,1459,977,872,833,788,791,693,554,1199,83,269,347,713,1658,1550,1002,891,844,903,790,695,706,1662
20261004,12,11440710,17215,12,78,259,449,1075,1304,751,616,516,545,548,395,350,850,19,186,411,879,1563,1295,823,667,542,602,585,391,444,1060
20261004,12,11560605,40062,129,726,865,777,1587,1945,1860,1727,1724,1738,1582,1366,1228,2233,182,796,717,893,1639,2231,1818,1842,1953,1617,1578,1315,1252,2741
20261004,12,11620585,25775,80,292,494,1158,2390,1951,1213,744,732,833,926,791,633,1176,92,269,397,1262,2320,1601,860,685,666,784,697,591,690,1448
20261004,12,11680510,28384,26,458,740,727,1259,1228,1087,1061,1171,1096,951,737,702,1611,145,517,758,1000,1585,1409,1240,1217,1233,1199,1222,839,837,2330
20261004,12,11680545,45855,83,662,971,936,1880,2052,1549,1593,1755,1731,1649,1349,1100,2277,145,941,1221,1942,2562,2315,1885,1947,2337,2105,2021,1576,1452,3818
20261004,12,11680640,77349,151,674,1527,2405,4428,5620,4131,3311,3121,2802,2623,2146,1792,3216,176,804,1645,3321,5279,5437,3577,3192,2964,2604,2215,2065,2030,4092
20261004,12,11710580,29803,64,308,489,725,1662,2115,1475,1069,951,866,853,726,893,1529,88,300,638,951,2011,2282,1506,1199,1074,957,1217,903,980,1973
20261004,13,11110530,39197,126,469,580,793,1411,1921,1581,1524,1370,1299,1406,1096,1187,1808,277,649,576,1382,2071,2148,2073,1896,1946,1680,1887,1665,1569,2810
20261004,13,11110540,12596,73,186,150,358,383,441,522,534,484,416,419,334,310,545,86,241,138,420,724,782,733,857,681,636,599,565,442,537
20261004,13,11110615,73459,262,673,773,1446,2965,3345,2683,2904,2803,2892,2662,2523,2713,5985,367,1129,1022,2507,4206,3669,3310,3420,3427,3437,3297,2655,2446,3939
20261004,13,11140550,53309,242,590,538,929,1993,2353,2223,2397,2101,1803,1839,1563,1469,2357,375,1013,864,1982,2918,2941,2587,2866,2708,2410,2494,2079,2223,3452
20261004,13,11140605,12216,19,83,111,250,574,664,519,486,401,418,576,487,487,850,41,128,209,489,759,715,534,476,427,392,411,435,399,876
20261004,13,11140670,13488,14,92,103,130,660,854,701,588,456,360,548,438,461,939,23,160,142,278,895,1016,739,552,502,363,508,437,431,1094
20261004,13,11170520,14202,46,184,174,415,818,1011,668,515,429,512,378,302,343,765,27,195,163,655,1145,941,644,451,518,458,361,418,503,1162
20261004,13,11170625,81808,374,1147,1334,3071,4822,5444,3909,3357,2596,2472,2342,1948,1659,2483,444,1327,1808,3998,7085,6495,4450,3578,2944,2863,2712,2238,1946,2959
20261004,13,11170650,11776,21,94,135,246,688,892,633,493,430,480,414,360,230,516,80,130,116,463,659,722,611,573,383,404,400,469,412,721
20261004,13,11170685,27253,89,240,302,616,1600,1629,1289,1060,983,940,948,696,540,1152,73,227,278,1125,2086,2235,1476,1311,1046,1132,1061,895,707,1515
20261004,13,11200690,38055,184,640,732,1398,2503,2316,1354,1347,1401,955,941,719,605,1074,251,1590,1741,2597,3113,2543,1643,1729,1529,1073,1065,715,782,1514
20261004,13,11215710,31610,70,292,461,2193,3260,2322,1228,968,885,847,769,639,544,999,66,374,739,3147,3277,2036,950,776,799,753,725,659,596,1235
20261004,13,11440660,84365,101,764,2587,3623,5742,5239,3103,2745,2432,2428,1711,1402,1125,1924,273,2460,5771,6441,8354,6162,3587,3054,3177,2570,1984,1612,1332,2661
20261004,13,11440690,24180,30,210,332,690,1333,1571,1023,899,809,784,723,642,587,1217,84,274,372,986,1942,1792,1088,970,922,890,840,697,710,1762
20261004,13,11440710,18684,18,108,296,529,1147,1382,792,648,569,566,534,411,311,830,26,226,502,1020,1840,1481,932,700,629,627,625,425,451,1059
20261004,13,11560605,40487,123,716,857,827,1735,2107,1865,1724,1699,1769,1612,1348,1286,2164,175,735,694,964,1773,2371,1789,1797,1887,1611,1558,1330,1299,2671
20261004,13,11620585,26167,62,251,473,1265,2422,1956,1213,809,780,798,892,775,587,1200,93,262,356,1290,2394,1622,878,688,692,772,756,626,738,1520
20261004,13,11680510,29709,32,454,828,793,1430,1375,1168,1149,1150,1079,945,764,668,1552,135,560,872,1078,1876,1587,1297,1289,1292,1268,1241,816,811,2203
20261004,13,11680545,48003,90,662,988,1026,2064,2323,1702,1679,1838,1717,1698,1270,1022,2177,151,912,1316,2188,3011,2667,2051,2040,2420,2287,2013,1536,1462,3694
20261004,13,11680640,81236,123,645,1648,2697,4953,6097,4399,3386,3264,2781,2620,2195,1879,3082,177,880,1946,3620,5875,5890,3743,3312,2944,2729,2354,2088,1992,3918
20261004,13,11710580,30613,70,299,503,730,1722,2113,1515,1096,887,933,846,693,894,1541,89,273,696,1100,2118,2493,1541,1216,1088,999,1232,912,986,2030
20261004,14,11110530,40412,173,507,568,896,1556,2072,1541,1572,1447,1322,1393,1124,1053,1623,301,700,691,1644,2494,2382,2120,2044,1956,1825,1869,1571,1358,2612
20261004,14,11110540,14064,56,202,185,359,512,536,599,598,569,435,449,364,345,566,129,269,123,530,876,941,835,989,749,672,620,497,483,576
20261004,14,11110615,83217,340,865,790,1873,3521,3757,3130,3289,3276,3168,2889,2711,2958,6473,403,1289,1178,3164,4999,4216,3844,4006,3851,3703,3755,3037,2559,4172
20261004,14,11140550,56178,179,662,646,1070,2255,2567,2393,2524,2331,2005,1858,1563,1311,2080,435,1270,1046,2441,3420,3201,2930,3103,2954,2530,2518,2006,1955,2922
20261004,14,11140605,12844,19,93,152,311,683,843,539,490,400,444,545,502,444,786,47,143,239,655,957,766,581,500,405,420,357,393,356,776
20261004,14,11140670,13279,13,78,109,133,640,888,719,574,479,354,554,440,458,926,23,135,137,242,812,931,697,532,482,386,485,474,441,1136
20261004,14,11170520,15063,59,191,187,520,921,1001,672,502,435,565,373,290,344,777,33,207,181,799,1299,1016,712,489,525,497,387,403,538,1140
20261004,14,11170625,89518,384,1285,1520,3415,5680,6076,4337,3460,2759,2507,2374,2015,1721,2381,493,1415,2012,4898,8518,7436,4904,3734,3092,2974,2844,2229,2089,2967
20261004,14,11170650,12570,23,96,160,264,763,972,649,551,489,501,411,340,229,512,88,158,141,482,808,795,596,658,446,455,405,482,385,711
20261004,14,11170685,29309,55,234,304,706,1785,1855,1487,1156,996,933,912,693,549,1162,67,224,258,1357,2590,2581,1618,1349,1130,1219,1041,862,694,1493
20261004,14,11200690,41650,160,664,836,1597,2771,2483,1560,1459,1565,1052,1044,731,564,1045,238,1907,2151,2977,3599,2861,1753,1816,1677,1134,1074,707,747,1478
20261004,14,11215710,32210,54,260,563,2315,3322,2383,1230,989,878,845,791,622,518,993,66,401,871,3156,3372,2110,930,811,822,755,753,635,581,1183
20261004,14,11440660,94102,130,855,2874,4109,6819,5807,3253,2863,2673,2572,1871,1438,1105,1890,285,3167,6817,7854,9978,6845,3911,3211,3268,2841,2016,1623,1348,2677
20261004,14,11440690,25187,48,239,328,770,1477,1575,1033,912,807,808,748,617,592,1221,90,285,418,1046,2168,1881,1094,1046,990,887,857,732,761,1757
20261004,14,11440710,19795,23,111,359,558,1180,1388,828,686,558,561,549,391,329,841,25,251,599,1141,2071,1636,978,738,725,631,641,423,472,1103
20261004,14,11560605,40966,123,674,817,840,1845,2319,1822,1688,1709,1709,1551,1286,1289,2143,186,752,716,1122,2028,2502,1803,1764,1895,1648,1488,1334,1239,2672
20261004,14,11620585,25685,52,235,454,1151,2399,1997,1231,776,761,779,898,778,556,1179,82,214,357,1227,2370,1577,884,625,683,762,790,615,730,1524
20261004,14,11680510,30712,55,463,800,904,1589,1574,1273,1136,1207,1044,1003,768,589,1445,116,529,993,1183,1959,1865,1331,1258,1373,1299,1258,828,801,2068
20261004,14,11680545,48099,78,672,1021,1088,2171,2444,1827,1721,1785,1609,1639,1250,996,2104,186,971,1300,2278,3238,2750,2079,2078,2321,2266,1936,1432,1407,3452
20261004,14,11680640,83521,146,772,1747,2916,5318,6328,4474,3457,3349,2875,2632,2216,1856,3030,177,897,2027,4045,6216,6222,3783,3313,2922,2727,2407,2040,1972,3658
20261004,14,11710580,30981,64,299,583,769,1780,2167,1462,1144,942,892,821,727,862,1498,107,289,738,1173,2183,2607,1530,1176,1117,967,1172,903,959,2051
20261004,15,11110530,39848,133,548,513,1012,1708,2097,1589,1617,1462,1199,1395,1107,950,1478,320,679,719,1753,2767,2432,2058,1880,1865,1772,1775,1438,1359,2223
20261004,15,11110540,15042,36,189,245,360,578,682,664,610,610,497,458,399,305,536,114,272,119,606,1056,1053,856,926,766,769,692,536,529,578
20261004,15,11110615,90265,431,976,883,2170,4022,4216,3430,3605,3611,3566,3111,2891,3235,6550,452,1434,1422,3692,5583,4825,4092,4407,4225,3996,3796,3062,2539,4045
20261004,15,11140550,57384,257,733,682,1168,2462,2747,2312,2497,2471,1868,1968,1512,1176,1844,488,1377,1164,2613,3888,3436,3026,3285,3041,2529,2400,1895,1902,2642
20261004,15,11140605,13244,12,111,148,350,807,831,569,524,445,429,577,484,474,648,47,86,278,684,1061,877,583,538,459,433,370,351,385,683
20261004,15,11140670,13224,13,92,108,129,566,877,697,541,495,406,553,416,472,923,18,104,147,241,738,911,724,542,485,394,472,512,491,1157
20261004,15,11170520,15900,64,190,209,585,1024,1062,693,509,511,577,367,301,346,782,33,201,254,856,1407,1125,725,542,534,549,390,395,514,1154
20261004,15,11170625,93066,425,1267,1587,3776,6221,6516,4457,3534,2853,2472,2338,2075,1732,2359,518,1546,2050,5399,9327,7771,4791,3850,3163,2934,2918,2240,2005,2944
20261004,15,11170650,13265,21,87,185,330,794,1049,680,615,530,491,435,350,248,509,81,174,165,510,902,847,596,695,567,462,436,447,387,674
20261004,15,11170685,32195,52,268,328,816,1976,2050,1631,1204,1086,978,974,732,667,1216,70,264,291,1639,3123,2836,1729,1447,1252,1281,1090,896,756,1542
20261004,15,11200690,44321,158,633,1044,1870,3135,2689,1651,1520,1490,1100,1066,745,567,1019,276,1984,2487,3450,4281,3006,1670,1945,1600,1209,1079,708,701,1236
20261004,15,11215710,32887,54,257,692,2428,3408,2416,1268,926,907,843,841,626,533,1029,72,470,926,3219,3388,2060,938,807,805,767,792,598,564,1253
20261004,15,11440660,100902,149,865,3399,4652,7610,6160,3414,3067,2702,2522,1810,1393,1016,1808,285,3687,7557,9084,11298,7380,4130,3363,3438,2786,1975,1549,1292,2513
20261004,15,11440690,25651,42,230,322,780,1431,1646,1061,913,827,833,811,610,596,1148,78,274,466,1118,2261,1936,1077,1036,1032,917,900,753,780,1771
20261004,15,11440710,20528,29,113,350,595,1297,1418,827,678,606,572,597,367,346,877,19,291,647,1212,2269,1634,984,717,734,632,653,421,493,1150
20261004,15,11560605,41003,128,632,827,858,1839,2336,1854,1731,1722,1667,1514,1285,1306,2126,192,756,695,1147,2119,2558,1762,1773,1873,1670,1504,1282,1206,2642
20261004,15,11620585,25253,40,241,440,1183,2376,2013,1178,763,728,735,901,708,525,1131,79,231,380,1199,2355,1597,907,667,686,755,718,581,696,1442
20261004,15,11680510,31340,61,467,837,931,1696,1624,1282,1170,1190,1066,989,784,631,1421,115,576,1029,1312,2105,1865,1461,1244,1377,1263,1206,862,806,1972
20261004,15,11680545,48033,67,703,998,1134,2315,2458,1919,1698,1800,1557,1657,1248,940,1994,156,932,1227,2310,3352,2798,2121,1998,2325,2356,1928,1446,1380,3213
20261004,15,11680640,82299,117,680,1927,3117,5436,6405,4346,3459,3241,2762,2568,2120,1786,2772,189,915,2213,4234,6380,6105,3695,3181,2912,2647,2300,1898,1731,3163
20261004,15,11710580,30878,59,267,601,827,1800,2182,1430,1083,905,881,786,681,863,1520,95,289,775,1366,2230,2488,1493,1120,1136,968,1165,871,970,2027
20261004,16,11110530,39722,110,501,474,1069,1816,2107,1619,1627,1419,1180,1401,1048,946,1307,243,657,681,1829,2982,2528,2101,1940,1963,1746,1838,1414,1238,1937
20261004,16,11110540,12952,38,150,218,323,528,614,562,523,537,439,413,314,273,356,81,220,118,598,1012,899,783,812,605,722,557,467,374,415
20261004,16,11110615,89617,397,916,915,2259,4525,4562,3664,3532,3515,3390,3001,2796,3100,5789,475,1364,1482,4110,6149,5128,4094,4179,4277,3777,3665,2724,2390,3442
20261004,16,11140550,55866,248,704,657,1249,2493,2797,2294,2367,2458,1846,1897,1353,1096,1429,484,1343,1181,2744,4076,3499,2998,3330,2881,2470,2245,1818,1701,2209
20261004,16,11140605,13619,29,103,151,411,883,918,578,536,470,446,524,451,451,586,52,94,201,798,1327,1037,652,564,463,408,320,331,303,532
20261004,16,11140670,13430,13,74,103,121,586,883,703,548,508,436,571,489,432,907,23,105,147,226,757,996,755,584,501,366,455,495,509,1138
20261004,16,11170520,15881,56,196,198,585,1069,1089,719,537,516,555,344,285,334,760,38,184,288,923,1417,1164,719,606,528,500,337,353,486,1095
20261004,16,11170625,93100,374,1176,1581,4005,6649,6574,4465,3344,2694,2414,2321,1963,1657,2163,461,1569,2130,5891,9797,7918,4810,3716,3115,2824,2798,2102,1827,2763
20261004,16,11170650,13835,32,93,202,388,959,1098,741,622,555,458,451,366,268,508,74,203,162,572,1022,968,620,622,495,430,442,442,395,648
20261004,16,11170685,32007,44,244,346,829,1983,1972,1595,1150,1098,930,977,692,688,1125,69,249,289,1683,3309,2886,1790,1474,1231,1176,1093,864,768,1452
20261004,16,11200690,44036,132,682,1096,1989,3250,2753,1603,1424,1334,1051,983,711,547,1014,220,2048,2545,3584,4354,3122,1614,1843,1565,1146,1002,669,628,1125
20261004,16,11215710,32952,54,237,737,2540,3345,2382,1349,925,922,819,851,603,525,1045,100,455,966,3266,3409,1987,986,794,724,717,793,610,559,1252
20261004,16,11440660,102808,159,916,3515,5051,8227,6422,3512,3048,2529,2424,1751,1298,962,1640,317,3658,7936,9770,12064,7522,4060,3462,3133,2620,1831,1467,1204,2306
20261004,16,11440690,26084,54,233,325,813,1424,1685,1061,902,790,832,826,638,571,1206,95,273,499,1198,2313,2002,1042,1000,980,966,899,801,780,1876
20261004,16,11440710,21057,29,106,350,622,1342,1512,897,668,566,620,547,347,377,894,12,276,662,1334,2395,1697,1046,724,664,640,645,427,504,1157
20261004,16,11560605,40827,121,593,830,888,1922,2335,1822,1758,1701,1683,1465,1206,1184,2108,205,753,657,1229,2135,2517,1812,1829,1883,1653,1507,1214,1141,2676
20261004,16,11620585,24816,33,248,445,1125,2295,1961,1172,749,705,816,934,695,579,1083,84,216,387,1226,2330,1509,881,604,628,710,673,590,685,1454
20261004,16,11680510,31388,37,493,871,1045,1705,1679,1256,1160,1188,1009,932,789,634,1419,115,549,1092,1395,2247,2001,1478,1149,1299,1259,1197,778,740,1870
20261004,16,11680545,47192,73,693,996,1178,2217,2499,1968,1769,1787,1552,1583,1220,908,1954,161,887,1183,2231,3315,2727,2034,1972,2313,2168,1881,1436,1343,3145
20261004,16,11680640,79881,99,644,1959,3109,5695,6473,4321,3292,3062,2580,2442,1990,1647,2452,174,918,2170,4397,6612,5990,3583,3024,2757,2510,2190,1688,1485,2618
20261004,16,11710580,30628,52,285,674,837,1811,2125,1399,1101,890,903,789,687,835,1540,81,290,774,1388,2211,2336,1440,1116,1139,968,1076,873,996,2010
20261004,17,11110530,39919,163,503,453,1088,1868,2172,1715,1635,1424,1112,1364,1059,991,1240,172,615,708,1811,3019,2638,2109,2060,2071,1755,1830,1441,1204,1700
20261004,17,11110540,11319,38,159,221,333,545,520,484,439,430,364,341,255,226,327,56,205,150,502,945,718,662,718,511,579,457,395,338,402
20261004,17,11110615,87677,355,838,869,2474,5064,4865,3648,3354,3421,3243,2970,2646,2945,4762,549,1224,1496,4610,6956,5444,3912,3918,3964,3496,3444,2353,2120,2736
20261004,17,11140550,51654,268,686,628,1297,2476,2695,2169,2224,2328,1710,1825,1268,937,1130,404,1120,1211,2809,3938,3230,2729,3046,2683,2156,1937,1524,1417,1809
20261004,17,11140605,14637,35,81,143,436,1016,1060,742,591,459,475,492,416,379,490,63,95,223,944,1591,1284,673,622,558,433,372,266,262,436
20261004,17,11140670,13675,13,97,104,158,588,945,717,546,502,442,538,454,438,905,23,132,136,232,801,1017,759,630,535,376,498,458,543,1091
20261004,17,11170520,17188,63,188,217,659,1160,1168,766,623,515,567,356,287,354,788,26,188,281,1139,1671,1292,729,722,565,478,347,393,503,1143
20261004,17,11170625,92721,354,1084,1697,3962,7133,6765,4421,3373,2700,2315,2276,1905,1558,2063,395,1492,2268,6049,10244,7866,4545,3629,2994,2782,2700,1882,1710,2559
20261004,17,11170650,14609,26,86,212,518,1045,1163,826,680,528,445,476,350,291,503,74,212,190,728,1160,1064,629,592,470,464,463,436,389,588
20261004,17,11170685,32477,50,213,346,816,2115,2081,1651,1208,1100,1006,969,635,659,1186,74,293,326,1706,3331,2902,1865,1442,1165,1134,1046,874,761,1525
20261004,17,11200690,41254,113,546,1198,1957,3102,2497,1496,1229,1241,987,852,693,519,925,177,1752,2454,3591,4183,2984,1549,1610,1357,1114,947,581,568,1031
20261004,17,11215710,33808,53,270,687,2540,3542,2540,1365,894,973,835,858,641,511,1067,104,449,962,3398,3588,2032,1035,772,786,728,762,591,534,1290
20261004,17,11440660,101888,128,870,3631,5618,8526,6527,3563,2925,2398,2266,1736,1207,866,1559,355,3376,7742,9950,12446,7451,3907,3187,2893,2436,1745,1266,1158,2156
20261004,17,11440690,26658,55,226,370,816,1588,1716,1083,886,814,807,869,674,619,1234,70,292,449,1299,2387,1981,1073,993,910,967,925,805,832,1917
20261004,17,11440710,21557,29,125,321,664,1441,1613,897,687,618,615,524,349,437,878,24,269,597,1457,2441,1689,1043,747,642,706,625,448,529,1141
20261004,17,11560605,40982,139,626,839,910,2054,2479,1833,1763,1693,1719,1406,1174,1103,2077,186,746,658,1243,2224,2534,1847,1734,1826,1650,1429,1184,1170,2735
20261004,17,11620585,24410,37,213,443,1175,2321,1827,1160,797,679,756,885,692,544,1063,77,218,406,1298,2265,1473,884,592,667,614,683,565,670,1408
20261004,17,11680510,30852,42,486,899,1029,1708,1656,1228,1118,1145,1021,914,749,598,1381,112,584,1098,1413,2246,1931,1433,1070,1258,1241,1165,788,713,1826
20261004,17,11680545,46117,72,717,988,1195,2199,2527,1898,1815,1746,1549,1555,1190,907,1952,157,841,1089,2095,3093,2697,1988,2023,2232,2145,1758,1346,1295,3050
20261004,17,11680640,78396,104,591,1959,3062,5806,6489,4309,3234,3061,2408,2346,1831,1526,2269,121,888,2164,4471,6771,5996,3505,2916,2635,2423,2137,1625,1386,2364
20261004,17,11710580,31433,52,289,613,850,1888,2260,1429,1099,902,886,816,747,841,1583,81,299,798,1580,2330,2359,1432,1153,1183,1010,1122,865,964,2005
20261004,18,11110530,34596,135,409,385,902,1634,1957,1483,1375,1216,1057,1141,980,902,1149,120,502,611,1504,2457,2360,1790,1693,1683,1563,1625,1324,1088,1552
20261004,18,11110540,8611,25,120,214,298,411,366,355,337,316,233,282,210,153,284,48,128,136,413,602,585,468,556,375,442,330,259,312,353
20261004,18,11110615,84166,302,757,913,2725,5472,5264,3581,3239,3261,3084,2821,2394,2568,3858,407,1060,1508,4963,7504,5567,3485,3653,3535,3195,3037,2040,1756,2217
20261004,18,11140550,46383,308,585,544,1196,2455,2510,2117,2086,2146,1581,1547,1067,832,908,388,1029,1091,2613,3392,2892,2537,2745,2430,2011,1574,1240,1148,1409
20261004,18,11140605,15872,34,73,114,670,1389,1400,798,601,486,477,458,369,351,410,34,112,184,1057,1906,1396,652,576,588,437,363,251,249,437
20261004,18,11140670,14128,20,97,93,173,640,916,699,603,514,476,571,491,430,863,23,146,128,267,846,1013,817,687,543,422,535,482,561,1073
20261004,18,11170520,17502,57,169,260,682,1247,1178,792,637,502,539,371,278,380,812,32,153,313,1220,1729,1382,733,670,518,490,350,396,467,1143
20261004,18,11170625,89833,264,1045,1590,3962,7387,6739,4176,3154,2399,2144,2096,1801,1368,1911,329,1403,2192,6436,10387,7665,4394,3325,2809,2614,2570,1774,1621,2280
20261004,18,11170650,15585,16,87,222,631,1220,1278,905,720,547,438,454,355,283,484,73,166,264,802,1347,1202,701,586,479,432,470,420,386,619
20261004,18,11170685,32371,49,204,314,848,2132,2141,1527,1197,1065,969,967,650,670,1216,73,302,392,1747,3328,2726,1893,1482,1174,1110,1011,861,807,1516
20261004,18,11200690,37069,103,514,955,1776,2860,2369,1335,1100,1034,919,833,646,483,872,153,1397,2106,3385,3689,2532,1401,1295,1211,1079,876,582,550,1015
20261004,18,11215710,35476,58,288,917,2787,3776,2693,1414,910,949,858,818,637,548,1081,97,346,1030,3621,3919,2161,1030,799,818,750,742,606,513,1308
20261004,18,11440660,101668,81,828,3883,5975,9005,6859,3596,2877,2452,2236,1634,1107,873,1507,295,2991,7736,10509,12134,7179,3707,2882,2822,2309,1751,1196,1129,2115
20261004,18,11440690,26723,48,257,395,831,1623,1723,1083,938,793,862,863,729,636,1246,56,280,427,1303,2384,1969,1059,1052,907,923,912,744,793,1886
20261004,18,11440710,21526,34,136,358,672,1452,1560,866,695,631,622,559,345,449,864,25,279,614,1391,2530,1639,983,683,619,738,661,471,519,1128
20261004,18,11560605,41357,115,647,909,1023,2180,2566,1938,1811,1653,1666,1335,1116,988,2070,194,744,702,1360,2438,2587,1798,1780,1869,1634,1379,1120,1058,2680
20261004,18,11620585,25028,43,215,468,1344,2594,1964,1171,730,699,749,823,694,545,1018,76,209,427,1497,2397,1521,902,624,615,646,670,554,578,1253
20261004,18,11680510,31033,54,466,894,1100,1776,1725,1291,1082,1130,1062,934,792,559,1403,100,613,1029,1446,2252,1947,1311,1101,1290,1251,1111,779,683,1850
20261004,18,11680545,44603,89,680,912,1126,2021,2446,1803,1828,1670,1559,1575,1161,937,2080,156,735,1064,1960,2929,2594,1982,1934,2146,1961,1684,1316,1218,3035
20261004,18,11680640,76404,97,555,1972,3166,6078,6433,4178,3177,2922,2292,2162,1642,1503,2197,93,796,2102,4428,6723,5958,3301,2790,2545,2227,2009,1544,1298,2215
20261004,18,11710580,31866,51,285,589,884,2037,2285,1441,1048,958,899,787,764,824,1496,86,327,794,1614,2400,2543,1448,1127,1239,1039,1114,830,987,1969
20261004,19,11110530,29125,54,314,384,818,1404,1677,1262,1046,1046,916,981,865,752,957,88,403,534,1257,2203,1952,1483,1425,1404,1324,1339,1005,909,1323
20261004,19,11110540,6633,21,40,206,282,348,318,240,309,221,204,189,154,131,250,50,90,110,304,489,366,317,334,282,293,265,217,246,356
20261004,19,11110615,76509,273,608,869,3000,5808,5532,3425,2856,2882,2716,2461,2059,2152,2847,322,817,1426,4845,7265,5367,3015,3068,2913,2787,2394,1676,1409,1717
20261004,19,11140550,38828,206,519,468,1044,2173,2151,1763,1847,1795,1420,1282,902,593,611,284,878,1106,2303,2935,2452,2162,2327,1983,1611,1283,894,804,1033
20261004,19,11140605,15878,34,77,91,807,1523,1512,803,589,483,405,394,346,243,313,28,112,223,1208,2103,1532,674,495,495,406,288,211,183,301
20261004,19,11140670,14270,21,84,86,174,641,957,746,606,525,461,588,530,422,829,28,135,111,318,905,1033,791,688,554,424,537,463,568,1044
20261004,19,11170520,16851,44,131,254,678,1245,1190,773,605,482,494,412,289,365,833,27,127,231,1041,1648,1314,725,647,489,434,369,392,475,1137
20261004,19,11170625,83375,208,899,1408,3830,7175,6573,3784,2890,2189,1946,1900,1636,1248,1761,299,1212,1963,6259,10102,7009,3866,2934,2455,2387,2319,1576,1415,2133
20261004,19,11170650,16166,37,86,249,754,1414,1409,963,657,549,387,393,294,291,450,77,152,306,1008,1568,1275,724,582,425,403,413,392,347,562
20261004,19,11170685,30445,55,226,278,806,1971,1999,1382,1192,987,976,937,612,594,1233,73,286,377,1625,3015,2483,1725,1408,1127,1090,963,807,735,1482
20261004,19,11200690,32039,95,374,740,1422,2460,2044,1222,1025,859,864,800,594,503,834,120,1032,1656,2886,3269,2109,1236,1086,1054,875,811,564,520,983
20261004,19,11215710,36437,52,223,1054,3074,4045,2739,1339,918,907,832,783,589,553,1067,80,336,1090,3868,4034,2345,1009,806,758,708,760,621,542,1307
20261004,19,11440660,96207,91,702,3665,6086,9154,6767,3533,2767,2391,2034,1577,1056,841,1442,206,2158,6865,10261,11558,6785,3248,2589,2488,2106,1558,1154,1060,2066
20261004,19,11440690,26035,30,267,397,728,1562,1757,1087,915,763,840,809,721,617,1293,60,259,434,1194,2246,1917,1040,1003,916,934,887,712,798,1850
20261004,19,11440710,20841,28,134,295,608,1477,1586,803,669,592,616,557,365,407,851,31,236,523,1285,2411,1649,940,637,676,683,635,477,524,1146
20261004,19,11560605,41486,113,679,837,1078,2306,2613,1910,1713,1673,1589,1382,1096,980,2066,183,746,709,1404,2583,2464,1847,1781,1897,1632,1394,1082,1086,2642
20261004,19,11620585,25003,48,223,459,1416,2711,2068,1206,732,668,737,732,625,533,988,70,190,407,1543,2524,1501,891,583,603,616,614,492,572,1248
20261004,19,11680510,29749,47,458,835,1020,1735,1738,1303,1068,1075,1027,893,733,559,1421,106,554,889,1404,2034,1885,1275,1099,1171,1155,1084,733,661,1792
20261004,19,11680545,42479,99,607,909,1107,1860,2306,1680,1725,1626,1543,1536,1142,893,1992,159,688,1024,1809,2715,2230,1873,1823,2155,1927,1623,1277,1170,2982
20261004,19,11680640,72091,86,504,1813,3237,5933,6287,4005,3000,2802,2239,1981,1480,1376,2046,91,676,1914,4148,6369,5497,3170,2560,2322,2112,1766,1410,1194,2072
20261004,19,11710580,31879,51,271,575,938,2066,2298,1467,1115,996,869,793,780,825,1526,79,303,793,1512,2354,2493,1428,1204,1208,994,1141,840,998,1963
20261004,20,11110530,23187,35,273,328,689,1147,1402,982,826,831,756,776,667,604,838,54,324,376,1093,1737,1658,1043,1034,1037,1003,1017,775,709,1174
20261004,20,11110540,4914,7,26,198,252,281,228,159,206,150,150,143,137,116,226,37,57,87,234,332,237,206,192,185,224,166,154,185,340
20261004,20,11110615,66633,194,560,849,2808,5710,5353,3333,2564,2397,2295,2008,1623,1699,2254,251,644,1278,4422,6765,4587,2448,2475,2430,2196,1798,1355,1026,1314
20261004,20,11140550,30804,144,468,418,954,1835,1748,1392,1530,1519,1185,1065,736,483,539,188,654,900,1875,2441,1917,1545,1587,1439,1242,911,721,612,755
20261004,20,11140605,15149,22,65,93,813,1639,1488,793,474,416,372,349,310,218,284,39,86,229,1200,2056,1474,641,463,434,370,238,190,164,231
20261004,20,11140670,14130,15,105,84,201,655,981,730,604,542,442,532,474,399,797,22,150,105,360,958,1057,759,615,529,446,520,458,546,1043
20261004,20,11170520,15858,44,112,218,557,1139,1159,732,570,484,461,368,287,392,858,27,100,218,853,1526,1266,684,542,496,403,352,388,489,1134
20261004,20,11170625,77458,173,755,1368,3615,6767,6274,3434,2578,2012,1807,1767,1496,1140,1667,256,949,1876,5987,9412,6509,3505,2711,2258,2222,2177,1464,1229,2050
20261004,20,11170650,16463,46,51,265,843,1606,1564,957,619,475,377,366,276,248,441,64,137,325,1137,1803,1266,687,550,386,373,386,346,341,527
20261004,20,11170685,28163,49,236,261,768,1813,1801,1251,1126,894,941,910,608,576,1212,63,295,331,1347,2571,2214,1542,1317,1087,1047,931,781,691,1499
20261004,20,11200690,26978,72,333,595,1226,1989,1747,1109,860,734,847,818,583,455,860,73,656,1223,2290,2677,1625,983,820,850,797,723,528,519,985
20261004,20,11215710,36934,35,198,966,3124,4272,2825,1354,906,889,802,815,545,563,1068,67,259,1115,4020,4227,2484,972,751,706,704,754,630,542,1341
20261004,20,11440660,88158,64,544,3177,6007,8715,6444,3274,2617,2049,1849,1458,987,779,1402,164,1356,5756,9663,10675,6261,3021,2345,2205,1928,1381,1078,1015,1945
20261004,20,11440690,24540,23,225,393,671,1459,1593,991,913,738,801,772,684,588,1263,53,251,411,1098,2013,1758,1047,887,879,825,871,711,793,1827
20261004,20,11440710,19565,33,128,248,602,1410,1478,804,637,609,612,525,377,415,873,25,198,398,1170,2036,1447,840,622,633,693,631,476,509,1137
20261004,20,11560605,40573,125,669,772,1011,2194,2479,1950,1671,1648,1576,1370,1072,988,2053,193,793,738,1322,2485,2347,1805,1785,1882,1555,1333,1022,1075,2660
20261004,20,11620585,24793,54,220,463,1445,2763,2143,1263,709,654,716,684,586,509,908,70,175,431,1580,2546,1496,857,541,570,589,607,473,530,1213
20261004,20,11680510,28239,47,447,803,1029,1678,1679,1134,1065,1042,981,874,715,517,1377,121,548,859,1232,1919,1716,1156,1033,1105,1134,965,636,645,1784
20261004,20,11680545,39128,64,586,873,976,1774,2104,1538,1530,1523,1471,1473,1108,855,1981,145,669,1029,1588,2306,1931,1656,1608,1944,1751,1489,1176,1084,2894
20261004,20,11680640,66954,79,429,1604,2997,5683,5998,3801,2884,2564,2177,1818,1368,1222,1812,95,532,1741,3825,6053,5120,2858,2443,2092,1914,1636,1260,1023,1925
20261004,20,11710580,31363,33,287,557,889,2009,2336,1468,1126,960,884,822,790,787,1551,93,264,775,1387,2266,2402,1419,1184,1129,997,1086,846,1018,1997
20261004,21,11110530,17937,29,244,274,547,921,1095,764,647,606,640,574,566,483,787,48,249,307,856,1266,1115,715,749,808,754,759,588,540,1008
20261004,21,11110540,3540,,32,170,203,172,128,138,159,114,113,107,89,107,223,24,51,64,103,194,143,129,142,127,146,106,110,126,321
20261004,21,11110615,53240,140,376,676,2381,5144,4637,2891,2145,1922,1744,1529,1221,1281,1605,202,466,1000,3529,5584,3596,1890,1747,1789,1601,1346,1062,691,1046
20261004,21,11140550,22111,81,328,378,721,1356,1286,982,1184,1211,961,894,593,373,461,108,471,672,1409,1547,1355,1014,990,929,809,633,457,333,577
20261004,21,11140605,13070,22,60,106,771,1466,1322,688,425,354,311,264,254,200,261,33,57,199,1084,1775,1226,509,378,342,308,187,141,144,185
20261004,21,11140670,14324,15,109,97,187,756,1004,735,595,558,426,528,474,390,768,22,148,116,343,993,1130,755,657,562,430,511,479,514,1022
20261004,21,11170520,14293,43,110,192,523,967,1044,673,501,430,455,356,274,403,844,25,120,178,670,1193,1087,602,470,457,369,322,394,496,1095
20261004,21,11170625,66986,138,554,1167,3185,5912,5525,3013,2118,1773,1587,1603,1434,1089,1598,230,676,1526,5002,7956,5636,2969,2260,1819,1895,1902,1306,1163,1951
20261004,21,11170650,15815,29,21,268,995,1675,1554,937,523,422,334,324,279,223,417,41,102,347,1206,1842,1139,569,417,364,311,332,307,331,505
20261004,21,11170685,25344,53,235,250,661,1597,1641,1112,1062,810,873,882,571,583,1208,49,295,299,1029,1973,1825,1403,1208,962,1034,835,732,685,1477
20261004,21,11200690,21447,54,289,498,884,1508,1331,939,743,649,747,733,531,417,811,77,362,809,1597,1856,1225,817,641,639,679,662,515,488,947
20261004,21,11215710,36551,40,170,872,3245,4342,2838,1303,843,845,757,749,560,512,1049,71,202,1040,4132,4357,2441,975,668,707,669,742,571,546,1303
20261004,21,11440660,76887,40,415,2611,5532,7921,5767,2853,2351,1820,1591,1342,992,724,1304,107,809,4244,8380,9342,5382,2697,2035,1852,1684,1224,959,975,1935
20261004,21,11440690,22857,23,205,361,608,1287,1561,965,906,710,757,718,675,587,1215,51,222,364,912,1694,1604,994,807,813,761,799,686,785,1786
20261004,21,11440710,18232,22,109,218,557,1271,1359,810,612,573,613,506,363,430,880,18,165,359,942,1750,1336,811,552,585,639,631,470,497,1154
20261004,21,11560605,39603,145,693,760,1028,2110,2316,1864,1647,1713,1588,1305,1063,959,2007,209,813,767,1290,2311,2247,1735,1824,1867,1463,1257,985,1052,2584
20261004,21,11620585,24241,47,221,470,1393,2690,2088,1184,691,656,649,627,554,507,879,63,187,389,1643,2522,1477,850,556,586,547,569,475,509,1210
20261004,21,11680510,25285,35,405,744,1001,1407,1430,965,944,961,956,793,646,507,1297,97,475,806,1052,1617,1469,998,913,972,1061,855,601,560,1716
20261004,21,11680545,34906,63,535,869,831,1480,1715,1254,1285,1440,1378,1394,1089,813,1936,137,656,958,1411,1891,1496,1386,1478,1650,1566,1329,1050,1011,2804
20261004,21,11680640,60925,88,351,1305,2737,5153,5547,3497,2696,2367,2028,1719,1258,1087,1676,88,451,1462,3489,5469,4594,2621,2317,1891,1713,1429,1122,953,1815
20261004,21,11710580,29964,38,268,453,828,1821,2220,1452,1102,953,867,840,746,781,1576,80,251,676,1121,2158,2193,1460,1112,1065,1010,1063,850,1023,1959
20261004,22,11110530,14733,24,170,217,410,698,793,615,523,502,491,523,511,453,755,36,243,262,642,941,844,592,588,682,614,612,496,492,1004
20261004,22,11110540,2900,,25,164,176,123,98,123,124,97,111,97,79,102,212,18,48,34,84,102,91,105,98,84,115,83,87,110,312
20261004,22,11110615,41867,123,267,471,1991,4296,3849,2475,1824,1555,1493,1168,988,996,1268,140,289,711,2646,4225,2715,1454,1238,1272,1142,1034,837,502,897
20261004,22,11140550,15565,54,191,236,564,965,987,740,876,938,721,716,468,278,362,67,262,492,1018,1025,884,674,618,544,491,410,288,217,480
20261004,22,11140605,11070,11,60,91,700,1253,1152,584,379,288,267,219,212,191,241,34,59,160,878,1469,992,411,361,252,243,154,125,124,160
20261004,22,11140670,14705,21,97,106,216,774,998,768,650,580,394,546,499,375,789,18,139,119,393,1024,1162,764,672,554,427,557,509,527,1028
20261004,22,11170520,12967,36,107,177,426,804,935,580,458,385,438,333,293,398,842,13,107,198,537,886,945,545,440,430,367,314,388,499,1087
20261004,22,11170625,52872,120,402,850,2614,4484,4399,2559,1751,1426,1337,1477,1250,961,1495,182,430,1106,3380,5852,4229,2399,1727,1473,1547,1521,1105,993,1801
20261004,22,11170650,16180,17,26,276,1094,1936,1771,993,510,370,322,283,284,199,424,24,100,347,1253,1989,1103,539,338,288,285,321,301,304,483
20261004,22,11170685,22797,53,230,233,603,1353,1441,1079,1007,797,844,811,581,586,1156,47,271,289,777,1492,1565,1185,1067,851,918,764,697,667,1432
20261004,22,11200690,17500,48,190,365,666,1135,1167,802,608,497,715,664,518,444,798,60,216,514,1013,1299,931,670,539,509,555,641,484,497,956
20261004,22,11215710,35623,45,147,747,3189,4319,2866,1315,807,792,747,716,498,519,1025,54,167,947,4012,4285,2391,1000,641,653,626,738,550,535,1289
20261004,22,11440660,66483,34,286,2104,5135,7228,5115,2500,2019,1579,1475,1203,889,657,1261,95,493,3058,7172,7714,4706,2187,1726,1592,1466,1125,883,910,1871
20261004,22,11440690,21923,22,175,326,561,1249,1489,934,850,689,744,709,668,595,1193,51,242,332,785,1479,1447,960,798,779,793,782,688,795,1789
20261004,22,11440710,17279,27,106,235,478,1167,1296,778,586,591,575,517,370,428,859,12,148,318,772,1537,1227,740,547,568,628,634,456,523,1158
20261004,22,11560605,38500,143,681,830,977,1936,2190,1793,1649,1641,1611,1346,1046,970,2001,207,805,777,1151,2000,2156,1706,1796,1797,1451,1250,997,1071,2523
20261004,22,11620585,23737,53,219,447,1308,2706,2078,1105,666,653,637,644,524,489,849,62,183,377,1613,2489,1498,828,571,502,545,529,475,486,1202
20261004,22,11680510,22816,23,357,713,873,1269,1205,826,856,870,865,769,609,465,1285,96,431,713,966,1286,1217,857,794,925,963,815,548,534,1685
20261004,22,11680545,31035,62,491,774,729,1230,1479,1078,1100,1350,1297,1315,973,789,1856,134,602,848,1066,1499,1266,1166,1241,1480,1431,1187,968,927,2698
20261004,22,11680640,55181,71,293,1004,2277,4602,4961,3215,2522,2325,1938,1603,1124,1011,1598,93,364,1048,2942,4762,4178,2540,2286,1902,1622,1238,1017,896,1751
20261004,22,11710580,28542,38,262,416,678,1647,2079,1457,1061,863,881,797,757,787,1588,71,248,575,916,1947,2078,1403,1060,1060,971,1052,861,1036,1952
20261004,23,11110530,12790,18,158,195,290,581,662,521,472,474,432,469,463,412,738,35,232,225,469,662,681,497,511,606,564,554,451,430,988
20261004,23,11110540,2872,,28,165,183,99,104,119,119,109,100,102,75,92,218,19,46,44,63,92,75,96,111,92,104,89,87,111,329
20261004,23,11110615,33769,115,256,373,1513,3466,3111,2144,1574,1376,1306,978,852,826,1151,122,251,467,1841,2998,2018,1195,1034,1081,941,885,688,423,787
20261004,23,11140550,11584,54,140,141,382,659,754,582,709,735,661,638,417,245,336,55,161,271,678,694,589,458,425,345,367,274,205,187,423
20261004,23,11140605,8877,5,49,83,606,984,946,479,351,277,222,170,191,166,219,34,63,133,655,1068,695,289,301,221,165,119,128,104,155
20261004,23,11140670,14424,26,96,107,204,718,979,747,637,579,386,526,465,370,771,18,137,103,364,1075,1137,758,641,541,417,581,505,520,1018
20261004,23,11170520,11767,40,98,156,339,687,817,545,411,358,413,338,275,384,824,12,97,190,427,688,766,491,379,407,369,323,388,497,1047
20261004,23,11170625,42315,96,355,655,1933,3334,3383,2160,1509,1106,1165,1327,1150,888,1431,153,351,785,2267,4257,3153,1977,1490,1255,1287,1277,968,914,1688
20261004,23,11170650,16667,18,25,282,1129,2143,2039,1029,515,346,305,240,278,185,420,24,98,321,1320,2086,1157,519,322,242,245,301,290,312,479
20261004,23,11170685,21191,53,229,248,582,1242,1412,1006,976,741,812,774,582,574,1123,48,228,211,691,1206,1281,1019,967,789,881,756,676,652,1434
20261004,23,11200690,15123,47,159,293,490,853,956,664,542,459,606,623,524,434,816,61,189,408,716,965,791,547,480,465,543,628,446,492,926
20261004,23,11215710,34034,39,148,697,3033,4053,2720,1242,818,715,712,718,489,495,1008,49,152,872,3873,4129,2210,990,650,635,595,687,524,530,1250
20261004,23,11440660,56815,28,242,1630,4551,6220,4511,2230,1766,1393,1305,1062,801,639,1221,83,379,2272,5909,6033,3862,1918,1493,1407,1339,1067,827,832,1796
20261004,23,11440690,21246,17,184,298,542,1193,1377,907,808,695,769,707,661,604,1195,46,244,330,668,1354,1369,943,790,749,814,769,684,772,1756
20261004,23,11440710,16308,27,100,211,401,1069,1206,727,579,563,553,526,373,423,855,12,141,264,677,1308,1087,752,540,565,613,612,441,524,1162
20261004,23,11560605,37099,141,692,857,912,1735,1955,1688,1610,1643,1622,1316,1040,957,2026,215,803,759,1001,1730,1961,1686,1759,1778,1425,1234,963,1069,2524
20261004,23,11620585,23272,52,201,405,1262,2743,2026,1101,641,615,610,606,489,473,887,62,185,371,1591,2457,1474,802,542,499,504,528,470,464,1210
20261004,23,11680510,20798,18,361,591,769,1095,1075,790,771,808,812,728,581,457,1278,101,384,602,740,1087,1004,769,726,878,900,768,545,509,1654
20261004,23,11680545,28986,62,499,723,645,1108,1244,1009,1027,1294,1200,1229,931,771,1828,117,577,758,967,1297,1122,1046,1159,1392,1348,1155,946,893,2642
20261004,23,11680640,49835,65,275,871,1779,3894,4432,3037,2442,2205,1829,1552,1073,934,1549,92,334,827,2297,4120,3744,2440,2169,1765,1520,1110,922,838,1718
20261004,23,11710580,27576,32,255,386,607,1501,1989,1413,1056,839,845,804,776,786,1584,77,235,531,791,1779,2010,1368,1065,1038,971,1045,851,1012,1929
