ymd,tt,id,spop,m00,m10,m15,m20,m25,m30,m35,m40,m45,m50,m55,m60,m65,m70,f00,f10,f15,f20,f25,f30,f35,f40,f45,f50,f55,f60,f65,f70
20261003,00,apgujeong,4053.4,10.6,23.6,55.9,236.9,323.3,332.5,212,205.7,205.6,126.8,135.5,64.2,80.6,102,10.6,5.3,64.5,201.8,340.7,303.3,178.4,116.7,136.4,90.1,98,91.9,113.3,155.4
20261003,00,euljiro,2534.5,0,0,0,118.6,262.2,249.8,193.6,109.7,77.7,102.5,70.4,36.3,46.4,31.9,0,4,0,96.4,324.1,326.9,132.8,128.7,65.1,42.3,45.4,40.5,12.2,6.1
20261003,00,gangnam,8430.7,0,5.3,100.4,363,868.3,967.1,572.1,526,394.7,276,177.2,115,88.6,104.3,10.6,21,100.3,377,1036.4,745.3,429.2,298.9,254.4,201.8,106.1,70.6,79.9,129
20261003,00,garosu,2745.4,5.3,53.1,58.4,87.4,177,166,101.8,140.1,120.5,95.5,95.5,79.2,24.5,128.4,10.6,43.3,62.5,140.8,140.1,177.2,116.9,113.9,112.1,79,110.8,78.3,52.2,172.5
20261003,00,haebangchon,6081.3,26.6,70.2,96.6,91.3,276.4,393.1,312.8,183.3,210.9,292.7,213.1,180.9,207.8,407,5.3,79.7,70.3,148.4,287.1,338.6,247.6,182.6,239.4,175.9,212.2,238.8,269.2,619.7
20261003,00,hannam,398.9,0,0,0,0,35.7,42.1,22.5,14.2,18.7,17.2,12.4,9.5,5.9,8.1,0,0,0,5.7,40.8,36.2,15.7,23.1,11.3,4.2,17.8,4.4,7.5,42.4
20261003,00,hongdae,5182.8,0,5.3,125.6,316.6,472.3,347.3,242.8,175.3,250.2,202.5,192.1,94.3,102.3,117,5.3,24.7,174.6,414,434.9,314,188.4,157.1,172.8,156.9,112.5,62.7,114.8,189.5
20261003,00,ikseon,1087.1,0,0,11.8,42,83.6,218,172.6,56.8,36.4,45.6,25.1,27.7,24,57.4,0,0,0,15.1,20.7,43.6,22.6,26,27.7,19.2,34.4,24.1,9.6,37.7
20261003,00,itaewon,13803.3,15.9,5.3,211,1097.4,1892.6,1723.3,992.5,452.1,317.7,238.7,98.1,147.9,137.8,239.5,15.9,21.2,165.5,1223.8,1884.3,1104.4,418.5,294.2,167.8,117.9,181.3,150.5,173,311.7
20261003,00,kondae,7921.7,11.8,0,190.1,739.9,1071.9,676.5,272.8,212.2,155.6,195,182.4,105,96.2,258.6,5.3,10.7,205,801.6,845.3,556.9,204,182.7,115.7,152,127.6,180.9,113.1,251.9
20261003,00,mangwon,7012,15.9,58.4,66.2,158.9,291.6,473.5,291.7,283.4,222.4,192.5,238.9,229.9,242.5,365,5.3,54.3,73.3,242.3,458.4,523,329.5,307.5,298,298.6,274,224.6,249.9,539
20261003,00,mullae,4006.6,5.3,69,24.8,157.4,445.8,394.9,148.9,188.6,164.6,108.1,86.1,105.1,101,160.5,10.6,47.8,77.5,180.4,336.1,256.5,114,104.4,112.9,94,81.3,81.5,98.4,242.4
20261003,00,myeongdong,2135.4,5.3,0,14.7,56.9,106.3,175,137.9,213.8,192.1,158.9,177.4,118.5,44.8,53.4,0,0,17.9,50.6,99.3,111.8,80.4,65.8,39.1,62.8,32.6,32.1,22.9,39.7
20261003,00,pocha,6862.2,0,8.7,88.5,409,961.6,799.4,514.3,305.4,270.1,271.7,182.3,178.5,126.8,245.7,0,10.5,46.3,406.6,847.8,364.3,147.2,118.9,111.6,118.5,66.4,94.5,67,100.5
20261003,00,samcheong,974.9,0,0,24.9,9.8,26.8,41.8,25.4,26.6,45.8,38.8,39.5,42,22.5,87.8,0,13.2,7.1,13.7,31.8,29.1,26,30.7,36.4,29,40.5,44.2,38.6,122.9
20261003,00,seochon,1352.8,5.3,0,6.6,27.4,89.1,121.2,61.7,57.6,79.5,60.7,72.5,45.1,46.2,72.8,11.8,0,7.7,33.5,86.7,95.8,40.4,43.3,33,42.6,32.8,34.5,34.7,84.6
20261003,00,seongsu,2246.8,0,15.1,4.3,79.6,164.3,212.5,148.5,98.4,81.9,77.1,113.4,88.8,79.5,75.1,0,15.1,28.5,55.1,178,114.3,97.7,49.9,64.5,74.3,72.7,54.3,105.4,75.4
20261003,00,sharosu,6250.2,21.2,35.6,60.2,332.3,862.4,635.5,295.7,169.5,155,147,163.5,105,70.6,212.4,0,20.2,61.5,395,806.8,457.4,226.1,128.5,121.4,123.7,160.3,96.8,96.1,279.8
20261003,00,sindang,6244,10.6,45.6,55.5,122,355.2,483.1,269.7,300.6,291.2,186.8,340.1,243.8,216.2,391.3,5.3,35.6,41.7,132.6,391.8,322.5,176.9,102.6,182.7,148.7,272.6,249,278.7,568.3
20261003,00,songridan,2613,0,33.3,23.9,57.7,154.4,202.1,156.3,113,96.5,88.8,79.7,103.7,62.6,148,0,34.2,39.8,53.2,133.5,192.1,138.1,101.1,80.8,91.1,75,102.6,67.3,184.1
20261003,00,yeonnam,5662.4,21.2,43.7,94.5,139.1,376.7,348.3,263.9,219.4,188.6,174.1,164.9,131.2,127.1,316.4,0,47.8,95.6,270.1,419.4,319.1,250.5,176.3,242.2,227.2,216,149.7,160,452.2
20261003,00,yongridan,7223.5,37.2,62.2,120.4,546.4,562.2,639.2,373.2,299.9,236,247.8,203.7,149.3,105.3,223.7,21.2,72.1,80.5,259.6,657.7,553.1,378.7,233.1,210.3,207.8,208.8,123.7,152.6,257.9
20261003,01,apgujeong,3675,10.6,23.6,51.1,203.7,299,289,193.3,183,197.5,108.3,136.7,64.3,80.5,110.4,10.6,5.3,69,158.7,288.9,237.1,148.3,99.4,135.8,90.8,93.2,91.4,109.7,160.9
20261003,01,euljiro,2137.7,0,0,0,111.1,242.3,216.1,156.5,101.9,66.9,100.9,67.7,24.8,28.5,24.9,0,4,0,87.5,232.6,238.2,111.3,116.2,63.3,41,41.7,30.7,5.5,6.1
20261003,01,gangnam,7617.7,0,5.3,104,313.8,757.3,811.4,542.6,507.3,334.2,277.3,175.7,100.6,82.3,100.3,10.6,21,92.2,333.8,876.1,623.1,448.1,294.7,227.3,193.5,100.6,66.6,73.4,128.9
20261003,01,garosu,2712,5.3,53.1,58.4,93.2,171.5,174.5,92.1,133.9,120.1,95.6,96.7,74.1,26.6,128.4,10.6,43.3,58.5,139.3,158.4,157.6,110.2,112.4,108.2,80.3,106.3,75,55.5,173.1
20261003,01,haebangchon,6038.6,26.6,70.2,96.6,94.1,284.3,372,310.9,183,211,302.5,204.4,182,221.5,402.2,5.3,79.7,70.3,138.7,281.9,322,245.8,179.5,241.8,180.3,208.3,235.3,273.8,614.8
20261003,01,hannam,375.7,0,0,0,7.7,35,38.7,19.8,14.2,17.4,17.2,8.6,6.8,5.9,8.1,0,0,0,0,37.5,33.2,19.3,17.5,7.8,4.2,13.9,4.4,7.5,47.6
20261003,01,hongdae,4648.5,0,5.3,125.5,281.7,461.7,292,219.4,150.3,219.7,173.9,168.8,86.3,98.5,114.7,5.3,24.7,156.5,365.7,381.6,251.4,176.9,137.9,170.4,128.6,109.4,51.4,103.3,177
20261003,01,ikseon,1085.9,0,0,8.2,46.5,96.4,182.6,166.4,59.2,41.8,53.2,29.8,32.7,24,60.2,0,0,0,15.1,21.7,43.2,22.6,26,24.7,19.2,34.4,24.1,9.6,39.1
20261003,01,itaewon,13954.4,15.9,5.3,223.3,1143.1,1943.6,1814.1,961.5,459.3,300.5,223.9,100.7,163,138.3,229.9,15.9,21.2,148.5,1234.8,1886.8,1118.6,430.5,270.9,159,108.9,181.3,153.6,176,319.3
20261003,01,kondae,7598,11.8,0,196.5,685.7,1057,654.4,241.8,194.4,141.2,180.5,169.9,95.2,91.5,258.7,5.3,10.7,197.4,773.9,806.4,526.3,201.7,171.4,117.4,149.6,135.6,157.8,112.9,251.9
20261003,01,mangwon,7071,15.9,58.4,63.1,158,319.8,505,289.5,281.5,226,198.4,250.5,229.9,250.9,365,5.3,54.3,73.5,228.4,459.4,520.5,336.9,299.9,301.9,294.7,269.3,223.7,249.1,539
20261003,01,mullae,3357.1,5.3,69,24.8,109,288.3,296.7,106,162.8,141.5,99.6,82.8,104.4,113.5,164.3,10.6,42.5,74.3,103.4,239.1,178.6,111,100.7,113.7,95,85,81.5,90.7,247.3
20261003,01,myeongdong,1903.1,5.3,0,10.3,36.9,86.6,166.1,142.6,197.8,181.7,144.3,165.1,104.4,44.8,49.9,0,0,13.2,37.2,67.9,87.5,64.7,47.3,42.1,54.3,30.1,32.4,27,35.3
20261003,01,pocha,5693.8,0,8.7,73,336,776.8,612.6,418.3,259.7,235.7,246.9,147.9,155,109.7,242.9,0,15.4,46.1,351.4,635.3,288.3,118.5,81.6,105.3,111,56.9,87.2,62.2,111.3
20261003,01,samcheong,975.1,0,0,24.4,10,26.1,40.7,23.1,26.7,41.3,38.7,39.6,45.4,22.5,87.8,0,13.2,7.1,18.1,35.4,29.4,26.4,33.5,36.4,29.2,40.3,44.2,38.6,122.4
20261003,01,seochon,1117.1,5.3,0,10.5,16,80.4,96.2,51.4,48.8,55.4,46.6,60.5,42.6,38.7,72.8,11.8,0,7.7,39.8,55.4,54.4,25.7,30.3,29.6,28.2,32.8,33.3,34.7,79.4
20261003,01,seongsu,2110.2,0,15.1,4.3,57.8,146.3,187,148.5,90,95.5,85.6,108.3,88.8,77.3,75.1,0,15.1,28.5,44.7,151,100.2,88.6,46.8,61.9,70.6,72.7,51.2,103.7,69.1
20261003,01,sharosu,5898.5,21.2,35.6,50.2,308.5,785.4,603.3,266.6,139.3,147.2,139.8,166.3,101.8,73.4,208.4,0,25.3,60.6,355.4,775.6,419.7,216.4,120.2,117.5,123.2,167.8,87.7,99.6,275.4
20261003,01,sindang,5842.6,10.6,45.6,51.7,83.5,331.6,400.7,246.9,277.9,262.8,178.5,329.7,246.2,208.5,383.9,5.3,35.6,41.7,127.7,344,289.8,166.3,96.9,165,139.3,267.2,244.7,267.8,577.9
20261003,01,songridan,2590.5,0,33.3,23.9,57.7,142.8,190.6,164.2,105.5,90.2,88.8,79.7,100.3,66.2,148,0,34.2,39.8,57.9,128.5,179.9,144.3,104.7,80.8,98.9,75,108.9,67.3,179.1
20261003,01,yeonnam,5519.7,21.2,43.7,69.9,122.6,370.8,334.5,264.7,228,178.3,160.2,165,126.9,131,321.1,0,42.5,100.6,248.7,421.7,302.3,261.1,168.1,234.1,224.1,208.3,151.3,166.7,444
20261003,01,yongridan,6566,42.5,56.9,99.9,528.9,502.1,533.3,339.3,292.3,212.5,239.9,195.2,150.5,106.6,224.6,26.6,67.3,76.6,207.3,542.2,466.5,339.3,209.9,195.3,181.5,195.1,121.3,153.7,256.2
20261003,02,apgujeong,3352.4,10.6,23.6,56.4,163.3,299.6,224.8,161.8,166.1,165.6,106.4,132.2,51.4,80.5,107.3,10.6,5.3,62,142.4,235.5,200.2,122.1,100.5,142.8,91.9,103.9,94.4,109.7,156.1
20261003,02,euljiro,1735.5,0,0,0,81.9,203,149.4,138.9,94.1,56.2,84,63.9,26.2,26.8,31.3,0,4,0,57.1,157.5,176,95.8,97.5,55.1,34.4,41.7,30.7,5.5,6.1
20261003,02,gangnam,6721.7,0,5.3,77,248.3,661.5,691.9,495,453.7,303,260.8,166.3,102.4,74,96.7,10.6,21,72.3,279.8,701,553.4,411.7,267.5,214,176.9,99.9,71.5,72.2,114.8
20261003,02,garosu,2663.5,5.3,53.1,53.7,88.5,176.9,152,90.6,133.7,118.2,96.9,92.9,68.3,29.3,124,10.6,43.3,52.6,131.8,164,154.3,107.3,101.7,117.4,80.3,112.1,75,55.5,173.1
20261003,02,haebangchon,6014.8,26.6,70.2,96.6,98.5,272.4,365.9,305.4,190.5,212.9,298.6,217.1,182,217.5,401.3,5.3,79.7,70.3,134.2,276.6,325,235.1,172.7,242.2,184.6,211.9,238.1,264.7,612.2
20261003,02,hannam,377.5,0,0,0,17.2,36.6,45.1,16.3,14.2,7.6,17.2,8.6,8,5.9,8.1,0,0,0,6.5,32.9,35,15.7,17.5,7.8,4.2,13.9,4.4,7.5,47.6
20261003,02,hongdae,4025.9,0,5.3,118.7,269.3,422.7,216.2,180.2,136.2,165.1,151.3,132.7,83.4,101.4,106.9,5.3,24.7,120.5,278.3,320.6,213.5,144.2,159.4,146,106.8,89.5,45.6,96.5,173.9
20261003,02,ikseon,1007.3,0,0,8.2,34.3,62.9,154,165.8,56.6,48.7,43.7,28.5,36.5,24,60.2,0,0,0,18.1,23.5,33.5,25,26,24.7,22,34.4,24.1,9.6,37.7
20261003,02,itaewon,13320.4,15.9,5.3,214.1,1116.8,1861.1,1764.5,888.8,426.5,311.4,216.6,111.7,157.7,138.3,224.7,15.9,15.9,145.8,1185.4,1748.7,980.3,403.4,257,159.1,112.2,181.8,159.3,179.3,322.7
20261003,02,kondae,7051.5,11.8,0,169.2,642.8,943.1,619.7,230.8,178.9,134.5,175.1,165.1,93.8,84.6,254.3,5.3,5.3,170.2,694.8,724.4,514.3,188.4,153.1,110.8,139,132.7,143,112.2,250.5
20261003,02,mangwon,7105.1,15.9,63.7,68.4,169.4,327.8,493.6,293.3,294.2,227.3,196.7,242.6,229.9,251.2,365,5.3,54.3,65.6,227.9,463.3,526,345.5,296.3,298.7,293.3,266.7,223.7,253.1,542.8
20261003,02,mullae,2884.5,5.3,69,30.1,69.2,188.2,218.4,82.2,144.2,130.4,92.4,90.4,100.6,108.7,176.1,10.6,37.2,74.3,78.8,167.1,103.8,93,94.3,109.7,90.3,85,81.5,94.6,247.3
20261003,02,myeongdong,1711.6,5.3,0,10.3,18.6,65.6,145.3,133.4,191.9,180,147.4,153.2,100.9,41.1,47.4,0,0,13.2,17.1,29.4,82.8,45.6,42.1,31.1,46.9,26.8,32.4,22.9,37.4
20261003,02,pocha,4602.9,0,8.7,50,248.6,619.1,484.1,336.9,217.9,204.2,221.5,149.2,138.9,97.9,242.9,0,15.4,32,231.1,437.9,209.8,90.6,87.3,101.9,106.2,44.5,72.8,49.7,101.1
20261003,02,samcheong,965.4,0,0,24.4,12.7,29,36.8,20.4,26.6,50.6,35.9,38.9,40.4,22.5,87.9,0,13.2,0,18.1,31.6,29.4,26.3,33.2,31.4,29,43.8,40.3,38.4,127.2
20261003,02,seochon,992.9,5.3,0,6.7,16,54,66,48.5,37.9,51.4,43.9,60.5,46.8,37.6,72.8,11.8,0,7.7,28,42,44.6,19.5,27.5,33,31,29.9,33.3,37.5,79.4
20261003,02,seongsu,1953.6,0,15.1,8.7,52.4,125.9,159.9,141.4,83.2,85.5,82.1,114.5,86.5,75.9,66.8,0,10,25.4,41.2,127.8,85.1,80.3,44.6,46.7,70.6,68.8,51.2,103.7,69.1
20261003,02,sharosu,5608.8,21.2,35.6,43.7,259,757.6,582,262.6,143.9,129.7,134.6,147.8,98,73.1,200.4,0,25.3,42.5,329.2,735.9,390.3,208.7,116.9,116.1,123.2,159.3,84.6,99.6,274.4
20261003,02,sindang,5545.8,10.6,50.5,52.9,72.6,304.3,334.1,201.6,250.1,255.3,163.1,330.9,228.6,214,374,5.3,35.6,50.2,120.6,321.2,245.7,151.5,93.8,164.3,146.8,279.3,239.6,276.6,561.4
20261003,02,songridan,2628.8,0,33.3,23.9,52.7,144,201.3,160.8,111.1,90.2,88.4,83,100.3,68.6,146.8,0,34.2,43.4,57.9,131.9,187.9,138,108.4,84.2,106,78.1,108.3,67.3,179.1
20261003,02,yeonnam,5415.8,21.2,43.7,65.3,143,350.8,328.8,232.1,218.6,173.9,148.4,162.3,122.6,127.9,320.3,0,37.2,99.5,259.3,409.6,297,254,163.8,232.8,223.4,219.4,151.3,157.3,444
20261003,02,yongridan,5985.8,42.5,56.9,98.3,476,415.8,433.3,298.8,264.8,194.7,212.8,206.2,150.1,111.8,224.6,26.6,67.3,75.4,163.9,453.8,398.9,333.3,194.3,181.8,175.9,201.6,121.3,150.2,251.9
20261003,03,apgujeong,3036.2,10.6,23.6,51.4,117.4,269.8,207.5,138.5,141.6,137.6,102.8,136.1,53.5,86.4,107.3,10.6,5.3,47.4,119.2,211.8,153.4,101,93.8,138.2,91.9,103.9,87.8,114.2,156.2
20261003,03,euljiro,1385.8,0,0,0,54.5,156.1,113.8,120.6,89.4,53,70.8,51.1,26.7,25.6,34.8,0,4,0,38.8,80.1,127,75.9,82.1,55.5,34.4,38,26.2,5.5,6.1
20261003,03,gangnam,5992.2,0,5.3,74,195.4,558.2,665.6,433,371.7,289.9,234.9,152.6,99.7,68.1,96.7,10.6,21,66.5,239.1,583,491.2,343.9,251.7,203.5,165.6,95.5,75.1,72.2,109.1
20261003,03,garosu,2616.4,5.3,47.8,53.7,88.5,160.4,132.4,77.9,133.7,110.3,96.9,94.8,70,29.3,124.8,10.6,53.9,57.2,140.8,171.3,138.2,110.1,95.1,120.5,77.4,106,78.8,55.5,173.1
20261003,03,haebangchon,6229.5,21.2,70.2,96,116.7,283.3,380.8,325,203.6,218.5,311.1,210.7,184.6,223.5,419.4,5.3,85,70.3,141,285.5,340.1,242,165.8,248.6,185.9,220.7,244.1,276.8,633.4
20261003,03,hannam,378.7,0,0,0,21.4,33.1,33.9,17.1,14.2,7.6,17.2,8.6,4.6,5.9,8.1,0,0,0,14.2,35.5,31.9,15.7,8.3,7.8,8.2,17.4,4.4,7.5,47.6
20261003,03,hongdae,3673,0,5.3,121.2,258.6,325.9,188.2,171.5,131.5,155,111.8,116.5,79.1,97.1,109.9,5.3,30,108.8,248.1,272.8,199.5,136.7,143.3,142.3,101.5,79.9,46.8,99.2,173.9
20261003,03,ikseon,879.8,0,0,8.2,31.2,54.1,106.6,113.8,64.4,51.9,43.7,22.1,33.3,21.2,64,0,0,0,12.4,23.7,28.2,21.6,26,24.7,22,30.2,24.1,9.6,37.7
20261003,03,itaewon,12020.3,15.9,5.3,212.1,1016,1737,1578.8,810.3,377.7,262.6,211.7,110,151.7,139.4,223.9,15.9,21.2,116.7,1002,1519.6,830.7,355.8,220.3,133.6,107.9,183.6,150.6,179.3,326.6
20261003,03,kondae,6695.9,11.8,0,160.8,595.2,846.1,602,231.5,190.3,135,174.2,162.3,90.4,77.8,261.8,5.3,5.3,133.4,624.3,707.5,491.1,158.6,151.8,118.9,139.4,116.5,139.9,114.6,246.4
20261003,03,mangwon,7130,15.9,63.7,63.1,169,344.8,491.4,300.9,280.8,226.6,207.6,246.7,234.1,255.4,372.9,5.3,54.3,56.3,216,470.5,530,337.8,298,295.6,293.3,266.7,219.9,253.1,556.8
20261003,03,mullae,2520.7,5.3,69,24.2,55.3,129.4,149,77.8,131.8,119.4,97.9,69.5,96.8,104.8,167.2,10.6,42.5,69,64.5,104.4,68,76.1,86.5,104.9,85.7,85,81.5,94.6,238
20261003,03,myeongdong,1541.9,5.3,0,5.1,10.4,60.9,110.6,122.9,186.8,156.5,130.3,141,104,35.9,43,0,0,0,12.8,23,82.5,39.2,46.4,22.3,36.3,25.2,32.4,22.9,39.4
20261003,03,pocha,3704.4,0,8.7,30.5,169.6,464.1,413.3,246.5,174.9,177.8,192.8,126,125.4,97.9,246.4,0,15.4,24.4,171.7,318.7,132.1,52.2,73,87.4,97.1,44.5,68.8,40.7,101.9
20261003,03,samcheong,948.5,0,0,24.4,12.2,24.7,34.3,20.3,26.9,45,35.9,40.4,40.1,22.5,87.8,0,13.2,0,18.3,24,29.2,26,33.2,27.7,26.5,47.3,40,41.2,127.2
20261003,03,seochon,872.2,5.3,0,0,16,53.4,51.4,38.7,24.6,51.4,34.5,54,32,37.6,63.1,11.8,0,7.7,19.4,32.3,33,19.5,27.5,29.6,23,29.9,33.3,40.4,71.8
20261003,03,seongsu,1873.3,0,15.1,4.3,58.8,113.1,155.9,138.7,81.2,75,70.3,104.7,84.8,82.4,71.2,0,10,25.4,44.8,117.5,84.2,63.3,38.7,34.9,67.6,68.8,51.2,102.9,69.1
20261003,03,sharosu,5421.3,21.2,35.6,42.5,230.8,733.2,543.5,240.7,124.9,121.4,137.8,136.6,96.6,77.8,196,0,25.3,47.4,317,722.1,404.4,207.9,102,112.6,115.4,160.4,80.7,103.1,274.4
20261003,03,sindang,5349.4,10.6,45.2,54.1,86.9,258.7,318.7,187.4,254.2,245.7,138.1,319.5,229.9,217.7,380.7,5.3,35.6,50.2,120.6,299.2,231.8,151.5,87.1,154.8,129.4,248.2,237.2,276.6,560.2
20261003,03,songridan,2590.3,0,33.3,23.9,53.9,137.9,195.2,156,108.6,90.2,94.9,86.4,103.7,65,139.1,0,34.2,43.4,57.9,130.8,184.9,133.7,108.4,77.4,102.5,78.6,108.3,67.3,175
20261003,03,yeonnam,5424,21.2,44.8,65.3,152.7,362.8,346.1,227.8,206.9,176.5,145.2,159.7,122.6,127.9,328.7,0,42.5,99.5,238.9,420.4,300,258,157.7,228.3,220.7,215.6,147.6,160.6,439.9
20261003,03,yongridan,5624,42.5,56.9,90.5,447,328.5,404.1,275.4,237.2,195.9,199,191.9,156.2,112.3,228.4,21.2,67.3,70.8,148,394.6,363.3,315.5,196.9,182.6,175.9,197.6,121.3,151.8,248.4
20261003,04,apgujeong,2689.2,10.6,23.6,36.4,103.9,191,185.1,145.2,99,108.2,97.5,131.4,46.8,77.2,103.1,10.6,5.3,40.4,95.9,184.7,127.2,85.3,93.8,133.5,87.6,97.2,84.1,114.2,152.6
20261003,04,euljiro,1177.4,0,0,0,36.1,114.4,71.8,108.1,84.5,50.9,67.3,34.6,33.1,29.2,28.6,0,4,0,31.5,88.6,89,53.8,82.1,46.8,35.6,36.2,23.6,5.5,6.1
20261003,04,gangnam,5508.4,0,5.3,67.2,165.7,496.7,602.2,377.1,369.2,276.4,233.1,153.2,88.8,69.3,96.7,10.6,21,52.3,187,512.4,458,313.7,238,192.8,163,94.2,72.2,69.3,95.5
20261003,04,garosu,2565.2,5.3,47.8,59,92.4,139.1,124.9,75.4,137.9,110.3,90.7,92.4,65.6,29.3,129.1,10.6,53.9,60.7,128.2,162.5,130.8,115.8,90.4,120.5,77.4,108.9,75.5,55.5,173.1
20261003,04,haebangchon,6227.2,26.6,70.2,101,111.8,295,384.2,324.1,194.7,218.5,310.9,210.5,184.5,223.4,418,5.3,85,65.3,145.6,288.2,334.3,238.7,165.9,257.1,177.1,216.6,244.1,281.3,629.1
20261003,04,hannam,346.9,0,0,0,13.7,30.3,36,19.8,17.1,7.6,17.2,8.6,4.6,5.9,5.9,0,0,0,7.1,25.1,31.9,15.7,8.3,0,8.2,17.4,4.4,6.3,43.5
20261003,04,hongdae,3392,0,5.3,79,246.4,288.7,165.8,163.3,123.2,139.1,99.3,113.3,60.5,85.4,115,5.3,30,117.9,207.7,246,205.4,136,135.3,127.8,94.3,75.3,48.3,96.7,166.9
20261003,04,ikseon,826,0,0,8.2,30.6,34.3,89.9,93.4,43.5,38.9,46.7,25.2,35.2,26,60.2,0,0,0,12.4,25.5,36,22.8,26,27.7,29.6,37.7,24.1,10.8,36.3
20261003,04,itaewon,10172.6,15.9,5.3,182,870.8,1446.3,1290.3,710.4,305.8,200.3,213,117.6,152.4,142.7,220.2,15.9,21.2,119.5,814.9,1153.3,633.1,293.4,181.5,107.2,107.9,175.4,170,183.9,322.3
20261003,04,kondae,6345.2,11.8,0,124.2,526.1,810.8,547,228,183.2,128.2,178.2,150.5,86.4,76.8,261.8,5.3,5.3,127.6,588,658.2,488.8,151,155.4,111,123.6,110.8,138.1,119.5,245.8
20261003,04,mangwon,7145.7,15.9,63.7,66.3,178.1,328.8,501.7,305.7,273.2,218.7,208.4,246.7,229.9,251.2,374,5.3,54.3,56.3,209,475.6,537,344.6,304.1,298,303.7,267.5,223.7,253.1,547.7
20261003,04,mullae,2361.5,5.3,74.3,24.2,46,96.1,108.3,68.1,128.8,107.1,89.1,76.2,96.8,96.9,176.7,10.6,42.5,69,57.5,70.7,64.7,75.7,77.7,104.9,85.7,81.4,81.5,90.7,242.9
20261003,04,myeongdong,1518.8,5.3,0,5.1,10.4,59.4,104.7,115,178.1,145.2,127.4,139.8,100.4,46.9,46.7,5.3,0,0,11.7,17.4,83,42.3,41.5,22.3,33.1,25.2,32.4,22.9,43.2
20261003,04,pocha,3109.2,0,8.7,25.5,142.3,334.6,335.9,197.7,144.7,160.8,180.2,115.6,112.7,94.6,240.1,0,15.4,24.4,108.1,221.2,115.7,48.8,65.3,94.4,97.1,39,62.1,28.1,93.6
20261003,04,samcheong,950.9,0,0,24.4,12.2,21.3,34.5,20.3,27.1,40.9,40,38.7,39.9,22.5,88.2,0,13.2,0,17.9,24.3,33.8,26.2,33,30.7,29,46.1,40,39.8,126.9
20261003,04,seochon,851.4,5.3,0,0,16,45.4,52.6,28.2,25.9,47.1,39.1,57.1,34.8,37.6,56.3,11.8,0,7.7,19.4,29.4,35.3,22.4,27.5,29.6,23,29.9,33.3,37.3,71.8
20261003,04,seongsu,1858.5,0,15.1,4.3,52.3,120.1,157.7,145.6,74.9,68.2,79.4,99.9,79.4,78,68.6,0,10,25.4,47.2,111.6,77.8,63.3,38.7,35,67.6,72.1,53.3,97.8,73.2
20261003,04,sharosu,5307,21.2,35.6,28.5,208.8,718,546.4,239.1,125.3,110.8,134.6,135.9,96.6,73.1,192.4,0,20.2,37.8,301,728.6,393.7,207.9,102,102.4,115.4,156,88.1,103.1,278.3
20261003,04,sindang,5201.4,10.6,45.2,57.2,81.9,214.7,297.4,180.4,244.1,242.4,130.2,309.4,221.4,220.5,385,5.3,35.6,50.2,117.5,295.7,221.2,159.5,91.8,144.3,132.9,229.6,210.7,288.8,567.3
20261003,04,songridan,2587.1,0,33.3,23.9,53.9,137.9,198.3,156,108.6,90.3,94.9,87,106.1,65,140.3,0,34.2,43.4,53.2,127.4,184.9,133.7,108.4,77.4,106,75.6,105.3,67.3,175
20261003,04,yeonnam,5447.8,21.2,44.8,65.3,162.5,360.3,333.5,239,204.9,174,141.2,159.7,122.6,130.6,324.2,0,37.2,98.3,250.8,417.3,297.1,252,168.1,232.2,224.3,224.4,151.4,160.6,444.1
20261003,04,yongridan,5196,42.5,62.2,72.5,403.8,264.5,340.1,265.8,230,178.2,183.3,180.3,152,112.3,228.4,21.2,62,65.8,121.6,323,349.2,283.7,190.2,174.6,170,194.3,118.9,148.4,254.5
20261003,05,apgujeong,2560.1,10.6,23.6,36.4,79.2,172.9,154.5,112.7,89.6,96,91.7,134.7,55.4,80.5,98.5,10.6,5.3,43,92,176.5,119.5,88,88.7,126.8,96.1,97.2,84.1,110,157.8
20261003,05,euljiro,1041.7,0,0,0,20.2,60.6,58.7,105.6,69.7,53.3,70,31.3,31.7,20.8,28.6,0,4,0,35.9,67.6,75.4,54.3,82.1,46.8,34.1,37.6,23.1,5.5,11.5
20261003,05,gangnam,5177.7,0,5.3,67.2,170.3,445,504.2,344.8,350.1,274.2,231.3,137.6,95.6,58.3,106,10.6,21,52,172.2,463.2,409.2,304.1,236.4,184.1,164.1,91.9,72.5,74.2,99.4
20261003,05,garosu,2471,5.3,47.8,49.4,80.4,130.3,100.4,63.9,135,112.6,90.2,91.9,65.6,34.9,129.1,10.6,53.9,52.6,112.2,143.6,130.8,118.1,92.2,117.4,80.5,108.9,75.5,54.5,181.1
20261003,05,haebangchon,6275.6,26.6,70.2,100.8,116.1,301.7,404,337.4,195.5,215.6,300.2,211.6,184,223.7,424,5.3,85,70.3,153.3,302.6,341.8,238.8,162.4,248.5,168.4,216.8,244.2,277.8,629
20261003,05,hannam,327.1,0,0,0,4.1,29.6,33,22.1,17.1,7.6,20,8.6,4.6,5.9,5.9,0,0,0,11.7,25.1,29.3,15.7,8.3,0,0,13.9,7.7,6.3,43.5
20261003,05,hongdae,3375.5,0,5.3,82,234,302.7,183.5,140.3,124.7,129.2,101.7,128.1,65.2,84.2,115.3,5.3,30,127.7,219.1,215.7,193.1,140.4,124.2,122.3,97.7,75.2,44.6,96.7,174.3
20261003,05,ikseon,750.7,0,0,8.2,21.4,33.5,61.4,73.7,35.8,35.1,52.1,27.6,35.2,23.8,60.2,0,0,0,12.4,21.8,30.7,22.8,26,30.6,26.9,37.7,24.1,10.8,33.8
20261003,05,itaewon,8503.7,15.9,5.3,167.6,705.7,1188.6,984.7,564.5,273.5,178.4,196.2,119,162.7,138.8,226.4,15.9,21.2,79.3,651.7,829.9,495.5,264.9,175.1,105.6,110.9,167.4,163,180.8,310.1
20261003,05,kondae,5976.3,11.8,0,90.8,423.9,766.1,529.1,221.6,168.9,125.5,169,147.7,87,83.5,254.2,5.3,5.3,116.4,492,628.2,469.6,154.7,153.8,115.2,133.1,117.4,134.2,121.8,246.4
20261003,05,mangwon,7133.9,15.9,63.7,66.3,172.8,339.1,496.8,316.9,277.4,215.4,208.4,245.1,229.2,242.2,364.6,5.3,54.3,52.4,209,478.5,534.4,343,298,301,303.7,267.5,220,257.2,552.3
20261003,05,mullae,2298.8,5.3,69,21.2,46,81.6,82.5,61.9,123.2,107.1,92.9,80.4,113.8,88.5,177.9,10.6,42.5,65.4,45.7,65.2,61.5,75.9,81.6,104.9,85.7,86.7,85,91.7,233.1
20261003,05,myeongdong,1579.4,5.3,0,10,15.4,68,118.3,108.2,184.7,144.9,114.9,140.3,116.2,54.8,49.5,0,0,0,11.7,16.6,88.2,41.1,37.1,22.3,37.4,25.2,37.2,24.5,58.4
20261003,05,pocha,2798.9,0,8.7,16.6,128.7,255.6,263.6,148.2,128.9,157.6,162.8,120.6,112.7,96.2,242.9,0,15.4,24.4,96.9,173.9,103.7,47.1,66.6,94.4,97.1,34.5,66,36.8,98.8
20261003,05,samcheong,985.6,0,0,24.4,12.2,21,38,20.6,27.2,48.9,47.9,39.2,40.2,28.4,88.1,0,15.8,0,24.1,24.3,33.5,25.8,33,30.7,29.3,46.3,37.3,40.6,131.1
20261003,05,seochon,869.3,5.3,0,0,12,45.3,48.3,28.2,20.7,52.7,46.1,60,34.8,48.1,65.2,11.8,0,7.7,19.4,27.5,30.9,22.4,27.5,29.6,28.5,29.9,33.3,34.8,71.8
20261003,05,seongsu,1945,0,15.1,4.3,51.2,107.5,170.7,152.8,81.1,73.6,89.6,114.3,82.6,89.7,80.4,0,10,24.8,50.8,116.4,78.5,65.3,42.4,39.2,74.7,64.6,53.5,86.2,75.2
20261003,05,sharosu,5201,21.2,35.6,28.9,190.7,665.4,541.6,229.5,131.2,117.4,128.3,143,96.6,76,192.4,0,20.2,37.8,290.6,717,395.2,195.7,101.1,102.4,115.5,149.7,86,108.1,277.6
20261003,05,sindang,5143.6,10.6,39.9,52.9,79.6,214.5,279.4,183.4,243.6,241.9,137,314.1,231.4,228,373.9,5.3,35.6,50.2,128,276.4,200.4,151.7,81.5,144.3,140.4,228.2,201.1,286.1,572.3
20261003,05,songridan,2604.9,0,33.3,23.9,53.9,141.2,198.1,158.6,111.4,91.5,99.7,90.4,109.5,61.5,143.9,0,34.2,47,53.2,124,186.1,133.7,108.4,77.4,109.5,81.6,102.2,65.1,165.9
20261003,05,yeonnam,5416.7,21.2,44.8,60.1,151.9,346.1,322.6,229.6,210.1,170.6,137.7,162.5,123.6,134.4,328.1,0,37.2,93.9,246.9,426.4,293.1,246.6,174.6,235.5,227.5,225.8,151,161.4,447.1
20261003,05,yongridan,4928,42.5,67.5,72.5,381.3,230.9,303.6,265.6,220.7,173.7,158.6,182.8,155,119.2,240.6,21.2,62,50.4,106.5,288.9,310.6,257.9,178.9,163.5,159.7,186.6,114.5,148,261.8
20261003,06,apgujeong,2463.8,10.6,23.6,36.4,63.1,141.3,140.1,92.9,79.6,103.9,87.1,126.1,66,91.6,113.1,10.6,5.3,50.3,72.2,156.9,107,81.7,88.7,122.7,103.9,96.1,90.2,101.5,162.8
20261003,06,euljiro,1137.9,0,0,0,5,44.4,50.5,102.1,76.9,56,116.6,37.5,58.8,35.8,44.8,0,4,0,32.6,67.7,72.3,52.6,89.4,46.8,35.9,43,23.9,10,20.5
20261003,06,gangnam,4976.8,0,5.3,68.7,151.7,365.8,447.2,329,309.3,290,239.6,133.8,128.5,87.4,134.8,10.6,21,56.4,160.9,426,390.6,275.2,235.1,160.4,165.1,91.7,71.9,79,122.4
20261003,06,garosu,2456,5.3,53.1,54.1,66.2,114.6,98.4,65.1,113.5,112.7,103.7,102.7,71.4,38.8,124.4,10.6,53.8,57.4,116.3,137.8,129.5,110.8,92.2,118.6,85.5,112.3,75.2,60.9,168.7
20261003,06,haebangchon,6213.4,26.6,70.2,101.6,116.7,301.3,398.9,333,195.7,225.1,289.6,202.5,194.2,213.5,428.1,5.3,85,70.3,153.3,302.3,338,233.9,159.6,248.6,177.3,209.9,240.8,266.7,601.1
20261003,06,hannam,329,0,0,5.1,0,31.4,26.4,21,14.2,7.6,27.2,9.8,8.6,5.9,10.2,0,0,0,0,18.5,29.3,18.6,8.3,0,0,13.9,7.8,6.3,43.5
20261003,06,hongdae,3219.5,0,5.3,76.3,195.6,269.9,166.9,127.9,115.3,118.7,102.7,120.9,80.9,89.4,120.1,5.3,30,116.8,185.5,212.9,194.2,140.2,131.7,113.6,91.9,76.5,59.1,108,158.2
20261003,06,ikseon,710.1,0,0,8.2,26.3,22.2,48.8,62.6,34.9,44.5,55.3,26.1,27.8,24.3,57.4,0,0,0,12.4,18,27.7,22.8,26,28.8,29.6,37.7,21.4,9.6,32.4
20261003,06,itaewon,6866.5,15.9,5.3,128.4,444.6,917.3,775.1,463.2,250.5,146.4,203.4,137.9,188.3,146.6,224.9,15.9,21.2,49.2,402.4,557.2,378.6,243.8,154.6,93.6,89,157.5,156.8,175.9,316
20261003,06,kondae,5686.5,11.8,0,79.3,364.8,709.5,496.8,216,173.1,133.9,159.5,161.1,79.9,72.3,257.6,5.3,5.3,96.1,466.4,588.8,458.3,151.1,154.2,112.6,131.4,114.9,118.4,116.9,247.6
20261003,06,mangwon,7021.3,15.9,63.7,66.3,162.2,350,494.4,309.9,283.6,217.1,196.7,235.5,222.7,228.5,355.6,5.3,54.3,52.4,201.7,466.8,532.8,343,299.1,294.2,290.8,267.3,213.7,249.1,538
20261003,06,mullae,2330.8,5.3,74.3,21.2,46,68.2,73,68.8,126.3,107.9,96.8,79,149,124,182.7,10.6,42.5,60.6,37.9,59.2,55.3,69.6,74.9,97.7,85.8,94.2,84.8,98.5,224.4
20261003,06,myeongdong,1927.7,5.3,0,5.1,36.4,101.1,129.7,122.2,193.7,172.3,146.6,174.5,130.3,79.5,58,0,0,0,11.7,33.9,110,44.1,40.6,31,46.2,38.4,56.2,54.1,81.9
20261003,06,pocha,2639.7,0,8.7,16.6,90.1,218,188.1,116.9,118.7,150.2,173.6,123,126.1,122.6,274.7,0,15.4,24.4,92.1,156.9,94.3,39.7,65.2,94.4,97.1,41.6,59.4,36.4,94.3
20261003,06,samcheong,1020.9,0,0,24.4,9.2,21.4,41.5,26,27.9,46.7,56.7,45.6,41.3,26.2,88.8,0,15.8,0,24.7,26.1,37.2,26,35.4,30.7,29.6,47.5,41.3,40.9,123.8
20261003,06,seochon,960.7,5.3,0,5.3,13.2,54.3,55.2,39.5,26.9,50.6,48.9,60.2,63.2,51.4,64.3,11.8,0,7.7,23.3,27.5,31.3,22.5,27.5,32.8,32,39.6,33.3,38.4,67.9
20261003,06,seongsu,2353.6,0,15.1,4.3,57.4,146,191.4,176.2,110.9,102.8,127.8,151,146.6,129.1,92.8,0,15.1,20.7,50.8,127.2,84.6,81.4,49.7,51.4,80.6,74.7,53.7,92.9,86.7
20261003,06,sharosu,5186.6,21.2,35.6,28.9,181.7,644.4,544.8,232.1,131.2,120.7,129.8,143.8,106.2,88.4,186.7,0,20.2,31.9,289.9,712.4,408.9,201,95.1,102.4,119.6,142,83,108.1,265.2
20261003,06,sindang,5101.7,10.6,39.9,52.9,67.6,215.2,288,171.4,216.7,236.8,139.9,322.9,222,246,346.4,5.3,35.6,50.2,136.6,270,191.6,156.3,75.8,136,153.2,226.1,216.3,281.6,575.9
20261003,06,songridan,2578.4,0,33.3,22.7,53.9,138,193.2,156,111.4,87.1,94.9,87.9,98.6,54.4,143.6,0,34.2,47,54.6,136.8,192,133.7,108.4,77.4,109.5,75.5,98.9,65.1,170.3
20261003,06,yeonnam,5348.2,21.2,39.5,60.1,149.4,319.5,333.3,225.2,191.5,163.8,147,158.6,121.1,135.6,333.4,0,37.2,102.1,241.7,418.3,295.4,249.4,173.9,225,229.6,220.7,153.6,161.2,434.6
20261003,06,yongridan,5018,42.5,72.8,64.9,384.2,227.5,324.7,269.9,232.2,180.3,151.7,208.9,160.7,116.6,243.5,21.2,62,55.3,110.4,295.4,312.6,259.6,175.5,176,160.6,182.4,127,145.7,251.3
20261003,07,apgujeong,2371.7,10.7,23.8,38.4,60.1,123.3,132.1,72.8,76.8,77.1,96,135,90.6,78.8,117,10.7,10.7,48.8,71.1,137.9,101,77.4,88.9,114.3,107.4,93.3,79.6,101.5,165.2
20261003,07,euljiro,1220.7,0,0,0,5,39.5,63.3,98.7,83.5,67.9,124,51.4,75.8,54.5,54,0,4.1,0,32.9,65,65,49.6,89.1,42.1,36.2,56.1,24.1,14.4,19.5
20261003,07,gangnam,5080.1,0,5.4,68.9,151,354.8,431.2,331.5,308.7,283.1,281.5,145.2,156.7,112.5,156.3,10.7,21.2,60.4,167.7,395.5,408.4,283.1,226,170.4,163.2,98.5,79.6,80,116
20261003,07,garosu,2542.5,5.4,53.6,59.1,76.2,108.5,100.2,63.3,115.3,127,109.3,119,78.6,45.6,114.5,10.7,54.3,67.8,107,158.3,123.7,116.2,95.9,116.9,78.8,110.6,75.8,61.4,187.3
20261003,07,haebangchon,6213.3,26.8,76.2,106.7,113.3,300,403.6,331.6,192,218.2,291.1,207.6,178.8,215.4,416.2,5.4,85.7,70.9,153.9,296.4,351.5,236,156.5,259.6,170.5,203,246.5,282,597
20261003,07,hannam,380.2,0,0,0,0,29.1,25,30.4,22.8,7.6,34.7,9.9,8.7,12.6,10.3,0,0,0,11.5,18.7,32.9,18.8,8.4,10.3,0,14,7.9,6.3,43.9
20261003,07,hongdae,3306.2,0,5.4,69.3,151,249.1,192.5,132.6,120.1,126.9,134.2,140.1,111.3,97.9,142.8,5.4,35.6,107.1,162.6,225.5,174.7,157.7,113.1,124,89.2,89.4,60.7,119.8,162.6
20261003,07,ikseon,753.5,0,0,8.3,21.6,18.3,44.6,58.5,33.1,52.6,55.6,30,51,25.8,62.6,0,0,0,12.5,14.1,37.4,22.9,26.3,30.2,29.9,45.9,21.6,9.7,35.8
20261003,07,itaewon,5443.3,16.1,5.4,103,256,571.2,537,353.9,218.1,135.6,210.5,171.5,176.7,170.2,244.7,16.1,21.4,22,242.1,334.2,302,210.7,144.1,83.1,85.5,161.3,157,163.1,322.9
20261003,07,kondae,5417.4,11.9,0,65.3,294.2,690.6,493.1,218.5,172.9,130.1,148.2,150.5,75.8,65.6,263.5,5.4,5.4,84.8,414.8,548.1,431.1,163.9,158.7,114,130.1,113.6,116,115.6,232
20261003,07,mangwon,6984.2,16.1,64.3,66.9,163.5,356.3,482.2,315.5,282,215,197.5,235.3,215.7,221.9,340.5,5.4,54.7,48.9,203.4,469.7,543.7,331.4,304.7,280.9,288.4,262.5,226.5,247.1,537.4
20261003,07,mullae,2387.1,5.4,75,16.1,41.2,66.4,77,69.7,132.2,115,100.7,128,164,116.2,213.3,10.7,42.9,61.2,38.3,51.9,45.9,70.1,66.9,90.8,81.4,90.7,89,95.2,219
20261003,07,myeongdong,2422.6,5.4,0,5.1,34.5,113,130.6,149.1,221.2,184.5,192.2,229.1,190,95.5,91.9,0,0,0,26.9,65.7,136.8,54.8,50.3,43.4,50.3,56.4,78.9,92.1,95.7
20261003,07,pocha,2634.4,0,8.8,16.8,71.2,187,175.1,118.7,131,130.2,189.1,118.4,133.8,138.4,297.3,0,15.6,24.7,95.6,146.1,86.9,43,65.7,100.1,103.5,47.4,60.8,34.8,91.3
20261003,07,samcheong,1108,0,0,28.2,9.3,24.3,48.6,36.1,27.5,38.7,69.3,46.9,42.9,33.9,100.7,0,16,8.9,26.3,31,45.3,31.6,35.7,30.9,26.5,49,43.4,46.3,125.1
20261003,07,seochon,1180.8,5.4,0,9.4,15,63.4,82.2,47.5,27.2,56,75.7,87.4,84.9,62.1,71.1,11.9,0,7.8,28.9,37.4,39.4,35.1,33.3,40.5,29.5,53.5,34.9,32.3,71.7
20261003,07,seongsu,2682.3,0,15.2,14,73.7,164,208.1,194.7,124.6,111.4,161.9,218.5,177.2,140.5,93.5,0,20.3,18,65.6,150.7,104.6,79.2,52.2,58.2,74.7,84.1,59.1,93.2,98
20261003,07,sharosu,5143.9,21.4,35.8,26,183,626.8,542.1,217.2,127.9,116.2,122.8,131.2,94.6,82.9,212.6,0,20.4,32.2,295.9,709.9,412.4,196.5,93.6,99.7,108.7,140,72.3,102.8,307.5
20261003,07,sindang,5281.1,10.7,40.2,53.3,60.1,224.7,280.8,165.6,219.7,239.6,150.9,313.1,236.9,279.9,384.8,5.4,35.9,50.6,143.7,267.9,210.6,164.6,80.2,148.3,149.7,224.2,218.1,310.7,597.7
20261003,07,songridan,2605.2,0,33.6,22.9,58.4,142.4,185.8,139.6,113.5,85.9,92.1,81.9,110.5,64,144.8,0,34.5,47.4,67.4,142.7,195.8,128.4,109.3,81.5,111,72.6,104.5,61.9,173.1
20261003,07,yeonnam,5334.5,21.4,39.9,60.6,145.8,318.8,322.4,222,200.3,163.5,150.9,152.5,126.5,125.5,338.2,0,32.1,103,238,415.5,301.7,250.3,162.1,223,227.7,225.4,147.5,175,438.5
20261003,07,yongridan,5798.5,42.9,73.4,83.5,402.3,264.6,382.1,299.6,269.7,273.3,187.1,225.2,165.8,137.5,276.5,21.4,67.4,54.5,140.4,350.2,348.1,297,207.9,199.4,210,204.4,149.3,191,271.2
20261003,08,apgujeong,2466.5,10.8,24,30.1,53.7,128.5,115,82,71.3,84.8,126,124.6,106.3,64.7,109,10.8,16.2,68.3,92.3,134,115.8,83.3,102.7,95.2,116.9,106.4,63.1,107.1,178.4
20261003,08,euljiro,1401,0,0,0,9.3,41.8,77.6,114,79.7,74.8,137.8,56.3,103.5,69.2,84.6,0,4.1,0,38.5,63.9,75.8,49.9,90.9,46.2,42.9,56.8,32.7,14.2,24.9
20261003,08,gangnam,5682.9,0,10.8,98.7,155.9,390.3,495.8,345.2,339.1,334.6,272.8,153.6,143.8,112.9,172,10.8,15.9,90.3,214.1,495.4,490.1,297.6,248.9,188.8,191.6,119.4,76,79.3,115
20261003,08,garosu,2703,5.4,43.2,67.1,82.6,121.4,109.1,65.8,129.6,145.3,119.3,120.4,94.8,54.4,116.4,10.8,49.4,76.9,105.9,173.4,123.4,122.7,102.4,126.8,91.9,106.3,82.7,61.1,192.3
20261003,08,haebangchon,6240.7,27,87.6,98.2,128.5,313.3,430.5,327.8,199.6,223.9,299.8,205.4,162.6,206.1,412.1,5.4,86.4,74.4,145.1,296,356.6,225.1,160.8,254.7,172.1,197.9,244.4,275.7,598.4
20261003,08,hannam,474.8,0,0,0,4.3,35.4,35.8,35.4,35.3,7.7,43.3,20.1,8.8,15.4,10.4,0,0,0,19.9,31.7,36.7,22.1,8.4,10.4,7.7,14.1,7.9,8.9,44.3
20261003,08,hongdae,4001.5,0,5.4,148.1,182.8,297.7,232.4,165.3,141.9,139,144,182.2,125.3,104.6,160.4,5.4,35.9,101.5,273.1,262.5,211.5,172.1,143.2,155.9,118.8,94.1,81.6,130,187
20261003,08,ikseon,815.1,0,8.9,8.4,21.8,29.8,45,54.2,29.9,58.1,59.1,39.9,58.9,36.6,64.6,0,0,0,11,17.6,44.9,20.5,23,26.5,34.1,43.5,25.1,13.8,40.1
20261003,08,itaewon,4766.9,16.2,10.8,84.4,119.9,402.1,435.6,342.5,195.5,155.1,218.8,187.3,178.5,150.2,267.1,16.2,27,14.3,148.8,210.5,253.8,193.8,146.8,81.7,87.8,160,167.3,166.9,318.6
20261003,08,kondae,5367.3,12,0,56.9,268.9,606,486.5,208.2,177.5,157.4,160.5,158.6,99.2,82.4,262.1,5.4,5.4,80.9,409,511.3,435.2,177.3,163.7,116.3,119.7,144.3,116.4,110.6,231.7
20261003,08,mangwon,6869.2,16.2,64.8,67.5,164.9,334.8,464.1,313.3,279,215.4,191.5,218,200.2,196.9,335.2,5.4,55.2,45.3,193.4,468.1,536.9,330.5,319.3,285.1,292.4,242.8,225.1,261.6,543.1
20261003,08,mullae,2481.1,5.4,75.6,16.2,45.3,54.4,79.4,62,123.6,116.4,122.5,150.4,190.2,155.9,229.7,10.8,37.8,56.4,34.3,44.4,46.6,68.6,67.7,103.3,86.1,98.8,82,88,217.1
20261003,08,myeongdong,3397.7,5.4,0,13.8,53.5,181.2,173,190.4,262.9,238,231.7,250.6,220.3,120.5,102.8,0,0,35.2,133.6,115.6,173.5,94.2,99.4,73.7,69.2,116.2,117.3,136.2,175.8
20261003,08,pocha,2917.1,0,8.9,22.3,61.5,195.5,172.7,125.3,149.2,147.8,193.6,128.7,149.6,164.2,350.1,0,15.7,35.5,99.9,156.5,91.3,46.1,71.1,106.6,120.6,71.4,69.6,33.7,127.5
20261003,08,samcheong,816.7,0,0,24.3,4.8,14.9,48,29,20.8,26.3,49.6,29.2,34.9,23.4,68.4,0,16.1,9,25,21.4,38.6,27.1,22.9,31.5,23.5,37.6,38.7,39.3,96.8
20261003,08,seochon,1479.1,5.4,0,13.5,15.1,72.2,96.4,58.6,35.9,74.2,78,89.9,89.3,93.5,86.9,12,0,20.1,50.1,62.9,63.6,55,46.4,39.1,48.7,67.7,45,52.4,89.9
20261003,08,seongsu,3086.8,0,10,26.4,93.4,218.9,281.8,229.4,147.4,131.2,186.2,239.1,166.1,137.7,110.3,0,25.9,13.9,95.2,184.9,123.1,89.3,54.3,62.1,88.8,84.7,60,103.8,88.8
20261003,08,sharosu,5042.2,16.2,36.1,26.2,188.1,644.7,540.2,219.4,128.2,111.8,114.7,134.8,93.9,84,194,0,20.6,31.1,292.6,708.8,395.9,185.5,91.3,98.9,110.2,132.3,77.9,92.2,262.4
20261003,08,sindang,5481.2,10.8,40.6,52.6,59.4,204.2,274,162.1,214.6,241.2,163.8,360.9,276.8,250.2,393,5.4,35.5,42.5,145.5,263.7,222.3,161.3,86.2,126.8,164.4,255,258,329.4,657.7
20261003,08,songridan,2580.8,0,33.9,27.7,54.8,142.6,178.6,135.2,109.2,95.6,90.5,86,98.5,58.6,143.2,0,34.8,47.8,61.2,147.5,202.1,129.9,113.8,78.7,103.5,72.4,92.8,58.6,183.4
20261003,08,yeonnam,5364.3,21.6,40.2,45.2,138.4,299.5,330,220.4,198.7,168.7,144.1,165,115.1,136.7,356.5,0,37.8,94.2,249,447.7,281.6,259.7,154,225,219.2,233.2,156.4,168.4,447.9
20261003,08,yongridan,6335.4,43.2,79.5,76.1,410.8,306.9,411,350.6,269.8,296.9,234.5,269.8,164.3,160.1,271.7,21.6,78.7,65.2,155.4,388.7,379.4,341.1,227.1,234.2,212.5,231.8,172.3,191.4,288.1
20261003,09,apgujeong,2995.7,10.9,24.2,29.4,51.4,165.6,145.2,107,89.9,122.3,120.6,128.7,109.9,83.1,135.9,10.9,17.6,84.5,159.7,226.5,128.4,109.4,122.6,124.4,149.8,123.3,89.7,118.3,175.8
20261003,09,euljiro,1563.1,0,0,0,9.6,44.7,79.7,117.1,88.4,76.9,138.7,74,124.7,58.3,115.3,0,9.6,9.9,40.9,64.7,87.2,55.5,95.4,58.1,36.1,58.6,45.7,31.9,35.3
20261003,09,gangnam,7871.7,0,15.6,164.2,228.5,498.8,607.8,417.1,447.3,416.8,310.6,203.5,155.9,137.3,170.4,16.3,31.9,222.4,466.8,817.6,720.6,448.3,317,266.3,251,166.3,108.6,105.5,144.5
20261003,09,garosu,2912.1,5.5,43.6,79.2,119.5,139.2,149.3,84.7,126.1,146.4,100,129.6,81.5,49.2,121.5,10.9,48.6,73.6,140.7,200.4,151.2,123.9,108.7,146.5,93.5,109.1,77.4,66.2,186.6
20261003,09,haebangchon,6363.7,27.2,92.6,103.5,144.8,374.4,469.4,352,201.8,226.5,284.2,211.9,159.5,199.7,414.8,5.5,92.6,79.2,151,287.8,382.9,232.5,160.9,234.7,188.4,181.6,242,254,589.6
20261003,09,hannam,539.1,0,0,0,6.4,51.3,43.1,40.3,28.7,10.8,35.7,16.4,19.2,15.5,10.5,0,0,0,32.5,38,50.4,25.2,13.6,9.9,4.3,10.7,12.5,13.2,39.2
20261003,09,hongdae,5488.6,0,16.3,144.2,241.5,400,296.3,204.9,186.8,191.6,253,214.5,135.4,98,174.8,10.9,47,125.3,413.3,492,314.5,237.9,186.8,266,242,123.6,93.4,136.6,240.7
20261003,09,ikseon,985.6,0,13.1,4.8,26,35.7,59.7,57.2,29.6,66.3,69.1,49.2,67.9,48.5,81.4,0,0,5.1,24.5,21.3,51.4,23,25.1,28.7,39.6,53.5,30.8,32.3,42
20261003,09,itaewon,4697.2,16.3,10.9,77.7,103.7,341.6,413.2,327.4,199,170.1,205.9,208.2,158.5,143.4,262.6,16.3,27.2,14.5,144.7,189.4,288.2,188,162.1,76.5,101.8,166.5,174.1,170.3,325.5
20261003,09,kondae,5405.9,17.6,0,72.2,252.9,615.4,488.5,207.6,172.2,178.3,155.3,149.8,107.3,82.8,249.6,5.5,10.9,80.7,402.4,545.6,448.8,174.1,151.8,114.7,139,131.7,117,113,220.4
20261003,09,mangwon,6798.4,16.3,64.2,64.7,165.7,351.7,470.3,318.3,270,207.7,183.8,214.5,200.7,194.2,326.9,5.5,66.6,41.6,188.4,461,523.8,314.2,332.2,273,273.4,241.3,223,250.8,548.5
20261003,09,mullae,2701.6,5.5,81.7,16.3,39.7,64.6,99.6,65.7,126.3,115,112,168.3,229.1,177.2,258.4,10.9,38.1,52.2,25.9,52.6,60,78.3,82,104.2,105.6,103.7,89.8,91.8,238.9
20261003,09,myeongdong,4526.3,5.5,12.1,9.9,88.7,221.5,220.7,241.2,255.7,219.9,301.3,292.4,246,163.2,115.1,5.5,11.5,76.2,217.6,278,291,113.1,142.9,99.1,130.3,184,162.8,170.2,237.4
20261003,09,pocha,3512.4,0,8.9,27,113.5,206,197.1,150.1,160.7,174.4,217.6,147.1,169.1,204.8,464.8,5.5,15.8,33.4,126.4,180.8,100.8,46.5,82,115.9,118.5,87.7,88.9,57.8,207.8
20261003,09,samcheong,956.5,5.5,0,24.5,4.9,24.1,60.8,40.2,26.6,38.4,49.1,35.6,40.3,18.8,80.2,0,16.2,0,33.5,21.8,45.8,40.6,36.8,47.1,30.1,47.8,36.1,40.5,89.9
20261003,09,seochon,2349.6,5.5,5.5,54.9,32,98.1,159,98.9,55.6,85.4,112.7,135.9,104.4,121.8,126.8,17.6,29.2,32.5,74.3,98.9,88.2,100.4,91.5,59.7,126.3,115.6,106.9,83.5,114.1
20261003,09,seongsu,4142,0,10,74.8,114.4,392.8,408,258.8,205,164.5,205,270.7,163.2,138.6,124,0,51.2,98.1,176.3,300.6,195.7,105.8,120.4,95.3,98.4,103.4,74.8,80.1,94.1
20261003,09,sharosu,4981.5,16.3,36.4,18.8,189.7,611.5,536.4,210.7,130.5,116.4,105.4,132.6,105.9,74.4,196,0,20.7,28.5,298.7,717.8,412.2,177.8,80.3,96,113.5,138.8,82.7,85.9,242.5
20261003,09,sindang,5897.8,5.5,40.9,54.2,59.9,218.3,273.5,182.7,227.6,214.7,176.2,385.4,303.5,261.3,445.2,5.5,35.8,50,147.5,263.3,243.4,158,96.9,140.5,178,297.2,277.1,361.1,780
20261003,09,songridan,2683.5,0,34.2,33.2,60.1,162,195.8,142.5,115.2,109.1,98.7,94.8,94.2,61.6,135.2,0,24.2,48.2,68.3,163.8,187.8,126.9,103.6,83.2,100.7,76.1,101.9,74.6,187.8
20261003,09,yeonnam,5407,16.3,35.1,51.1,140.5,309.9,342.3,215.6,197.4,165.9,166.2,155.4,118.8,142.8,343.3,0,38.1,100.1,267.9,436.5,292.5,256.6,156.2,234.2,214.5,222,167.8,171.2,438.6
20261003,09,yongridan,7379.6,49,91.2,89.9,436.5,378,497.5,409,328.7,341,284.1,296.3,187.4,196.6,282.2,27.2,84.5,65.7,176.3,475.2,439.4,439.1,253,269,244.8,289.8,188.4,248.9,308.1
20261003,10,apgujeong,3810.4,11.1,31.4,47,66.4,205.8,175.7,154.6,111.8,155.7,128.9,154.9,107.7,88.1,154.7,11.1,26.8,121,233.2,344.2,213.7,162.1,170.3,160.1,168,135.9,112.1,131.9,195
20261003,10,euljiro,1812.2,0,0,0,27,59.4,103.4,113.7,74.4,88.6,138.1,86.3,127,67.6,142.9,5.5,4.2,15.5,50,104.9,115.8,75.4,89.5,55.9,61.7,64.8,56.7,28.7,53.9
20261003,10,gangnam,10410.9,0,37.8,252.7,319.1,684.2,810.6,496.3,514.5,506.9,374,250.4,173.6,173,197.6,16.6,32.2,346,729.6,1111.3,984.4,600,420.7,307.4,326.4,263.4,145.7,146.7,174.8
20261003,10,garosu,3529.7,5.5,38.8,119,139.4,197.2,192.4,106.6,162.5,146.5,105.5,145,80.4,63.3,112.9,11.1,60.5,111.7,172.4,295,208.8,167,155.9,164.8,99.4,111.8,86.6,78.1,191.9
20261003,10,haebangchon,6267.4,22.1,88.6,99.8,145.9,370.9,481,342.8,180.8,241.9,275.7,204.2,169.4,189.9,393.9,5.5,92.9,85.4,157.1,294.7,359.1,247.1,159.1,260.4,190.5,167.9,232.1,228.5,561.2
20261003,10,hannam,810,0,0,4.6,13.7,101.4,52.8,50.2,25.2,22.9,52.7,25.1,15.1,13.1,9.4,0,0,0,56.1,109.2,69.8,47.3,28.6,24.6,12.3,7.2,19.6,6.6,35.6
20261003,10,hongdae,8210.8,0,37,196.7,400.4,612,446.4,325,253.7,283,313.3,263.4,119.4,113.9,171.1,11.1,135.4,276.1,636.2,894.7,571.5,403.9,291.8,385.3,316.7,210.7,125.8,166.9,249.5
20261003,10,ikseon,1306.9,5.5,13.4,10.4,40.5,53.5,72.2,63.1,35.7,84,76,65.6,70.2,56,94.7,0,0,27.8,35.1,48.6,70.1,37.2,44.1,54.5,66,64.8,44.3,39.4,34.6
20261003,10,itaewon,5080.6,16.6,16.6,86.9,117.4,336,436.9,380,218.3,205.1,215.4,234.4,180.5,149.1,282.9,11.1,16.6,20.5,163.9,236.9,282.7,213.8,166.6,98.3,82.2,192.8,183.6,182.8,331
20261003,10,kondae,5717.4,17.9,0,64.2,250.9,654.7,500.5,230.8,179.6,186.9,183.8,159,143.2,90.7,256.1,5.5,15.8,88.6,418,553.1,477.1,193.6,154.5,122.6,137.5,126.9,133.1,124.7,247.1
20261003,10,mangwon,6698.8,16.6,65.2,65.3,160.5,356.7,446.6,333.3,247.3,202.5,196.3,206.5,197.1,184.3,309.7,5.5,56.6,43.3,187,497.3,557.4,328.4,318,256.8,262.6,225.1,199.3,231.9,533.1
20261003,10,mullae,2862.1,0,66.4,16.6,51.4,99.9,120.5,99.8,137.4,97.2,133.7,160.5,243.8,179.8,262,11.1,44.3,47.6,39.1,56.8,76.8,91.2,90.9,98.3,99.3,105.8,88,93.4,238.4
20261003,10,myeongdong,6324.5,22.2,6.8,27.5,165.5,330.1,368.4,305.8,324.8,253.8,348.5,291.7,299.7,174.4,153,0,43.4,133.3,350.1,444.9,403.5,209.4,227.4,157.3,225.1,284.3,232.5,213.6,320
20261003,10,pocha,4669.3,5.5,25.1,36.4,106.1,270.6,263.9,168.6,191.4,214.2,262.6,165.7,217.1,281,590.4,5.5,9.3,48.2,162.4,275.5,137.3,105.9,132.4,98.3,180.6,123.4,128.3,161.6,301.8
20261003,10,samcheong,1209.4,5.5,4.2,19.7,5,18.8,63.7,53.1,42.6,44.9,80.9,31.7,45.6,29.9,74.8,0,22,8.8,53.3,37.6,45.9,57.8,60.7,71.5,47.6,62.8,47.9,46.5,88.2
20261003,10,seochon,3467.4,5.5,20.7,75.5,72.7,132.8,237.9,144.1,100,119.3,171.8,148.8,140.8,120.9,159.7,34.4,46.3,57.5,160.9,175.5,168.7,162.8,131.2,109.3,151.5,176,146.2,133.6,156.6
20261003,10,seongsu,5821.4,5.5,38.9,135.9,225.8,438.2,443.7,317.1,305.6,200.9,242.8,277.4,194.5,156.6,128.6,16.6,152.5,237.1,380.5,512,301.4,138.5,223.4,164,134.4,151.1,81.3,104.1,98.9
20261003,10,sharosu,5023.9,16.6,37.1,21.4,192.6,611.4,540.1,214.3,131.3,116.1,101.7,143.1,104.7,84.6,191.6,0,25.3,19.5,300.4,708.1,428.8,173.4,85,95.2,116.8,144.8,85,103.5,230
20261003,10,sindang,6314.2,11.1,42,63.7,60.5,226.9,298.4,187.5,249.6,217.7,154.6,390.9,342.9,281,484.1,5.5,31.7,57.7,154.6,258,251.2,156.6,99.4,150.9,205.4,305.7,326.5,366.1,910.2
20261003,10,songridan,2823.2,0,34.7,29,75.4,181.4,199.5,154.9,111.2,105.7,90.5,96.5,102.4,64.5,141.9,0,30.1,52.1,83.4,187.7,204.7,125.7,105.4,95.3,121.6,71.5,90.6,82.9,184.5
20261003,10,yeonnam,5670,11.1,34.5,42,154.8,326.8,373.1,198.6,241.6,155,190.3,156.6,157.3,136.4,332.2,0,33.2,106.8,305.8,492.6,333.6,258.3,163.8,246.8,247.8,210.4,156.5,159.7,427.6
20261003,10,yongridan,8788.5,49.8,91.2,110.4,485.7,499,582.6,502,441.8,373.3,323,296.5,229.6,185.4,323.8,44.3,122.2,130.4,274.8,568.3,546.8,499.7,307.4,347.6,291.2,296.2,223.1,278.7,363.8
20261003,11,apgujeong,4666.8,11.3,58.8,59.8,127.7,264.7,236.7,212,137,183.6,150.7,179.4,116.1,91.8,150.8,11.3,32.7,133.4,276.8,430.4,291.1,196.8,189,230.6,192.7,158.3,130.5,163.2,220.9
20261003,11,euljiro,2189.7,0,0,10.9,25.8,75.6,119.5,113.7,108.3,102.8,137.6,91,122.1,75,152.5,5.6,13.6,36.6,72.5,136.6,192.6,108.8,95.2,73.7,73.4,67.8,64.4,35.5,77.2
20261003,11,gangnam,12645.2,5.6,46.4,314.6,439.9,815.2,985,590.2,575.5,563.5,476.7,272,224.4,177.5,207.2,22.5,82.3,367.3,903,1361.6,1181.2,702,553.5,406.5,458.1,332,222.1,149.3,202
20261003,11,garosu,4356.6,5.6,45,133,173.6,267.2,272.8,171.1,208.5,155,127.2,137.4,89.1,66.9,127.1,16.9,66.3,163,209.8,343.4,335.4,221.5,203.7,179.8,127,147.1,87.6,81.1,194.6
20261003,11,haebangchon,6114.4,22.5,101.3,90.6,180.5,359.5,482.9,348.8,159.2,235.9,256.9,201.3,160.5,165.8,372.9,5.6,83.1,86.4,172.4,313.7,349.1,239.2,128.4,246.7,195.8,160.9,216.9,245.9,531.7
20261003,11,hannam,1195.6,0,0,10.1,29.7,118.2,90.5,55.5,41.8,21.2,48.3,34.9,15.4,17.6,8.5,0,0,10.7,118.1,154.8,112.8,91.4,53.7,42.8,28.7,19.7,14.2,11.5,31.4
20261003,11,hongdae,11051.7,0,77.2,303.9,587,727.3,635.8,417.2,338.7,335,375,321.1,150.2,140.1,186.4,22.5,254.9,509.6,953.2,1247.1,805.3,514.2,416.7,427.5,394.9,291.4,168.4,196.1,255.3
20261003,11,ikseon,1847.6,5.6,23.3,19.3,45.6,86.6,96.7,81,50.8,118.1,72.3,95.9,70.6,54.9,97.7,5.6,11.3,19,50,83,107,79.2,58.8,102.1,112.8,124.4,57.7,72,46.4
20261003,11,itaewon,5730,11.3,28.1,95.2,136.8,353.1,445.5,410.7,254.8,236.4,238.5,254.2,185.8,144.6,300.2,11.3,27.4,34.3,215.9,300.4,317.5,249,241.4,135.6,99.5,207.7,207.8,189.2,380.8
20261003,11,kondae,6147.5,12.5,28.3,69.2,287.3,712.3,521.4,253.8,181.7,206.5,200.1,147.9,126.1,93.1,250,5.6,59.1,159,448,585.6,533.7,174.3,181.8,137.8,179.1,124.4,140.7,105.4,222.6
20261003,11,mangwon,6801.5,16.9,67.6,76.2,174.1,357.8,441.3,341.9,262,206.9,193.2,207.3,177.5,179.7,295.5,5.6,70,40.8,203.4,536.6,540.6,406.8,283.5,257.3,270.3,204.3,198.8,233.8,534.8
20261003,11,mullae,3530,5.6,56.3,16.9,62.2,132.9,161,138.4,170.9,105,166,181.1,285.4,203.9,268.5,11.3,50.6,70,88.3,116.8,155.2,143.9,111.7,117.3,112.5,126.8,118.8,104.5,239.6
20261003,11,myeongdong,8607,22.5,22.5,60.1,238.5,399.4,478.3,381.8,381.6,313.7,441.9,363.5,333.6,230.6,271.4,22.5,80.3,156.7,491.6,612.9,531.7,293.2,357.8,291.3,365.6,369.1,314,319.5,455.2
20261003,11,pocha,6323.7,11.3,46.8,45.5,119.8,315.2,347,213.1,207.5,255.2,315.6,237.9,261.6,348.2,842,0,26.3,69.1,220.3,295,229,167,177,167.5,333.8,236.3,216.4,222.6,394.2
20261003,11,samcheong,1826.4,5.6,4.3,24.8,20,39.7,86.5,79.4,63.9,51.4,77.2,74.6,65.9,39.8,74.8,5.6,28,19.4,71.5,70.9,79.8,120.3,118,99.3,128.1,101.1,69.4,73.7,85.3
20261003,11,seochon,4971.3,16.9,59.7,76.2,88.6,143.4,296.2,197,175.7,156.7,208,148.7,163.6,134,262.7,51.9,90.4,102.8,222.5,303.2,269.3,291,228.8,224.1,221,274.1,177.9,176,211.3
20261003,11,seongsu,8183.7,16.9,111.2,226.3,342.8,600.7,568.3,376.8,345.8,297.3,268.1,261.1,186.2,156.6,130.6,22.5,334.9,385.1,564.3,822.8,512.1,294,319.4,284.5,194.4,219.7,99.8,114.4,122
20261003,11,sharosu,5045,16.9,47.7,27.7,173.7,579.2,534.3,217.2,132.2,109.9,108.3,153.6,96.9,93.4,201.9,0,27.1,22.6,290.6,659.6,420.1,198,100,125.6,137.5,147.3,88.5,111,222.7
20261003,11,sindang,6576.1,11.3,48.3,76.5,57.4,237.2,302.5,178.5,245.6,229.4,178.7,372.3,366.7,304.6,511.5,5.6,42.6,58.3,157.2,269,271.5,184.6,99.5,144.7,240.9,328.7,337.9,411.7,891.6
20261003,11,songridan,3173,0,25.2,33.5,132.1,198.5,217.3,141.4,129.1,115.7,84.2,95.5,103.8,68.3,131.3,0,36.1,74.2,129,255.4,244.9,157.8,136.1,102.5,122.4,94,83.7,82.5,178.5
20261003,11,yeonnam,6158.3,16.9,35,62.9,153.6,394,418.4,218.3,247.4,181.4,182.6,180,144.3,156.3,315.1,0,39.4,111,367.8,551.1,392.8,266.2,230.5,261.3,257.5,210.9,169.3,154.4,425.4
20261003,11,yongridan,10410,68.8,139.4,134.4,529.3,559.1,659.3,543.4,503.4,348.5,329.7,316.8,248.7,233.4,376.5,80,143.7,161.8,435.4,831.3,724.2,594.9,382.8,386.8,350.9,362.3,229.8,332.5,403
20261003,12,apgujeong,5388,11.4,58.6,68.1,173.7,307.6,338.7,236.3,158.7,184.8,181.4,194.5,147.5,107.3,141.4,11.4,47.2,138.4,282.8,500.2,409.1,259.6,199.6,258.3,235,188,134.6,165.9,219.1
20261003,12,euljiro,2874.2,0,0,24.6,69.6,124.7,173.5,133.6,107.1,105.1,156.5,122.5,139,101.7,218.8,11.4,14.3,52,90.5,206.7,239.7,138.7,133.7,78.9,106.2,68,95.2,57.7,104.7
20261003,12,gangnam,14685.8,5.7,78.1,423.9,551,1005.7,1168,704.8,616.4,586.2,503.5,333.4,226.2,161.1,257.2,22.9,93.6,482,1046.8,1631.5,1384.2,769.9,637.3,499.4,500.8,359.6,222,160.8,248
20261003,12,garosu,5002.5,5.7,62.6,134.9,183.4,308.3,349.4,212.8,239.3,198.1,133.5,142.9,90.4,67.1,126.2,11.4,55.9,172.4,239.7,440.7,450.3,249.6,247.5,214.3,165.1,133.2,94.4,70.6,203
20261003,12,haebangchon,6875.7,22.9,113.1,86.3,222.8,403.3,523.7,380.3,174.5,237,287.7,227.8,160.1,177.3,366.1,5.7,95.9,87.9,238.1,413.4,451.9,290.6,173.1,284.2,209.3,190.4,242.9,223.1,560.5
20261003,12,hannam,1745.2,5.7,0,5.4,41.6,155.4,125.2,78.1,66.3,63,57.8,44.4,35.6,9.7,8.5,0,0,20.4,159.5,264.9,199.8,126.7,67.7,44.2,40,38.5,11.9,15,36.3
20261003,12,hongdae,14226,22.9,85.4,444.2,786.5,909.8,858.9,484.4,407.7,393.3,354,292.8,158.4,149.7,225.6,28.6,604.1,834.2,1398.3,1648.5,1065.2,669,524.7,464.3,382.3,339.2,212.6,243.5,236.7
20261003,12,ikseon,2654.7,11.4,23.8,19.3,71.8,111.7,157.8,82.9,72.7,100.5,80.4,112.7,89.3,85.4,115.9,5.7,5.7,39.2,108.7,182.8,176.4,143.5,118.7,140.8,185.2,177.2,85.3,53.2,97
20261003,12,itaewon,6762.9,17.2,39.3,116.2,178.1,446.7,521.6,474.8,294.4,259.8,277.5,245.8,207.9,164.9,325.1,22.9,48.9,42.7,278.5,401.4,416.8,268.2,264.7,218.2,149.9,258.9,205.9,195.6,408.5
20261003,12,kondae,7031.9,12.7,44.7,96.6,334.5,741.5,548.7,267.1,233,217.7,213.9,169.1,119,109.3,243.6,28.6,115.4,262.8,512.3,768.8,556.6,165.4,214.6,185.5,222.5,155,144.3,116.1,233
20261003,12,mangwon,6975.8,17.2,75.6,71.3,194.8,359.7,467.2,359.2,305,202,198.6,209.6,190.1,191,303.4,5.7,65.4,40.2,204.6,566.9,593.9,402.5,316.2,239.8,278.8,217.2,178.1,214.5,499.6
20261003,12,mullae,4301.9,5.7,62.9,25.8,75.1,191,245.6,142.4,191.7,139.8,209.5,173.9,303.6,206.9,244.8,11.4,51.4,66,181.2,246,253.5,213.5,154.1,160.1,144,145.5,131.6,99.5,220.5
20261003,12,myeongdong,12051.5,34.3,49,86.5,287.5,532.9,592.1,465.3,553.1,452.3,531.7,438.8,376.4,291.6,411.5,40,192.5,234.5,660.3,854.8,791.9,448.9,504.1,537.2,528,566.5,448.2,526.4,612.4
20261003,12,pocha,8782.9,17.2,17.1,55.1,157.4,392.6,416.7,266.2,242.1,301.8,364.8,320.8,355.3,484.1,1277.2,11.4,64.4,86.1,334,490.8,411.2,314.6,253.1,250.6,421.2,374,290.9,343.4,465.3
20261003,12,samcheong,2356.4,17.2,12,24.4,25.3,60.9,113.3,96,78.3,64.5,106.5,75.6,68.3,33.7,76.9,17.2,29.2,18.3,80.2,144.2,154,149.2,139.6,110.9,169.7,163.3,79.4,99.7,103.4
20261003,12,seochon,6718.2,17.2,83.8,92.3,122.5,235.1,392.6,287.9,240.7,230.4,222.8,212.3,230,234.9,292,75.6,160.6,90,343,378.5,379.8,389.7,328.4,287.9,315.1,348.6,226.4,233.8,263.3
20261003,12,seongsu,11015,22.9,116.6,304.6,499,835.7,783.6,461,446.1,409.6,286,317.9,195.2,146.6,129.2,51.5,568.1,613.7,793.9,1135.6,744.7,418.4,427.2,399.4,292.2,257.4,104.9,132,119.9
20261003,12,sharosu,5286.8,5.7,32.1,23.8,216.3,566,594.8,208.5,144.6,114.7,121.5,166.4,104.6,100.6,229,0,27.8,39.4,307,653.2,411.8,199.4,100.9,132.6,164,151,87.3,124.8,259.1
20261003,12,sindang,6949.4,5.7,52.7,85.9,68.4,260.9,336,205.9,284.8,232.3,209.2,393.6,360.9,289.2,564,5.7,37.8,63,146.5,283.1,272.2,188.2,128.7,174.6,223.2,330.3,380.5,426.8,931.1
20261003,12,songridan,3825.4,0,31.3,33.1,171.1,223,265,210,145.5,121.7,91.1,115.2,98.6,48.3,122.7,0,34.9,100.6,197.3,384.1,404.1,201.8,150.7,121,127.3,92.5,91.8,78.4,164.6
20261003,12,yeonnam,7003.2,11.4,40.1,88.8,163.7,462,447.3,233.4,240.8,211.8,214.2,161.7,126.8,181.4,319.2,0,40,148.2,458.4,707.1,534.4,323.5,278.1,313.8,268.6,237.6,164.5,166.9,440.9
20261003,12,yongridan,12302.5,75.6,168.8,168.5,607.3,701.4,816,615.2,570.2,425.8,371.7,352,267.3,219.9,343.7,111.1,210.8,190.4,575.4,1091.9,1002.6,693.7,431.4,427.9,387,396.1,282.4,353.8,444.4
20261003,13,apgujeong,5691.4,11.6,42.6,85.3,148.2,380.6,401.5,266.5,175.5,216.2,193.2,192.5,128.3,90.4,136.8,23.2,48,111.5,353.5,556.5,450.8,310.5,201.1,193.4,249.6,188.2,158.3,177.9,171.7
20261003,13,euljiro,3336.4,0,22.5,11,69.2,158.7,231.3,149.3,129.4,145.8,181.5,109.5,134.4,112.2,203,5.8,17.1,56.4,135.4,274.6,271.6,164.8,162.7,84.1,120.5,93.7,86.7,94.4,108.8
20261003,13,gangnam,16029.2,17.4,124,474.4,682.6,1220,1262.9,727.2,641.6,670,480.7,366.1,239.6,138.2,299.3,17.4,89.4,561.5,1209.7,1906.1,1513.9,872.2,559,503.5,508.6,323.9,222.4,148.2,234.8
20261003,13,garosu,5772.9,5.8,63.9,119.6,218.9,370.9,414.4,257.4,265.3,206.3,155.6,138.5,73.9,59,118.5,7.1,79.6,204.6,270,581.5,512,322.2,316.3,270.4,178.2,155.2,102.2,90.2,215.6
20261003,13,haebangchon,7387.9,29,119,111.6,214.8,404.4,497.5,369.4,217.3,222.1,293.1,222.4,166.2,170.7,340.4,11.6,118.9,112.5,330.5,539.1,545.6,338.5,222.2,295.7,247.1,219.8,243.3,215.7,553.5
20261003,13,hannam,2316.1,5.8,0,17,70.3,175.6,146,103.7,74.2,78.2,72,41.1,40.6,17.4,14,0,4.3,18,258.2,355.6,269.9,189,79.5,74.5,65.6,39.4,37.1,16.9,38.1
20261003,13,hongdae,18084.6,17.4,119.2,720,1051.7,1263.4,1107.5,557.3,494,492.7,443.1,334.8,213.3,189.1,202,58.1,781.9,1313.7,1615.9,2217,1289.2,718.5,700,574.2,468,340.4,241.7,261.5,299
20261003,13,ikseon,3292.7,5.8,12.4,19.8,104.1,155.4,202.7,101.4,101.7,120.7,112.6,114.4,96.5,86.4,127,5.8,15.3,60.6,129.3,310,228.3,180.4,145,163.2,220.9,177.9,122.5,97.1,75.8
20261003,13,itaewon,8100.6,18.7,67.1,124.9,201.3,556.3,621.2,567.5,323.5,285.8,314.4,301,217.4,178.1,325.5,29,57,75.6,359.2,534.4,573.9,371.2,319.3,282.2,199.4,304.9,241.4,230.5,405.6
20261003,13,kondae,7747.7,18.7,52.4,178,355.1,827.8,570.7,303.9,213.9,226.3,249.9,198.4,114.7,128.2,280.8,23.2,186.9,290.9,606,804.4,552.6,195.4,205.2,190.3,227.9,157.5,171.5,141.3,275.6
20261003,13,mangwon,7424.7,17.4,92.9,75.7,209.3,402.3,517.6,363.9,305.4,200.2,210.5,213.3,192.2,175.3,311.6,17.4,66.4,65.1,297.2,633.1,655.2,388.9,326.9,269,305,217.6,194.3,203,492
20261003,13,mullae,5300.5,5.8,63.9,23.5,117.3,329.5,355.2,217.7,204.6,159.9,213,206,258.9,195.3,258.6,5.8,52.3,54.3,244.1,450.5,403.2,267.9,185.1,200.7,208.6,143.4,124.6,98.7,243.6
20261003,13,myeongdong,15450.4,58.1,107.2,122.3,396.8,684.6,738.5,570.1,687,635.5,588,552.9,447.8,386.9,561,72.3,284.9,351.8,911.5,1158.1,971,668.6,701.9,663,647.6,688.6,487.1,685.7,621.7
20261003,13,pocha,11653.2,28.3,50.3,78.7,265,467.6,546.3,344.2,324,368.3,407.2,373.6,459.6,562.3,1548.4,17.4,106.4,163.3,516.4,748.8,593.5,393.2,428.8,471.7,605.4,437.6,362.1,403.4,581.6
20261003,13,samcheong,2926.6,11.6,36.4,30.4,38.5,94.9,163,129,93.2,75.4,133.3,81.8,65.6,49.5,71,5.8,32.6,23.6,109.9,183,214.5,161.3,153.9,146.9,217.3,202.4,119.1,124.8,115.7
20261003,13,seochon,8566.7,45.2,104.4,116.3,150.3,373.2,475.4,328.4,313.9,281.6,293,248.3,272.5,261,334.8,103.2,179.8,185.2,429.2,572.9,596.2,443.4,401.8,411.8,398.8,386,271.9,303.4,280.5
20261003,13,seongsu,14385.6,41.9,223.4,366.6,586.7,1081.2,1005.6,518.6,488.2,471.7,333.4,366.5,199.2,179.3,160.7,81.3,858.6,841.2,1167.4,1648,1050.3,528.8,594,486.3,343.2,290.7,190.7,139.7,139.7
20261003,13,sharosu,5539.3,11.6,54.9,20.3,196.9,602.7,620.4,230.7,185.5,112.7,135.9,170.6,118.1,110.6,227.4,0,22.4,55.1,285.1,666.6,446,194.3,109.3,135.3,159,169.3,103.3,135.1,251.9
20261003,13,sindang,7311.3,5.8,47,100.9,74.7,288.4,327.6,224.3,272.5,243.8,244.6,454.5,401.5,332.7,651.4,5.8,32.5,55.3,170.4,271.8,286.6,180.8,149.9,189.6,220.7,379.2,365.6,447.1,877
20261003,13,songridan,4405.9,0,31.2,52.4,153.8,319.1,344.6,232.8,158.6,137,98,111,100.6,48.7,119.1,0,34.2,112.9,255.3,474.4,518.5,247.1,158.3,103.5,139.4,92.3,102.7,76.9,183.6
20261003,13,yeonnam,7836.3,29,39.9,94.4,237.4,524.5,533.5,255.2,277.4,224.2,231.8,220.1,126.3,176.2,315.3,5.8,101.4,205.7,503.8,738,630,368.7,299.3,336.2,323.7,253.3,177.1,158.4,439.4
20261003,13,yongridan,14097.2,95.5,187.4,204,648.9,917,941.9,658.8,597.3,447.1,441.5,374.2,243.1,234.5,340.8,89.7,231.6,254.8,722.9,1505,1162.7,813.2,510.9,440.5,470.5,426.1,306.6,387,443.9
20261003,14,apgujeong,6307.4,23.4,54,108.8,181.6,434.9,496.7,269.3,214.7,230.1,226.4,171.7,129.4,93.6,125,23.4,40,132.5,412.1,670.2,544.9,328.9,188.2,224.3,271.3,197.7,161.3,169.3,178.6
20261003,14,euljiro,3800.5,0,17.6,38.4,102.7,207.3,224.3,166.6,155.9,170.5,175.9,98.3,153.3,123.4,209.7,0,17.5,56.2,202.7,440.6,311.1,204.2,153.6,97.5,107.3,92.6,96.4,84.3,92.8
20261003,14,gangnam,17320,17.6,156,545.9,840.5,1344.3,1414.1,829.4,724.7,642.8,509.1,378.3,260.3,171.7,333.8,11.7,117.4,676.4,1363.2,1991.7,1516.7,863.6,615.6,553.7,505.7,354.2,213.3,142.7,214.9
20261003,14,garosu,6366.4,17.5,83.2,120.4,198.2,439.5,488.8,255.4,240.4,220.3,150.1,163.7,89.9,51.1,126.8,13,92.1,215.4,342.4,656.3,596.9,411.2,338.8,282,179.7,179.8,108.9,88.4,216.4
20261003,14,haebangchon,8235.4,35.1,111.3,131.5,277.4,514.3,535,388,257.2,245.2,321,229.7,146.6,201,355.8,11.7,114.9,144.4,451,726.2,613.2,353.2,224.6,309.7,277.4,190.6,229.8,247.3,575.6
20261003,14,hannam,2805.7,5.9,9,5.7,79.8,259.1,192.5,115,81.2,63,66.8,36.8,28.4,21.7,14.1,0,14.7,34.8,331.4,468,371.8,223.7,109.5,83.8,72.8,28.4,23.1,14.9,38.7
20261003,14,hongdae,21242.2,41,206.6,906.7,1185,1650,1233.7,653.9,528.5,517.1,495.3,377.8,249.2,198.4,238.6,46.8,1049.1,1587.8,2004.4,2552.1,1598.9,893.8,747,650.4,467.2,366.4,238,225.2,333.2
20261003,14,ikseon,3841.9,0,11.7,37.9,104.5,193.6,253.6,146.3,121.7,154.8,130.7,143,110.7,95.2,119.2,0,44.1,97.5,178.5,406.2,259.8,180.7,156.1,168.9,233.3,195.9,127.9,97.4,73.2
20261003,14,itaewon,9325.6,23.4,97.4,183.2,267.2,661.4,663.3,675.8,378.7,355.3,334.5,327.8,238.6,213,316.7,29.3,56.7,125.9,417.7,659.8,617,445.7,353.9,320.7,223,375.7,260,268.2,419.4
20261003,14,kondae,8287,18.9,77.7,216.2,353.4,869.8,645.3,327.4,224.4,207.5,278.4,190.3,126.3,129.7,280.6,11.7,182.3,389.4,653.7,867.9,594.1,232.6,181.9,199,238.1,191.1,179.3,151.4,265.8
20261003,14,mangwon,7437.3,17.5,99.5,84.7,193.9,451.3,560.3,339.4,296.6,210,207.8,236.5,162.8,186.2,305,17.5,67,70.8,347.8,618.3,630.5,358.8,335,260.2,283.9,205.4,205.2,191.2,488.1
20261003,14,mullae,6007.7,5.9,69.8,26.4,137,437.9,402,261.7,230.4,194.4,236.9,203.3,224.6,194.4,232.4,0,70.2,53,344.4,610.8,526.9,244.5,222.6,236.1,230.9,147.7,127.1,99,232.5
20261003,14,myeongdong,18205.8,71.5,192.6,164.4,430.5,733.9,870.9,630,826,733.5,642.4,614.4,493.3,425.9,538.7,96.9,458.7,464.4,1151.7,1418.5,1221,826.4,875.1,864.1,721.9,770.4,546.7,746.9,675.2
20261003,14,pocha,13244.3,22.6,85.4,120.8,296,643.1,541.2,415.7,363.7,470.3,515.7,411.5,535.2,593.3,1524.8,23.4,103.7,199.8,633.9,885.5,759,471,526.2,492.5,682.8,457,420.6,442.7,607.1
20261003,14,samcheong,3422.4,5.9,23.7,26.5,50,99.1,176.9,128.3,126,82.8,96.7,100.5,94.5,49.3,92.2,0,27.1,27.7,147.9,203.1,261.7,223,221.4,188.7,236.4,241.3,154.2,143.9,137.1
20261003,14,seochon,9775.7,57.2,127.5,106.6,189.5,448,544,357.2,315.4,357.2,297.3,291.6,269.8,290.3,270.4,96.9,192.2,189.8,562.3,764.8,711.9,574.8,555.6,427.5,486.5,416.5,328.7,276.7,266
20261003,14,seongsu,16693.3,78.6,271,426.4,708.2,1267.2,1050.7,564.6,512.7,506.5,361,414.2,221.4,199.6,133.1,104.9,1136.8,1059.1,1353.4,1927.1,1212.6,595.6,689,555.6,456.5,382.6,198,144.3,162.5
20261003,14,sharosu,5597.4,17.5,38.7,29.5,197,636.9,618.1,241,171.8,110.9,160.8,169.8,127.7,104.6,256.4,0,28.1,61.2,274.8,671.3,430.7,188,126.2,123.3,151.2,164.7,102.3,153.8,233.6
20261003,14,sindang,7206.1,5.9,41.5,86.3,67.9,302.8,328.2,249.1,274.5,240.1,233.5,407.3,390.1,335.8,620.7,5.9,33.8,63.1,157,309.9,271.2,188.9,146.8,167.1,217.4,368.8,400.7,413.5,866
20261003,14,songridan,4753.5,0,26.2,57.1,183.9,408.5,361.6,234.9,155.1,108.9,78,118.3,87.6,43.3,129.8,0,24.7,153.1,365.5,579.9,560,248.9,172.4,105.1,132.9,78.2,80.3,76.8,182.3
20261003,14,yeonnam,8334.2,35.1,36.4,101.4,227.8,556.2,587.5,322.1,264.4,197.4,258,211.1,153.2,167.5,353.4,5.9,107.8,215.7,584.8,827.5,673.8,392.8,308.2,353.4,347.5,259.3,168.4,178.4,436.9
20261003,14,yongridan,15252.8,107.9,209.3,176,691.2,1024,996.8,726.4,650.8,492.7,415.3,404.2,268.8,256.7,382.7,65.6,243.8,277.4,850.9,1750.1,1298.7,855.4,595.2,527.5,413.9,470.3,270.8,380.4,450.2
20261003,15,apgujeong,6574.5,11.7,36.4,93.1,226.1,509.9,470.9,246.3,216.7,286.7,222.4,193,150.4,81.5,127.5,23.4,45.1,153.5,461,682.4,632.5,348.3,209.9,230.1,199.5,196,142.5,170.5,194.9
20261003,15,euljiro,4118.4,0,5.9,21.7,112.3,245,265,191.5,150,189.4,169.2,108.7,137.4,118.5,177.8,0,23.4,99.7,182.4,541.9,369.2,216,176.3,141.9,92.2,90.1,114.2,70.9,108
20261003,15,gangnam,17949.9,41,267.6,563.2,962,1419.8,1505.2,810.8,751.2,653.1,514.9,352.9,269.7,190.6,329.4,23.4,132,713.3,1484.6,2002.5,1619.4,848.3,652.2,505.1,449.9,326.6,213.2,143.7,195
20261003,15,garosu,6660.4,5.9,67,104.4,218,496.2,501.8,303.7,250.9,224.9,158,184.3,114.6,52.8,140.9,24.7,74.6,231.9,339,752.4,598.8,424.9,322.5,303.3,207.5,151.6,100,78.7,227.6
20261003,15,haebangchon,8902.1,35.1,127.8,159.3,308.6,542.5,609.9,406.4,259.7,262.3,347.4,210.2,155.6,199.7,367.4,11.7,117,136,557.5,924.7,689.1,335.2,261.3,321.5,283.6,214.8,223.4,237.4,579.4
20261003,15,hannam,3453.1,10.4,20.7,20.8,71.6,325.7,268.1,117.7,87.3,56.4,55,32.8,27.5,10.5,16.7,0,16.1,46.5,394.2,685.9,476,248.6,131.8,79.6,96,61.8,27.6,23.4,37.6
20261003,15,hongdae,23426.8,48.1,276.1,999.1,1349.6,1905.9,1311.4,673.1,620,625.6,516.5,408.5,223.9,184.8,257.4,41,1207.5,1869.6,2319.2,2804.1,1680.2,1000.1,763.7,678.4,527.3,364.9,260,198,309.7
20261003,15,ikseon,4109.6,5.9,21.5,37.3,129,248.4,270.9,168,112.6,132.6,137,140.3,127,96.7,119.2,0,85.6,103.2,173.6,432.7,315.1,196.5,197.5,196.9,216.5,183.1,99.3,97.7,65.7
20261003,15,itaewon,9843.5,29.3,75.4,176.1,256.6,737.6,747.8,711.7,378.4,380.3,342.5,309,229.9,234.3,316.6,29.3,102.4,140,464.3,739.1,648.9,427,414.3,342.6,257.9,380.1,262.5,279.9,422.4
20261003,15,kondae,8518.2,24.7,87.6,275.4,428.8,893.7,659.7,358.9,267.5,200.3,253.4,181.8,137,112.6,312.8,5.9,204.3,359.7,729,841.5,625.6,219.1,218.3,171,195.5,168,163.3,136.8,286.1
20261003,15,mangwon,7560.5,23.4,70.2,84.2,176.3,476.9,511,356.1,279.7,228.7,210.9,244,171.4,163.4,336.2,11.7,59.8,80.8,428.1,691.7,645,348.5,328.2,236.1,276.1,222.2,206.3,188.2,498.2
20261003,15,mullae,6770.6,5.9,64,32.5,182.8,597.8,463.4,293.6,234.7,215.3,222.4,188.1,198.6,199.4,265.1,7.2,46.8,85.5,422.7,799.1,658.8,293.9,227,209.4,235.5,158.9,128,102.3,224.3
20261003,15,myeongdong,19146.9,93.6,191.2,173.8,539.4,821.2,922.1,674,754.3,765.1,649.3,643.8,514.3,329.1,595.9,83.2,548.8,477.3,1254.6,1518.6,1350.1,899.3,900.3,910.4,779.7,750.3,612.7,745.4,649.3
20261003,15,pocha,15068.6,23.4,79,137.5,368.2,792.6,705,440.6,386.9,508.2,560.1,435.9,539.6,624.7,1622.7,35.1,138,281.1,735.9,1140.1,960.5,570,597.5,582.3,794.1,461.4,400.5,442.7,705.3
20261003,15,samcheong,3916.3,11.7,17.4,26.5,81.9,122.7,190,173.5,120.2,85.8,118.5,130.8,81.9,46.2,85.7,11.7,61.3,44.2,181.7,290,311.6,269.3,266.8,212.6,247.2,206,184.8,142.7,132.3
20261003,15,seochon,10290.8,45.5,102.8,129.5,273.4,545.3,636.6,336.7,282.8,322.2,303.9,288.4,226.9,264.3,253,114.4,210.3,216.3,696,909.4,825.8,601.8,527.3,421.5,438.7,418.5,338.4,266.9,291.1
20261003,15,seongsu,18164.8,84.5,263.3,518.9,860.4,1414.1,1209.5,640.7,569.4,466.7,341.5,416,206.4,167.4,134.9,87.3,1243.8,1185.9,1579,2146.1,1342.7,661.6,772.1,593.5,398.2,366,184.3,157.1,153.8
20261003,15,sharosu,5487.5,17.5,32.9,44.2,182.1,596.6,580.3,247.5,136.8,115.4,170.5,163.8,130.6,108.2,260.5,0,28.1,62.3,277.1,633.7,458.1,185.9,135.1,109,149.3,169,114.1,124,251.2
20261003,15,sindang,7061,5.9,46,59.2,66.6,278.5,317.6,224.6,245.8,254.7,229.9,411.5,368.1,405.5,600.4,5.9,37.1,70.1,154.3,319.2,257.2,204.5,141.2,180,203.2,359.7,380.6,403.9,816.4
20261003,15,songridan,4775.5,0,26.8,45.2,188.2,381.6,370.4,208,144,115.4,107.9,104.7,99.5,40,127.7,0,34.7,144.3,449.7,604.8,510.7,216.6,188.1,128.7,137.7,79.6,71.8,73.9,175.7
20261003,15,yeonnam,9018,41,41.7,122.5,274.9,598.8,631.8,325.8,257.5,229.2,256.8,202.2,155.8,154,368.6,23.4,123.2,262.7,690.6,992.5,763.3,386.6,344.4,366.6,333.9,267,171,165.3,461.6
20261003,15,yongridan,15499.5,115.1,248.9,161.9,779.3,995.4,1054.2,667.9,607,491.9,393.4,388.1,324.4,289.5,396.5,76.1,265,339.6,893.2,1771.7,1332,845.8,614.5,541.2,378.6,442.7,270.6,355.1,460
20261003,16,apgujeong,6852.5,23.4,30.6,103.2,248.6,529.3,534.9,259.4,251.1,271.4,205.1,232.4,145.4,94.1,117.5,17.6,33.1,147.7,473.8,703.9,686.8,392.7,224.9,232.8,191,180.3,150.5,168.6,183.8
20261003,16,euljiro,4791.1,0,5.9,22.7,142.2,308.9,347.3,213.3,182.8,195.6,153.1,120.3,168.4,122.9,157.5,0,41,72.7,299.2,621.5,417.7,252.6,214.5,153,124.9,130.9,115.9,95.5,111.1
20261003,16,gangnam,17592.3,29.3,246.1,614.4,914.9,1471.5,1524.2,791.6,685.5,628.4,485.9,331.2,255.2,194.9,334.7,11.7,159.8,748.1,1529.2,1932.3,1567.1,805.6,598.1,492.1,417.1,299.8,194.9,127.2,200.4
20261003,16,garosu,6826.5,5.9,72.8,137.5,213.7,512.8,483.3,263.6,257.6,205.6,168.9,189.2,94,65.3,127.5,18.9,96.5,251.6,400.6,849.5,640.9,356.1,353.5,309.3,198.2,163.1,94.7,87.1,209.1
20261003,16,haebangchon,8963.9,35.1,90.4,143.7,326.8,636.6,617.4,408.3,252.5,250.1,325.9,179,160.3,175.1,340.3,17.5,83.4,173.4,634.4,1005.7,707.8,355.1,266.6,305.2,258.9,195.2,219.7,248.9,547.6
20261003,16,hannam,3744.1,5.9,23.4,12.8,116,295.8,335.9,141.4,74.2,82.5,69.9,39.5,22.1,5.5,12.9,0,4.4,47.1,452.2,788.9,534.6,223.4,119.4,74.6,90.4,63.4,27.6,34.5,42.1
20261003,16,hongdae,24690.6,36.4,244,1055.1,1573.1,2056.3,1423.7,738.1,629.5,619.2,447.4,411.2,253.2,197.2,228.5,42.3,1155.4,2150.4,2557.5,3070.9,1833,994,766,724.2,436.6,363.5,226.8,188.7,268.7
20261003,16,ikseon,4445.6,5.9,16.9,41.1,129.8,289,288.3,191.5,135.3,143.8,129.9,153.1,144.7,122.2,120.8,5.9,58.5,92.4,249.5,539.2,333.3,213.7,197,177.3,257.7,171.2,89.4,83.3,65.1
20261003,16,itaewon,10597.3,35.1,95.5,180.8,277.8,773.5,881,693,388.3,391.6,393.6,328.1,230.2,236,317.1,29.3,103.1,132.6,563.3,954.7,646.9,533.9,435.2,371.5,278.2,369.5,266.3,283.7,407.8
20261003,16,kondae,8874.9,18.9,65.9,313.8,540.5,993.5,639.2,363.4,246.3,219,236.7,199.4,142.3,121.2,321.1,5.9,158.5,395.3,789.2,877,629.1,238.6,230.1,168.2,190.2,183.3,157.2,112.4,318.9
20261003,16,mangwon,7667.2,23.4,52.7,70.7,213.6,452,529,359,273.1,214.5,190.3,227,190.5,148.2,327.9,11.7,65.7,82.9,451.5,717.2,611,392.4,337.9,277.6,265,244.2,206,192.1,532
20261003,16,mullae,7315.8,5.9,41,26.4,247.3,645.1,500.2,311,270.1,196.8,230.2,202.6,198.1,175.1,265.7,5.9,30.6,87.5,488.9,982.7,754.3,314.4,243.2,210.4,239.4,177.3,117.8,109.5,234.8
20261003,16,myeongdong,20947.5,76.1,267.7,289.5,578.7,861.3,949.6,714.5,766.8,684.5,663.4,680.8,587.7,428.2,658.4,102.7,598.7,597.2,1412.1,1621.9,1467.1,939.4,1074.6,834.8,870.3,935.7,726.1,764.1,795.7
20261003,16,pocha,16504.7,17.5,82.2,152.8,391.9,963.6,893.9,571.1,467.4,563.2,571.4,504.5,618.7,665,1648,41,141.2,350,875,1391.9,1109.1,631,619.5,535.7,755.5,460.2,366.8,467.6,649
20261003,16,samcheong,3767.9,11.7,23.3,31.7,73.8,149,185.9,164,124.4,73.8,124,140,78.4,53,85.2,11.7,64.9,43.1,162.6,312.1,290.4,255.3,240,205.3,225.4,167.4,151.3,140.1,137
20261003,16,seochon,11571.6,45.5,91.6,120.7,318.6,655.6,796.9,411.2,330.6,359.9,324.9,305.3,222.5,257.5,284,121.6,208.8,251.8,809.5,1144.1,978.2,640,521.6,504.9,467.9,401,363.9,348.8,280.1
20261003,16,seongsu,18286.4,54,256.5,551.5,892,1463.1,1224.8,652.5,510.3,428.8,355,361.9,176,165.8,119.9,97.7,1254.9,1421,1726.4,2290.1,1287.1,678.7,726.6,545.3,379.9,254.8,156.6,119.2,136.2
20261003,16,sharosu,5753.8,29.3,44.3,71.4,234.6,554.4,566.3,248.5,142.9,100.1,154,167.6,169.5,110.4,275.5,0,27.9,57.9,285,652.5,467.8,175.2,151.9,127.7,188.5,159.8,161.6,150.5,275.5
20261003,16,sindang,7499.1,5.9,47.1,64.1,61.8,340,368.4,266,261.6,274,267.5,416.5,378.7,398.2,614.3,5.9,30.9,80.8,179.2,329.8,314.9,211.8,155.4,196.5,211.1,399.6,413.7,430.8,772.2
20261003,16,songridan,4644.3,5.9,32.5,46.6,207.9,379.6,352.7,187.3,114.6,102,109.8,94.5,76.4,60.8,121.3,0,47.4,119,448.6,606.4,527.9,196,174.9,106.6,121.7,90.5,78.3,79.3,156
20261003,16,yeonnam,9194.7,29.3,65.7,140.3,255.8,629,609.6,338.6,277.3,200.5,242.2,210.8,147.9,158.2,372.5,11.7,102.4,253.9,723.2,1142.2,767.4,426.5,341.2,352.1,315.7,268.1,188,172.6,435.1
20261003,16,yongridan,15847.9,91.6,213.6,171.7,792.8,1062.6,1204.6,780.5,572.9,475.6,398.1,369.1,338.2,288.1,365.9,96.2,225.9,301.6,926.3,1723.6,1415.6,916.2,678.6,555.4,384.3,420.4,326.8,318.6,432.9
20261003,17,apgujeong,6878.2,17.4,33.2,129.7,274.6,608.2,536.5,271.4,207.2,238.9,203.8,231.9,117.4,115.1,105.5,34.8,36.7,169,433.8,740.5,609.4,336.5,249.4,269.1,207,174.4,143.4,167,198.9
20261003,17,euljiro,5964.3,5.8,10.7,47.6,225.4,528.3,503.5,344,169,201.7,142.5,132.8,151,129.4,140.6,0,27.7,98.5,416.9,886.9,537.9,318.3,190.2,175.1,133.6,167.7,91.3,82.1,103.8
20261003,17,gangnam,17118.4,17.4,187.4,535.7,953.8,1522.7,1589.8,756.9,648.9,546.6,462.2,355,251.4,196.5,271.2,17.4,163.9,718.6,1548.8,1954,1522,788.1,517.5,454.3,384.2,313.4,144.2,122.3,170.3
20261003,17,garosu,6427.5,5.8,52.3,136.8,222.4,489.8,446.5,263,277.7,188.9,164,130.4,81,50,139.7,12.9,84.4,256.8,459.4,791.6,579.7,307.9,308.1,262.2,181.3,165.4,91.9,80.1,197.7
20261003,17,haebangchon,9458.3,29,101.3,142,389.9,719.9,664.3,404.8,228.3,292.3,360.2,196.5,188.7,177,352.9,17.4,88.6,166.8,690.1,1095.8,708.5,379.5,266.2,331.1,259.5,209.7,206.7,247.7,537.1
20261003,17,hannam,3587.2,0,5.8,23,133.9,307.5,247,136.8,83.9,66.7,62.3,38.5,24.7,10.2,12.8,0,0,41.2,434.6,778,563.1,181.3,121.6,91.2,75.8,57.2,11.9,16.6,36.9
20261003,17,hongdae,24632.9,30.3,229.5,1018.9,1703,1989.3,1404.7,741.6,599.9,575,462.9,378.3,227.7,206.4,218,75.5,1154.3,2219.1,2620.3,3208.2,1849.9,853.4,740.9,612.4,492.7,403.3,184.1,203.4,229.8
20261003,17,ikseon,4786.3,5.8,16.2,29,160.3,333.2,361.3,207,133.2,139.1,136.3,129.3,145.5,74.7,106.5,11.6,65.4,122.4,355.7,628,346,260,220.9,193.6,213.9,139.8,82.2,95,74.5
20261003,17,itaewon,11671.6,23.2,133.9,170.1,401.1,848.9,1036.3,725.3,428.4,416.7,374.4,298,251,209.4,351.1,29,132,154.1,663.4,1230.4,782.5,592.7,500.2,368.5,287.1,376.8,261.1,237.3,387.5
20261003,17,kondae,9757.4,20,72.7,397.4,613.8,1092.7,719.2,383,269.4,271.7,261.1,208.5,172.8,133.2,295.9,11.6,108.2,394.4,873.7,1066.2,701.8,250,263.7,190.3,193.3,195.7,156.9,137.3,300.2
20261003,17,mangwon,7526.8,17.4,68.5,67.4,179,424.9,512.1,339.5,286.1,221.3,199.3,246.6,191.4,171.3,338.5,11.6,76.3,60.8,435.5,706.3,538.5,367.3,334,262.5,274,240.3,208,190.3,542.1
20261003,17,mullae,8577.1,0,40.7,59.3,298.5,791.8,691.3,409.1,293.9,232.9,213.6,207.2,174.8,145.1,288.3,5.8,36.1,128.6,610.1,1175.4,966.8,397.8,253,243.7,231.8,182.1,124.3,113.2,258
20261003,17,myeongdong,20334.6,98.7,255.7,281.1,565.5,986.9,974.2,682.3,778.3,723.6,744,645.1,494.8,401.4,598.3,104.5,656.8,581.4,1374.4,1705,1372.3,906.5,999.8,901.3,773.4,918.9,564.7,639.7,606.1
20261003,17,pocha,18762.2,17.4,84.4,207.9,558.1,1341,1238.7,700.7,541.1,635.6,621.1,621.8,671.2,755.5,1477.4,40.6,152.1,404.3,1032.5,1797.9,1385.9,650.1,618.2,568,751.6,523.1,377.7,445.2,543.4
20261003,17,samcheong,3125.7,11.6,28.8,32.1,51.9,187.3,187.4,134,116.7,35.8,108.3,85.1,78.7,31.7,67.7,23.2,19.3,24.6,125.5,247.5,217.2,177.3,200.7,196.8,155.5,179.5,133,97.9,128.6
20261003,17,seochon,11302.6,45.2,97.8,73.7,287.8,715.2,821.9,401.6,307.3,279,259.7,284.5,220.3,209.1,253.3,98.7,191,252.5,807.3,1205.8,1114.2,608.5,519.7,483.3,458.7,363.3,346.7,323,272.6
20261003,17,seongsu,16825.1,40.6,226.3,564.9,897.6,1394,1061.9,564.4,457.2,390.6,329.8,285.5,120,135,119.1,104.5,1090.9,1376,1639.7,2138.8,1168.8,629.2,648.5,480.1,305.3,265.7,161.9,113.7,101.9
20261003,17,sharosu,5991.9,23.2,39.1,75.6,269.9,615.5,541.3,260.1,136.4,118,142.6,178.3,173.5,115.6,290.4,5.8,27.7,74.6,308.1,708.5,420.1,209.5,133.8,144.5,182.1,179.7,169.4,155.1,277.4
20261003,17,sindang,8152.2,5.8,58.4,89.8,81.7,396.4,414.9,269.1,266.8,292.4,296,493.9,397,444.9,617.1,5.8,21.6,108.1,206.8,406.7,369.8,261,203.6,221.7,238,382.1,416.8,394.3,787.4
20261003,17,songridan,4860.6,0,42.6,56.6,258.5,409.1,389.3,203.5,121.7,97.5,94,107.6,79.3,64.3,123.8,5.8,64,159.6,441.5,658.1,486,195.4,166.9,100.3,123.4,90.4,75.2,88.9,157.3
20261003,17,yeonnam,9032.8,23.2,75.9,122.9,267.9,679.1,631.8,349.2,277.4,216.5,262.8,212.6,141.9,160.6,322.2,11.6,66.8,240.7,680,1091.1,771.1,463.6,272.7,314.8,286.2,279.5,174.6,186.6,417.3
20261003,17,yongridan,16715.5,53.5,206.4,199.1,870.4,1308.6,1380.9,818.1,612.8,430.7,375.9,418.2,310.8,230.8,348.8,100,292.9,276.1,1055.7,1937.1,1504.1,927.2,600.7,560,434.7,445.5,306.4,291,419
20261003,18,apgujeong,7583.5,34.6,37.4,176,277.1,669.7,619.5,308.1,232.9,270.1,210.6,250.2,139,112.7,119.7,28.8,74.4,204.6,400.1,802.6,599.9,407.8,287.2,314.1,230.1,226.9,138.8,174.3,221.5
20261003,18,euljiro,7522.8,5.8,39,37.1,335.8,833.7,701.3,429.4,205.6,193.8,207.5,181,153.9,116.6,137.9,0,21.8,103.8,629,1097,772.2,364.2,212.7,202.6,147.1,162.6,89.8,67.7,74.1
20261003,18,gangnam,17190.6,5.8,101.4,503.2,1095.7,1820.6,1747.4,800,612.2,459.8,466.5,321.2,222.5,183.8,244.1,11.5,141.9,754.9,1554.2,1943.3,1454.9,762.2,447.6,450,372.3,278,155.6,95.2,176.1
20261003,18,garosu,5972.9,0,46.1,148.8,241.6,436.9,442.3,231.5,250.6,189.7,153,115.6,73.4,48.4,118.7,24.3,96.4,228.9,463.1,730.6,491.2,293.5,235.1,214,157.3,158,85.9,74.4,223.7
20261003,18,haebangchon,9473.2,28.8,104.8,133.2,386.7,677.4,699.2,440.2,214.1,296,354.9,219.5,185.9,158.7,357.3,17.3,70.3,178.4,712.7,966.1,771.4,366.5,243.8,335.8,253.3,250.9,206.7,289,547.7
20261003,18,hannam,3146.7,0,17.3,27.9,139.9,306.6,240.6,116.2,82.1,48.4,48.1,39.3,12.9,13.9,16.5,0,0,48.1,364,648.5,425.9,165.4,132.7,78.1,56.7,41.4,25.7,0,40.8
20261003,18,hongdae,23465.7,12.8,210.4,1044.8,1637,2018.5,1378.6,704.1,529.7,505.6,476,340.1,215.5,211.6,204.7,63.4,1053.8,2154.2,2516.6,3117.6,1699.5,742.1,667.2,520.3,469.5,374.2,175.1,196.5,226.6
20261003,18,ikseon,4887.7,11.5,21.4,39.3,228.3,408.2,448.4,229.6,140,105.1,139.8,155.9,92.2,70.8,101.8,7,38.2,136.8,393.4,623.4,351.7,231.2,199.3,167,191.1,122.4,89.5,60.3,84.3
20261003,18,itaewon,12787.8,23,110.1,158.5,575.5,1018.8,1192.3,784.5,482.8,401.9,396.9,285.3,235.8,169.6,313.8,40.3,139,189.7,888.1,1486.7,928.7,650.2,494.9,347.5,284.7,340,261.4,216.6,365.6
20261003,18,kondae,11066.7,24.3,80.6,442.5,864,1173.5,873.6,374.8,279.3,298.2,270.8,241.7,174.3,127.5,312.3,17.3,182.6,478.3,969.6,1233.8,753.6,308.9,277.5,212.8,234.5,234.4,164.6,156.9,304.5
20261003,18,mangwon,7531.5,11.5,68,67.5,210,441.5,524,349.6,308,217.4,192.9,247.9,189,196.2,352.9,5.8,74.4,69.9,321.8,710.2,588.6,321.8,313,266.1,273.7,233.7,180.9,220.9,553.7
20261003,18,mullae,9650.1,5.8,80.6,75.3,355.7,905.9,927.1,506.4,331.7,227.2,222.6,189.6,152,122.8,283.5,11.5,28.8,157.3,729.8,1394.3,1114.6,440,247,233.4,234.5,164.6,113.6,117.3,277.3
20261003,18,myeongdong,18334.6,75.9,279.7,302,560.8,942.7,896.9,565.1,689.1,695.7,593.7,566,380.1,396.4,434.2,92.2,543.8,580.9,1311.4,1568.5,1259.1,837.4,909.4,897.4,790.3,735.6,470.9,506.8,452.9
20261003,18,pocha,21106.3,23.5,97.4,187.1,793.2,1780.8,1538.7,920.5,571.2,753.3,714.3,687,702.7,749.2,1236.3,51.8,136.8,432.2,1402,2304.2,1553.5,801,612.3,626.2,658,533.8,367.5,362.4,509.3
20261003,18,samcheong,2565.2,5.8,28.8,37.1,67.6,131.1,179.8,98.3,76.8,61.6,82.8,56.9,60.7,35.4,69.7,11.5,25.9,18.4,117.2,212.4,183.1,144.4,121.8,133.3,135.8,114.4,99.7,97.5,129.7
20261003,18,seochon,9807.8,34.6,69,81.5,265.3,690.4,738.9,452.9,303.7,251.1,199.5,286.7,183.3,176.9,202.7,47.4,116.7,222.1,711.1,1030.1,975.7,598.1,395.3,373.6,391.3,328.6,268.2,198.2,214.9
20261003,18,seongsu,14942.7,51.8,127.9,501.5,815.5,1245.5,1000.3,512.5,430.2,350.4,271.8,227,96.5,102.8,111.7,74.9,934.2,1188.6,1520.6,1913.9,1041.7,575.2,572.5,455.4,261.1,207.8,142.6,107.2,95.4
20261003,18,sharosu,6710.7,23,44.6,80.7,313.1,741.3,632.7,294.2,156.2,133.5,174.8,191.6,145.7,116.7,291.4,11.5,27.4,71.9,385.2,800.4,524.2,224.2,133.1,198.4,191,172.2,155.5,159.9,308.5
20261003,18,sindang,8735.3,11.5,53.5,101.7,99,453.2,508.5,331.9,286.6,319.5,300.8,503,483.4,456.1,600.2,11.5,38.5,83.7,211.1,508,450.3,291,209.3,180.1,264,394.2,396.5,413.8,759
20261003,18,songridan,4923.1,0,42.5,59,278.5,424.3,438,208.4,129.1,105.6,81.7,101.6,97.9,51.8,125,11.5,69.1,160.7,426.9,610,500.9,190.9,160.3,127.3,101.6,81.3,81.4,80,178
20261003,18,yeonnam,9164,23,58.9,130.5,284.2,680.8,694.9,363.9,301.9,201.5,296.2,208.5,154.6,135.8,322.8,5.8,86.4,284.1,679.1,1043.6,829,450.1,246.7,312.8,343.9,262.1,149.1,186.8,414.3
20261003,18,yongridan,17176.7,34.6,180.7,196.2,944.6,1515,1576.4,857.8,606,421.2,340.2,381,265.4,218.2,347.4,76.2,188.1,293.1,1210.4,2110.4,1630.4,919.8,529.5,505.2,474.5,397,289.8,285.1,383
20261003,19,apgujeong,7446.8,28.6,39,172.4,244.5,695.6,612.3,346.6,219.8,321.1,222.4,221.9,134.9,104.9,118.3,28.6,76,195.2,441,736.5,633.8,421.3,299.7,227.4,237.7,174.1,117.2,168.9,198.4
20261003,19,euljiro,7995.1,5.7,33,56,430.9,954.3,725.8,400.6,223.3,210.1,174,167.3,122.6,124.2,141.1,5.7,11.3,90.1,705.8,1266.1,872,365.3,213.2,219.5,132.9,120.9,90.3,68.4,64.8
20261003,19,gangnam,16764,5.7,89.8,517.2,1123,1852.8,1751.8,766.9,627.9,502.3,415.4,273.7,199.8,182.8,248.9,17.2,111.3,628.9,1531.8,2018.8,1424.4,686.5,409.6,424.3,335.7,255.9,127.4,104.3,130.3
20261003,19,garosu,5423.6,5.7,52.7,127.4,255.1,397.3,434.7,198.5,213,191.7,128.4,111.1,65.8,45.9,117.1,24.1,77,189,426.3,619.8,424.7,271.8,195.9,173.6,144.2,152.6,75.3,84.7,219.2
20261003,19,haebangchon,9063.7,22.9,82,123.2,397.6,614.1,667.3,440.9,206.5,287.8,325.3,227.6,200.9,176.5,395.9,17.2,63.9,157.8,599.6,879.8,729.4,393.2,226,332,206.2,221.9,203,278.4,578.9
20261003,19,hannam,2846.7,0,22.9,36.2,182.5,311.6,264.7,104.6,73,64.2,37.3,44.6,12.4,10.6,9.7,0,17.2,24.2,288.9,558.4,333.3,128.4,118.7,66.3,35.6,29.5,29.3,0,32.3
20261003,19,hongdae,21907.1,24.1,142.2,992.5,1667.9,2097.9,1290.7,708.2,497,467.8,431.6,335.9,225.9,193,215.3,45.7,772.5,1909.4,2447.6,2807,1562.7,655.2,545.5,499.2,429.8,362.6,178.4,186,212.5
20261003,19,ikseon,4737.1,11.4,20.5,33.2,199,501.2,535.6,251,159.6,110.4,164.7,148.4,73.8,56.5,74.3,0,42.8,102.1,372.5,552.8,405.4,194.2,137.9,148.7,159.8,131.6,52.9,44.7,50.9
20261003,19,itaewon,14089.2,45.7,116.6,207.1,681.3,1403.4,1322.2,869.4,557.1,408.6,376.4,230.3,224.1,149.3,298.2,40,109.4,246.9,1098.4,1803.8,984.4,675.7,511.6,382.2,223.2,323.8,236.2,202.5,359.1
20261003,19,kondae,11553.7,24.2,63.6,434.8,973.3,1307.5,966.9,389.5,319.6,257.9,250,287.1,151.3,140.9,288.4,11.4,126.5,455.9,1109.6,1416.5,735.9,296.3,250,207.3,238.2,230.2,180.6,155.3,282.5
20261003,19,mangwon,7670.4,17.2,69.9,72.7,225,430.4,576.3,364.3,307.3,207.9,189,245.5,212.8,202.6,365.3,5.7,62.9,56,290.1,635.1,640.5,340,339.5,270.8,288.8,244.9,192.2,248.6,553.2
20261003,19,mullae,10226.7,0,80,78.9,381.7,999.1,1062.8,563.1,311.1,265,227.8,132.3,159.6,116.8,263.6,11.4,38.6,166,727.4,1559.5,1237.3,461.8,246.4,238.1,205,166.1,109.7,124.6,293.1
20261003,19,myeongdong,15641.6,55.7,212.4,314.7,506.7,827.4,825.4,495.8,640.4,648.5,520.9,463.8,325.4,286.5,326.3,113,438.6,570.9,1163.1,1328.9,1074.4,597.5,737.2,815.5,670.8,619.3,358.1,365.9,338.7
20261003,19,pocha,21518.1,31.1,62.4,219.9,992.4,2078.9,1655.2,979,635.4,679.3,722,629.6,636.7,658,1020.6,57.2,95.9,419.8,1615.1,2613.9,1644.2,758.6,575.2,621.1,554.8,474,342.5,330.7,415
20261003,19,samcheong,1868.6,0,17.2,35.2,63.7,111.6,106.1,56.3,42.7,58.9,64.3,56.6,55.4,38,69.7,0,22.8,21.1,69.3,127.6,112.3,79.3,85.4,88.4,99.2,78.4,55.5,76.6,134
20261003,19,seochon,8137.1,28.6,59.2,80.6,259.6,599.5,621.8,367.6,280.7,200,183.6,216.5,169.5,170.8,158.4,11.4,69.7,163.1,506,939.6,848.6,463.8,323.7,301.7,320.4,250.2,200.4,158,184
20261003,19,seongsu,12333.8,57.2,65.5,328.2,701,1026.7,852,467.8,333,306,197.6,196.2,106,104.1,98.7,51.4,690.5,878.5,1355.8,1632.5,925.2,452.2,468.5,350.6,199.8,156.2,123.4,103.1,95.8
20261003,19,sharosu,7359.5,22.9,49.9,148.4,410.6,886.8,729.1,337.8,163.4,154.3,191.5,180.8,157.4,114.7,255.3,0,27.5,81.6,466.4,850.2,560.1,221.9,139.1,224.5,215.3,158.3,157.3,165.4,284.9
20261003,19,sindang,8710,11.4,56.9,67.2,140.5,525.7,579.8,376.4,299.6,342.9,304.2,452.2,510.2,392.6,512.7,5.7,46.4,93.6,226.2,539.9,509.7,222.6,226,192.8,244.2,365.3,374,380.9,700
20261003,19,songridan,4727.9,0,36.4,42.1,235.6,437.1,377.2,257.3,125.7,97.4,92,93,110.1,57.7,128.2,11.4,50.4,126.6,449.6,554,424.2,208.4,141.1,119.3,96.8,89.2,93.3,91.9,181.6
20261003,19,yeonnam,8933.7,22.9,41.3,91.7,304.2,718.8,727.3,397.2,311.2,167.8,287.9,211.2,144.3,142.8,357.1,5.7,77.6,258.3,616.8,914.1,764,437.3,225.2,280.4,328,261.7,169.8,192.8,461.3
20261003,19,yongridan,16890.1,28.6,166.7,191.6,986.3,1582.7,1599.2,828,576.3,411.1,343.4,372.6,264.5,206.4,345,52.7,160.8,305.8,1251.1,2158.4,1711.1,811.7,455,428.7,367.6,379.7,290.4,267.3,347.5
20261003,20,apgujeong,6954.1,22.5,50.9,129.5,274.4,665.4,607.6,310.9,200.4,282.1,198.6,207.4,86.1,108.5,112.2,28.1,53.8,184.4,499.1,705.1,605.2,368.9,260.3,254,191.7,134.7,90.5,127.8,182.9
20261003,20,euljiro,7521.1,11.3,32.5,38.9,427.6,974.9,702.7,365.7,183.1,185,169.1,160.9,91.2,110.1,87.4,5.6,16.7,88.1,649.4,1218.7,874.9,351.3,195,181.2,133.1,89.8,82.9,58.2,32.6
20261003,20,gangnam,15412.9,11.3,60.2,440,1131,1820.1,1657,746.5,595.9,491.8,406.8,242.2,185.9,167.8,185.4,5.6,76.3,564.2,1390.2,1780.1,1323.7,558.3,355.7,347,351.7,202.5,102.6,96.1,113.5
20261003,20,garosu,4745.5,0,45,102.4,218.4,371.8,351.9,183.8,175.9,163.8,101.9,102.5,64.1,39.8,130.8,11.3,44.7,171.6,355.9,541.5,406.3,253.1,142,129.4,118.9,146.4,74,80,218.3
20261003,20,haebangchon,8336.6,22.5,74.4,94.3,318.4,493.2,577.6,444.9,212.4,255.9,330,211.3,186.1,176.2,400.7,16.9,86.3,118.8,497.3,763.8,641,377.3,211.4,281.5,203.7,233,217.8,284.6,605.4
20261003,20,hannam,2062,0,11.3,31.3,131.3,203.6,167,78.2,64.3,54.1,26.5,39,9.6,6.5,9.6,0,11.3,18.3,232.3,400.6,220.3,104.4,85.3,46.6,28.1,19,12.4,0,31.8
20261003,20,hongdae,19930,16.9,165.4,891.2,1557,1984.9,1226.8,638.9,454.8,445.7,403.8,305,220.8,164.8,178.2,50.6,498.4,1623.1,2315.7,2617.8,1371,596.5,433.5,483.7,387.9,340.1,165.7,165.8,224.9
20261003,20,ikseon,4126.2,5.6,7.6,37.8,154.9,462.6,502.5,257,165.2,95,154.5,111.3,84.2,51.7,66.6,0,26.1,97.5,260.7,495.8,335.4,135.4,111.5,131.6,123.6,110.9,48.1,41.5,52
20261003,20,itaewon,15070.7,39.4,93.6,207.3,809.7,1665.8,1548.4,924.8,605.9,395,303.4,200.8,197,143.2,306.7,39.4,92.2,254.4,1270.9,2069.5,1123.8,668.3,495.5,353.4,212.1,280.8,220.1,203.7,339.1
20261003,20,kondae,12070.8,16.9,40.5,398.9,1164.1,1478.1,1002,401.2,254.4,269.4,269.2,249.6,146.5,133.9,269.8,11.3,89.2,456,1302.6,1524.1,790.4,300,215.4,203.9,248.9,213.2,201.3,143,274.4
20261003,20,mangwon,7589.4,16.9,85.3,71.4,204.1,425.4,566.3,358.8,299.1,206.2,178.8,255.9,203.5,218.5,381.3,5.6,73.1,63.6,267.2,586,577.2,328.7,358.3,254.5,297.4,270.4,221.6,262.9,539.8
20261003,20,mullae,10044.3,5.6,84.4,80.7,400,1085.7,1056.7,517.6,328.3,259.1,233,104.1,147,118.3,251.7,5.6,43.6,146.1,706.1,1570.4,1175.9,420.1,231.9,199,214.4,158,101.5,128.8,259.3
20261003,20,myeongdong,12780.7,60.4,152,252.7,457.3,706,749.5,453.4,551.8,453.4,463.1,458.9,301.5,198.6,208.6,116.9,316.4,471.9,1037.7,1077.3,859.6,563.3,522,623.1,569.9,434,241.1,258.6,221.8
20261003,20,pocha,19867.9,29.4,46.4,156.8,1035.5,2181.8,1753.7,925.5,655.4,612.1,629.2,578.5,548.2,497.4,694.1,46.3,80,351.3,1573.1,2604.7,1577.9,673.2,497.2,525.8,451.1,383.4,242.5,201.2,316.4
20261003,20,samcheong,1358.3,0,11.3,21.5,34.9,57.8,66.8,54.3,32.6,43.1,41.5,47.2,53.2,37.4,66.8,0,22.4,14.4,34.9,76.6,73.5,61.9,58.8,55.1,81,57.4,35,58.7,113.6
20261003,20,seochon,6255.3,16.9,19.8,41.7,205.2,519.7,503.9,319.4,199.9,147.2,170.6,158.8,122.7,128.1,131.3,5.6,39.1,80.4,407.8,781.7,637.2,333.1,230.3,219.1,229,185.1,134.5,132.2,152.3
20261003,20,seongsu,9665.6,33.8,50,276.9,569.6,831.1,755.3,427.8,298.9,235.3,152.7,171.9,78.1,106,88,45,444.2,578.2,1052.1,1177.6,739.7,353.3,359,253.4,183.4,117.5,92.4,85.9,95.2
20261003,20,sharosu,7403.9,16.9,43.5,136.1,376.3,969.3,774.7,338.7,195,168.3,188.2,169.7,132,118.2,237,0,32.7,87.1,499.9,862.2,552.6,235.3,156.2,178.3,180.4,148.9,145.3,153.9,296.9
20261003,20,sindang,8346.2,16.9,54.9,71.3,146.4,540.7,594.2,404.9,291.1,320.3,289,445.8,480.4,360.2,432.2,11.3,57.7,81.1,245.6,499,512.4,237.1,187.6,202.6,195,308.7,339.9,344,661.1
20261003,20,songridan,4330.7,0,35.3,36.1,196.3,388.4,377.2,225.5,117.8,84.2,92.9,84.8,118.1,52.4,143.5,5.6,32.2,106,328.1,492.3,398.7,205.3,133.3,109.3,103.2,82.5,102.1,94.3,185.4
20261003,20,yeonnam,8523.6,22.5,62.2,109.5,280.5,693.7,669.4,388.8,294.9,163.5,259.7,216.7,142.4,145.4,359.2,11.3,76.1,221.6,549,874,658.9,428.6,217.5,318.3,296.6,272,172,171.6,430.7
20261003,20,yongridan,15468.5,33.8,111.9,184.5,925.7,1535.3,1540.6,741,496.1,363.5,307.5,335.1,253.7,171.5,309,35,124,228.3,1149.2,2038.3,1571.6,756.3,382.3,337.4,342.4,384,259.6,232.7,318.1
20261003,21,apgujeong,6353.1,11.2,39.1,107.2,295.4,608.7,575,332.7,189.8,246.3,167.9,180.9,83.7,76.2,107.8,16.7,31.6,176.9,412.3,694.7,557.9,307,209,193.5,175.6,131.5,99.9,122.5,176.7
20261003,21,euljiro,6809.6,5.6,26.6,25.8,406.1,969.4,666.7,334.2,198.4,146.6,148.7,103.4,75.3,105.1,49.1,0,16.6,59.1,605.6,1143.3,780.3,313,171.7,120.2,108.8,77.8,79.1,35.3,36.7
20261003,21,gangnam,14132.2,11.2,44.6,367.1,1012.9,1718.9,1607.3,754.4,584.6,498.2,405.5,224.9,144.5,139.9,127.8,5.6,49.6,462.3,1223.5,1714.4,1154.5,512.4,327.5,314.4,286.2,184,89.7,74.7,87.9
20261003,21,garosu,4093.6,0,33.5,79.4,148.8,315.5,298.9,152.5,164.5,169.3,102.2,103.8,67.7,45.2,127.1,11.2,45.6,114.2,302.5,445.6,322.4,208.2,132.5,136.6,101.5,116.7,89.6,73.3,185.4
20261003,21,haebangchon,7636.1,22.3,84.9,94.7,229.4,392.8,533.1,394.8,202.9,260,314.4,200.7,174.5,219.3,421,16.7,72.5,85.9,415.7,595.9,546.8,340.8,207.4,265.6,195.8,226.7,228.1,282.7,606.1
20261003,21,hannam,1386.8,0,0,22,53,134,106.4,66.5,42.7,28,22.2,36.2,16.2,5.2,9.5,0,5.6,17.9,139,257.4,183.8,78,47,14.3,23.8,14.8,4.7,0,35.8
20261003,21,hongdae,17032.2,16.7,112,723.2,1416.3,1785.4,1091.5,581.5,371.7,409.9,397.9,302.3,155.2,132.4,158.9,27.9,269.8,1189.5,2058.6,2237.3,1181.4,500.4,368.2,421.1,313.4,287.6,135.3,162.7,217.9
20261003,21,ikseon,3431.8,5.6,7.5,22.6,164.8,404.2,476,300.7,148.6,103.4,132.5,58.8,61.3,27.4,67.3,0,20.3,54.6,197.9,366.1,266.5,92,80.3,73.4,85.4,69.5,59.8,38.8,46.3
20261003,21,itaewon,16818.8,22.3,46.4,275.4,1013.7,2015.4,1876.1,1030.8,599.8,418.4,285.1,201.9,201.6,136.5,279.2,27.9,49.3,269.3,1539.6,2458.2,1317.6,736.5,487.7,352.8,206,249.7,198.6,196.7,326.6
20261003,21,kondae,12071.1,16.7,18.6,439.8,1202.6,1575.1,1034,361.7,218.5,274.1,281.5,237.9,167.8,116.4,285.8,16.7,41.3,485.3,1301.9,1464.4,768.9,291.9,201.3,208.1,234.2,217.1,180.9,150,275.9
20261003,21,mangwon,7427.3,16.7,89,60.7,192.1,399.6,564,338.3,272.5,230,184,256.3,202.8,236.8,375.1,5.6,74.8,55.6,230.3,518.3,536.9,339.3,343.8,272.3,301.4,265.8,234.1,273.7,549.3
20261003,21,mullae,9099.6,5.6,72.5,74.1,364.5,989.8,965.3,501.8,337.4,224.6,183.8,101,125,92.6,220.5,5.6,43.2,157.9,636.1,1349.7,1057.8,379.9,209.6,195.2,180.1,143.3,96.9,128.4,245.4
20261003,21,myeongdong,9990.3,27.9,120.4,151.2,420.4,635.4,610.3,386.2,447.8,372.1,373.7,347.8,222.8,139.5,149.4,62.6,171.7,391.7,933.2,923.4,677,462.9,341.2,411.7,413.2,316.9,156.9,151.4,170
20261003,21,pocha,17483.3,6.8,28.9,156.9,928.2,2145.6,1805,878.8,621.7,519.4,536.6,512.3,414.3,419.4,573.9,34.7,59.4,280,1377.8,2268.3,1462.2,573.7,387.8,399.4,290.8,253,159.9,202.7,185.7
20261003,21,samcheong,1039.5,0,0,23.9,18.4,36.9,52.9,30.7,35,31.6,33,38.5,40,30.2,69.2,0,11.1,22,26.7,47.1,42.5,43.6,42.2,28.1,55.2,56.7,38.5,53.6,92.1
20261003,21,seochon,4554.8,16.7,8.5,44.7,142.4,359.7,405,259.2,130.7,80,98,134.2,117.2,128.6,99.2,11.2,23.8,60.9,308.5,539.7,414.9,234.8,160.5,133.8,168.1,159.9,122.8,89.7,96
20261003,21,seongsu,6915.3,22.3,30.9,217.6,365.2,601.1,588.5,350.6,205.9,216.7,112.5,148.4,71.7,115.1,75.9,33.5,208.9,349.5,767.2,883.9,487,246.3,179,163.8,126.2,98.6,68.8,81.9,82.4
20261003,21,sharosu,7177.2,5.6,37.3,115.4,439.9,955.2,797.9,352.2,186.3,166.6,137.9,172.7,129.5,112.6,226.5,0,26.8,84.7,460.8,821.8,522,231,163.9,152,134.2,147.5,128.4,152.3,299.5
20261003,21,sindang,7970,11.2,58.3,64.9,150.4,545.9,580.8,384.3,301.8,307.8,261.5,392.7,412.8,304.1,424.4,5.6,32.5,68.3,233.6,522,526.6,248.6,163.8,199,170.2,315.5,329,318.1,627.3
20261003,21,songridan,3859.6,0,40.6,21.5,181.1,284.7,352.7,180.6,125.8,76.6,73,73.5,127.1,59.5,133.6,0,35.4,95,261.8,382.6,361.6,198.6,122.9,105.4,97.2,83.4,104,95.1,186.2
20261003,21,yeonnam,7776.5,22.3,50.6,98.8,250.3,623.7,611.5,319.6,252.7,146.4,246.5,208.2,145.2,138.5,351.1,11.2,69.8,195.1,472,744.9,584,385.6,220.1,291.9,277.8,284,173.7,177.1,423.9
20261003,21,yongridan,14040.4,22.3,123,159.5,817.3,1343,1508.8,701.4,459.2,318.4,251.3,352.6,231.1,148.8,292.3,29.1,126.1,188.7,992.1,1885.3,1380.7,632.2,372,303.3,322.4,323.4,234.7,232.5,288.9
20261003,22,apgujeong,5879.7,11.1,27.7,71.9,288.9,545,544.6,300.6,204.3,240.8,158.9,170.1,72.9,94.7,113.2,22.2,5.5,134,381.4,691.9,490.8,255.5,171.9,169.7,155.7,143,94.8,127.5,179.9
20261003,22,euljiro,5927.8,0,21.7,13.4,363,896.4,651.2,289.5,187.3,120.2,120.4,68,68.4,83.4,39.2,0,5.5,31.2,518.7,1005.1,644.8,253,152.3,134.6,91.2,65.7,53.8,19,27.7
20261003,22,gangnam,12380,0,16.6,284.3,898.9,1574.5,1390.1,733.2,534.7,460.5,365.7,189.9,115.5,109,128.1,5.5,16.3,323.4,978.7,1510.5,967.2,452.4,317.6,316.5,277.6,141.7,76.4,75.2,102.5
20261003,22,garosu,3486,0,49.8,78.7,134.8,231.9,260.2,122.3,128,139.2,86.2,92,54.7,42.7,110.8,16.6,39.7,84.8,295.5,326,253.4,154.1,117.3,139,101.9,82.8,94.8,76.7,170.5
20261003,22,haebangchon,7183.2,22.1,95.3,108.3,197.9,356.5,506,371.2,200.3,240.3,324.9,208.6,174.3,218.5,430.5,11.1,77.5,78.1,319.1,473.2,475.5,287.9,221.8,261.3,190.9,211.9,228.4,270.3,616.8
20261003,22,hannam,908.3,0,0,9.6,32.2,87.1,85.6,53.8,38,29.2,26.1,27,4,0,9.4,0,0,12.9,59,141,131.4,40.1,19.5,19.1,7.7,20.2,4.6,0,35.6
20261003,22,hongdae,13810.1,0,65.3,586.5,1183.3,1527.9,910.7,536.6,268.6,313.1,330,289,127.3,105.5,148,11.1,105.7,889.4,1763.1,1688.1,997.3,407.5,276.7,314.4,282.1,224.3,107.5,124.2,216
20261003,22,ikseon,2791.4,0,7.5,36.1,109.8,332.7,435.9,256.5,121,97.2,86.1,51.1,55.6,28.2,68.9,0,0,35.7,178.1,251.3,215.6,71.2,61.3,65.6,48.1,67.3,39.3,21.8,46.3
20261003,22,itaewon,17524.2,22.2,26.1,265.1,1200.6,2288.1,2132.1,1130.2,569.7,384.7,258.2,191.4,185.2,113.7,270.9,27.7,44.1,245.9,1620.7,2625.1,1392.1,679.5,411.5,316,214.1,220.3,192.4,183.8,306.5
20261003,22,kondae,11139.9,11.1,15.1,373.5,1144.4,1510.8,1038,328.1,206,207.9,213,215,133.5,115.8,291.3,11.1,30.7,389.4,1224.8,1372.5,719.9,254.6,193.9,169.6,208.7,176.1,163.8,148.6,272.7
20261003,22,mangwon,7293.3,16.6,77.2,49.8,158.6,380.6,560.6,335.4,285.4,227.1,184.7,264.7,210.9,235.5,380.1,11.1,55.4,61.4,193,521.7,531.4,345.6,323.7,271.1,279.4,272.8,214.5,293.5,547.9
20261003,22,mullae,7665,5.5,77.5,48.2,355.1,871.4,773.5,446.6,293.4,186.6,172.1,89.9,111.9,91.2,185.9,0,42.9,117.8,506.5,1118.1,821.7,293.3,172,169,150,115,73.9,120.2,243.7
20261003,22,myeongdong,7595.2,22.2,77.7,91.6,354.2,546.9,542.8,310.4,323.6,297.5,300.1,313.8,191.9,89.4,114.6,34.4,114.4,262.1,748.8,767.5,527.8,273.4,227.1,213.1,256.7,237.5,130.9,100.4,120.8
20261003,22,pocha,14938.2,5.5,22.6,115,955.3,2051.8,1650.3,883.3,533.5,475.5,490.5,382.5,335.3,292.2,396,28.9,47.8,229.7,1114.1,1947.4,1178.5,368.6,315.1,314,217.4,180.5,127.3,136.7,141.7
20261003,22,samcheong,1265,0,0,28.1,27.9,46.1,63.6,42.2,44.1,25.3,42.7,30.5,42.8,37.9,92.9,0,18.8,21.9,45.7,60.9,57.8,41.3,40,39.6,40.3,62.6,49.4,57.4,123.6
20261003,22,seochon,3002.5,11.1,8.5,22.1,105.9,253.3,274.8,180.1,86.7,54,83.8,101,87.8,99.8,90.4,0,14.2,38,194.2,277.3,240.7,142.4,93.7,91.8,112,117.1,78.5,48.6,83.7
20261003,22,seongsu,4556.3,22.2,23.9,130.1,238.1,369.2,428.6,242.8,132.3,138.9,100.8,136.2,70.4,103.5,76,22.2,84.8,154.5,445.4,548.2,314.7,135.4,120.8,113.9,88.2,70.6,65.6,81.2,78.5
20261003,22,sharosu,6881.5,5.5,31.8,95.1,411.2,972.9,760.6,354.5,193.8,151.7,137.9,158.6,123.6,82.4,217.8,0,21.1,76.3,458.8,855.2,419.7,220.8,149.9,130.3,133.3,148.2,115.4,147.7,298
20261003,22,sindang,7286.1,5.5,57.8,93.7,119,474.5,517.2,328.6,299.9,296,243.1,347.3,335.8,270.5,409.7,5.5,43.3,52.9,205.7,473.8,458.5,227.5,181.4,180.4,161.7,293.3,275.8,301.2,613.9
20261003,22,songridan,3374.9,0,34.7,21.5,125.1,216.8,313.1,190,105.1,76.7,71.3,64.3,118.4,62.7,128.5,0,33.6,77.1,184.6,301.6,328.2,167,110.6,92.9,96.4,81.3,105.2,89.2,179.4
20261003,22,yeonnam,7103.4,22.2,43.4,105.8,228.3,582.3,529.6,287.9,231.9,148.7,227.9,188.5,135.3,132.9,353.7,11.1,44.3,121.4,407.5,690.6,533.3,339.8,175.1,268.7,268.4,261.7,157.7,174.2,425.1
20261003,22,yongridan,11626.5,27.7,94.5,130.2,698.2,1082.8,1225.7,599.9,368.6,275.9,252.1,312.4,216,146.9,274.3,27.7,98.2,148.9,745,1370.9,1114.5,584.2,333.6,278.7,292.1,285.4,177.7,196.4,268.2
20261003,23,apgujeong,5230.4,11,28.4,65.3,231.8,524.1,489.6,260.8,182,207.1,142.9,157.9,54.7,101.8,103.8,16.5,5.5,117.8,335.7,628.1,411.3,218.2,144.1,165.3,141.3,108.8,82.9,110.3,156.7
20261003,23,euljiro,4566,0,27.1,24.3,276.2,706.7,519.6,227.1,153.5,104.4,85.9,58.5,64.8,60.3,31.4,0,0,30.1,361.3,753.7,490,155.2,135.9,112.2,59.6,49.8,37.1,16.2,22.8
20261003,23,gangnam,10610,0,5.5,200.9,811.9,1392.8,1216.1,655.4,472.1,471.9,339.1,183.2,117.1,91.3,103.4,11,21.7,206.5,714.1,1237.9,756.3,398.6,327.2,288.7,225,117.7,60.5,55.8,96.6
20261003,23,garosu,3043.5,0,38.4,89.3,136.3,176.4,195.8,104.7,120.2,131.7,84.7,92.6,62.7,42.3,113.6,16.5,44.8,75.7,225.5,256.7,176.6,131.5,102,128.4,90.8,83.3,81.9,72.3,169.1
20261003,23,haebangchon,6733.7,22,94.6,106.7,172.2,312.5,490.1,327.3,194.3,220.1,314.1,215.4,181.9,230.8,433.6,11,82.4,78.3,230.6,407.4,408.2,265.4,192.6,250.5,167.2,215.3,235.9,260.8,608
20261003,23,hannam,672.1,0,0,5.3,17.1,76.3,61.8,59.6,28.8,28.9,29.5,24.4,12.2,0,9.3,0,0,0,39.9,68.5,75.6,33.3,15.2,13.6,4.4,13.4,4.6,0,35.3
20261003,23,hongdae,10164.2,0,19.5,395.9,864.6,1093.8,663.5,412.6,250.5,249,250.1,234,128.3,114.3,142.4,5.5,61.5,577,1219.6,1168.4,720,310,217.5,236.3,231.1,167.6,95.7,117.8,211.3
20261003,23,ikseon,2076.7,0,7.4,12.8,57.8,303.3,358.7,223.4,82.8,85.3,66.6,42,47,31.1,64.6,0,0,24.9,107,144.5,115.9,54.7,40.9,39.6,27.6,45.6,29.7,16.4,47.3
20261003,23,itaewon,18417,22,15.7,247.3,1358.8,2617.8,2461.7,1183.3,593.9,400.5,255,177.1,179.3,122.1,271.6,27.5,34.2,210.3,1652.2,2735.9,1532.3,682.6,342.2,261.8,149.5,210.6,178.7,186.3,303.6
20261003,23,kondae,9747.1,16.5,20.5,296.9,1023.8,1356.8,881.3,268.4,186.5,170.4,204.4,191.5,124.2,110.2,290.1,11,30.5,341.2,1020.6,1139,646.3,215.7,166.7,117.5,183,174.6,155.9,139.4,264.5
20261003,23,mangwon,7244.2,16.5,65.6,71.8,161.9,346.6,535.6,342.2,272.9,242.1,191,274.8,220.5,233.6,378.3,5.5,45.1,60.2,190.1,522.5,536.2,351.5,316.9,278.6,277.1,261.8,216.6,286.9,538.2
20261003,23,mullae,6181.8,0,71.4,42.3,338.8,716.1,603.8,351.5,233.7,155.1,173.2,74.9,94.3,99.8,192.3,5.5,42.6,90.4,353.4,765.6,563.1,236.9,158.7,153.5,120.4,105.6,70.3,115.1,242.9
20261003,23,myeongdong,5159.3,11,44.5,60.7,232,394.7,434.8,223.4,246.2,233.1,236.9,229.5,198.4,75.7,101.7,16.4,57.2,159,461,513.7,330.8,175.6,129.6,113.8,147.9,118.9,77.2,51.8,77.1
20261003,23,pocha,11921.7,0,13.4,80.1,829,1752.3,1401.5,774.1,454.5,399.2,425.2,296.3,262,255.5,308.5,23.2,41.9,142.5,924.9,1428.2,870.8,231.2,194.5,195.3,152.4,131.4,100.8,94.1,137.8
20261003,23,samcheong,1142,0,0,22.7,19,28.8,50,29.5,36.1,23.3,42.2,38.3,41.8,42.4,99.5,0,18.3,20.5,33,43.8,44.7,37.4,33.4,37.4,34,55.3,48.4,56.7,129
20261003,23,seochon,1971.7,5.5,5.5,12.6,72.9,161.7,185.1,86.6,57.7,42.4,56.8,82.1,67,85.1,89.3,0,5.5,16.5,115.8,155.7,145.9,79.5,47.5,58.2,72.9,65,56.5,34.2,85.9
20261003,23,seongsu,3011.2,11,14.4,65.2,136.6,237.6,283,189,84.1,125.6,95.9,121.8,63.4,94.7,80,11,37.7,90.5,190.7,306.2,187.5,103.2,51.7,65.7,69.7,64.5,51.2,84.7,75.1
20261003,23,sharosu,6745.1,5.5,31.5,55.4,396.2,976.7,794.6,317,178,134.4,133.5,150.7,122.9,76.6,212.5,0,26.4,78.4,409.5,869.4,463.9,234.8,142,142.7,108.6,134.5,116,123.3,293.1
20261003,23,sindang,6651.2,11,53.1,96.4,100.4,423,481.1,272.5,278,287.9,202.9,344.6,286.8,231.8,401,5.5,27,48.4,163.7,456,393.7,175.4,139,177,169.7,262.8,236.5,287.2,621.2
20261003,23,songridan,3009.7,0,34.5,19,90.9,172.1,246.5,170,107.2,64.9,77.5,63.6,117.2,55.6,123.8,0,33.3,69.1,130.5,235.9,279.9,169.6,108.6,84,96.4,80,98,83,198.7
20261003,23,yeonnam,6606.2,22,34.2,124.1,215.3,503,488.6,297.5,216.5,159.7,216.2,182.3,118.8,135.6,333.5,11,38.4,109.2,345.7,610.4,435.9,294.1,182.9,264.3,247.5,247.7,158,159.5,447.3
20261003,23,yongridan,9853.8,27.5,78.1,120.6,660.2,899.4,1026.9,535.7,317.6,238.7,202.3,286.1,202.4,120.6,256.6,27.5,90.5,108.8,574.6,1142.1,870.3,443,266.6,240.7,269.2,260,152.9,176.4,258.4
20261004,00,apgujeong,4207.1,11,23.2,43.6,193.6,419.1,379.2,209.7,160.5,178,105.1,150.4,54.2,83.2,108.5,5.5,5.5,101,183.3,448.1,295.1,200.6,151.4,101.7,116.7,101.5,77.8,114.8,159.7
20261004,00,euljiro,2553.6,0,10.6,5.5,98.8,355.6,278.1,147.1,102.7,71.9,63,36.4,35.2,45.3,32.2,0,0,24.8,141.2,412,241.4,114.4,110,75,34.9,45.1,34.8,13.1,13.1
20261004,00,gangnam,7471.9,0,16.5,140.5,425.8,817.8,831,543.4,442,381.1,282.1,161.3,95.7,77.6,89.3,11,27.2,117.1,414.3,747.6,533.2,345.1,308.4,201.8,164.6,83.7,47.2,58,83.4
20261004,00,garosu,2726.5,0,49.4,67.6,117.6,170.8,154,87.8,121,121.1,81.5,84.9,52.1,23.8,127.6,16.5,38.1,76,174.5,206.9,147.4,109.6,102.2,128.6,78.2,83.2,77.3,57.6,168.5
20261004,00,haebangchon,6215.4,27.5,89.1,108.3,119.9,225.9,400.7,294.6,186.9,219.9,316.9,216.9,172.2,221.4,407.7,11,82.4,72.7,169.2,352.4,324,229.8,193.4,261.4,168.1,217.3,243.7,282.1,598.9
20261004,00,hannam,496.4,0,0,0,5,49.2,68.6,45.9,22.5,15.9,22.6,32.2,8.2,0,4.8,0,0,0,5.4,47.6,45.5,23.6,19.5,4,4.4,14.7,4.6,6.5,39.9
20261004,00,hongdae,5479.6,0,20.7,143.5,430.7,509,368.7,244.5,201.6,198.6,203.4,177.2,92.3,93.3,140,5.5,35.8,173.6,471.1,445.4,345.2,169.1,154.2,185.3,144.9,139.9,57.9,121.7,199.6
20261004,00,ikseon,1406.3,0,7.4,14,52.3,162.7,272.7,190.2,84.7,65,49.3,33.4,31.5,21.5,57.4,0,0,7.4,31.5,50.4,30.4,34.3,37.9,23,28.3,35.1,32.5,12.4,41.1
20261004,00,itaewon,18305.8,22,10.2,265.3,1453.8,2813.9,2533.5,1255.7,583.1,443.6,245.3,145.4,159.4,113,283.2,16.5,28.7,191.3,1439.7,2680.3,1530.6,588.7,352.4,210.6,108.3,194,166.8,164.9,301.9
20261004,00,kondae,7936,11,10.3,165.5,903.8,1068.9,726.1,249.6,202.2,138.8,180.5,168.1,87.3,109,296.3,5.5,11,210.7,757.8,873.3,503.7,188,145.6,117.1,146.9,135.3,146.9,132.4,241.8
20261004,00,mangwon,7206.4,16.5,60.1,61.8,146.3,356.4,495.7,340,295.1,222.2,204.5,284.6,214.6,225.7,383.3,5.5,45.1,52.9,200.5,522.3,531.5,334.8,300.1,281.8,267.4,275.4,227.1,290.7,561.1
20261004,00,mullae,4178.8,0,60.4,30.2,225.6,429.6,420.2,205,144.6,125.7,125.9,56.1,94,102,192.8,0,50.6,58,198.6,355.8,286.5,142.5,101.3,137.8,97.5,100.2,84.7,111.1,225.9
20261004,00,myeongdong,2081.1,5.5,4.6,5.2,66.9,133.3,177.5,138.2,171.4,172,171.6,147.9,105.5,62.7,48.5,0,20.3,13.4,62.9,75.9,108.2,66.2,49.1,25.1,66.8,39.3,26.9,27.7,53
20261004,00,pocha,7658.4,0,18.3,54.3,512.2,1243,973.7,570.7,295.4,316.7,315.6,223.7,179.7,157.4,259.6,17.7,20.4,62.7,427.1,785.5,423.6,113.7,144.9,114.1,97.6,85,68.6,72.4,105.2
20261004,00,samcheong,1053.3,0,0,24.2,4.3,22,44.9,25.3,30,33.9,47.6,35.8,40.9,42.8,96,0,13.6,7.3,23.5,28.4,43.4,24.4,37.5,35.4,27.6,50.9,43.4,54.7,126.6
20261004,00,seochon,1174.5,5.5,5.5,12.7,43,128.6,102.6,51,52.2,44.7,45.7,45.2,44.2,44.1,62.7,0,11,0,17.8,60.3,35.7,43.6,34,24.2,30.2,45.5,48.2,24.8,88.6
20261004,00,seongsu,2018.8,11,19.9,22.9,88.3,120.8,189.3,137.6,78.6,81.1,87.8,96.9,56.6,97.6,81.5,0,15.6,21.6,69.1,146.1,116.9,62.1,23.7,51,73.6,57.3,51.2,79.9,55.8
20261004,00,sharosu,5988.8,5.5,26.3,44.7,289.2,856.7,708.8,302.6,141.9,149,135.5,163,116.7,79.6,201.3,5.5,26.1,53.6,348.8,732.2,399.7,213.9,125.7,107.7,122.5,127.7,92.3,116.9,291.7
20261004,00,sindang,5751.8,11,48.7,73.6,97.2,292.3,353.5,211.1,283.3,236.1,158.9,317.7,266.5,196.5,373.8,5.5,37.8,38.2,142.9,346.3,318.3,180.1,111.6,157.3,131.4,241.5,208.2,283,617.9
20261004,00,songridan,2680.9,0,34.5,24.3,63.4,159.4,191.6,162.8,105.9,62.9,81.8,69.3,112.8,53,121.5,0,28.7,58.7,56.5,143.8,231.7,169,108.8,88.3,102.6,84.2,104.3,72.6,188.7
20261004,00,yeonnam,5904.9,16.5,46.4,91.1,142.2,435.3,421.4,245.2,213.1,162.7,202.2,168.6,128.8,128.7,346.8,5.5,38.4,92.9,286.2,453.2,356.8,264.2,165.1,239.8,235.3,219.7,164.4,151.5,466.8
20261004,00,yongridan,7913.9,27.5,63.1,120.4,537.3,655.5,781.1,453.5,294.8,205.3,212.3,249,184,108,234.8,27.5,73,87.7,332.1,756.3,664,407.4,222.4,228.2,214.6,230.5,144.8,152,246.7
20261004,01,apgujeong,3842.3,11,28.7,52.5,163.1,394.5,344.2,188.4,152,151.9,94.8,135.8,48.9,84.5,108.6,5.5,5.5,102,156.3,343.3,252.4,195.8,146.8,102.8,102.6,101.5,81.7,110.9,159.7
20261004,01,euljiro,2345.4,0,10.6,0,98.6,351.5,243.5,126.5,99.7,59.6,63,32.8,32.7,39.1,32.2,0,4.2,23.8,150,335.2,214.9,105.7,96.9,67.4,41.4,41.1,37.1,13.1,16.4
20261004,01,gangnam,6956.6,0,16.5,124.3,403.8,753.7,737,506.6,437.5,341.8,259.8,147.1,91.1,80,99.3,11,27.2,99.1,380.6,680.5,491.8,349.1,283.8,195.2,151,80.7,44,55,90.1
20261004,01,garosu,2762.7,0,43.9,66.3,128.3,200.9,143.9,87.9,114.2,121.1,78.5,82.1,49.3,41,123.9,16.5,43.5,82.1,169.1,232.3,140.9,102.4,95.1,131.8,81.7,83.2,73.9,57.6,168.5
20261004,01,haebangchon,6113.5,27.5,89.1,108.3,118,214.3,390.8,294.6,184.5,216.4,304.6,216.9,174.4,229.1,408,11,82.4,67.5,175.6,311.5,318.2,231.4,187.8,244.8,163.5,217.3,243.7,282.1,598.9
20261004,01,hannam,510.9,0,0,0,5,49,73.5,35.8,22.4,18,22.6,32.2,8.2,0,4.8,0,0,0,0,50.8,63.9,17.5,11,4,0,18.2,4.6,6.5,44.2
20261004,01,hongdae,4812.9,0,15.4,133,382.3,441,292.4,236.1,188.7,180.3,165.2,164.5,80.6,89.5,122.7,5.5,26.1,151.3,390.4,406.5,288.8,138.1,148.4,167.9,122.7,114.1,51.6,114.9,189.1
20261004,01,ikseon,1264.4,0,7.4,14,49.6,131.9,246,167.8,73.7,56.4,44.3,29.8,31.5,21.5,60.3,0,0,7.4,21.1,33.2,28.6,26.9,37.9,19.7,28.3,41.4,32.5,12.4,41.1
20261004,01,itaewon,18047.6,22,10.2,244,1427.4,2725.9,2524.8,1281.7,598.5,427.1,255.1,159.9,159.4,113,269.6,16.5,28.7,195.8,1427.2,2639.1,1465.7,568.1,327,208.1,107.6,190.7,174.6,164.9,311.2
20261004,01,kondae,7582.7,11,10.3,158.8,867.5,1045.9,743.5,246,172.6,139.8,159.2,166.5,87.3,87,291,5.5,11,193.3,704.6,762.3,508.4,184.5,136.4,112.9,138.5,134.8,129.8,129.9,241.8
20261004,01,mangwon,7225.5,16.5,60.1,64.7,155.1,366.6,507.8,332.4,291.1,211.3,212.8,281.9,227.7,230,383.3,5.5,50.6,42,197,505.7,529.1,339.2,300.1,282.5,274.6,270.8,231,291.5,561.1
20261004,01,mullae,3473,0,60.4,30.2,176.6,287.9,279.9,146.5,135.9,136.5,120,56.1,94,97.7,184,0,39.7,63.4,134.3,273,197.2,117.3,101.3,121.1,101.6,96.4,77.5,99.1,221.5
20261004,01,myeongdong,1801.5,5.5,0,5.2,42,112.5,159.2,132.9,151,156.4,166.8,127,91.3,66.5,49.4,0,20.3,9.2,10.4,56.4,95.2,54.9,41.9,40.6,46.8,18.4,21.4,26.1,43.8
20261004,01,pocha,6786.9,0,18.3,48,450.2,1090.1,817.2,524.5,276.2,287.3,287.4,209.1,176.4,149.3,259.6,17.7,20.4,43,342.6,674.2,365.5,119,127.2,113,86.8,56.6,60.6,68.4,98.4
20261004,01,samcheong,1033.7,0,0,24.5,4.3,19.4,41.9,23,29.9,34.1,47.6,36,37.8,42.8,95.6,0,13.6,7.3,18.7,23.6,43.9,24.8,34.6,31.9,27.8,53.8,43.4,54.7,126.7
20261004,01,seochon,1028.9,5.5,5.5,12.7,34.8,100.1,78,37.8,41.1,46.1,50.7,36.5,38.2,46.6,53.7,0,11,0,17.8,35.9,26.3,39.8,34,24.2,30.2,40.7,45.6,24.8,84.8
20261004,01,seongsu,1957.3,11,19.9,16,88.7,122.6,178.4,136.9,78.9,81.1,82.5,100.7,62.9,97.6,81.5,0,12.7,21.6,67.9,130.9,95.8,55.8,23.7,35.9,73.6,61.3,44.3,73.8,60.7
20261004,01,sharosu,5637.3,5.5,26.3,36.8,234.7,783.8,690.5,270.9,120.1,149,138.7,159.1,109.2,76.6,209,5.5,20.9,42.8,317.5,698.6,375.9,198.7,106.4,108.5,126.3,127.7,85.6,116.9,287.7
20261004,01,sindang,5575.9,11,48.7,68.7,99,274,345.5,192.8,279.4,226.6,153.6,318.8,272.7,197,374.7,5.5,37.8,41.7,146.2,319.7,292.5,158.4,88.3,159.4,135.4,234.3,205.8,274,602.6
20261004,01,songridan,2659.7,0,34.5,29,74.8,157.3,195.6,161.5,103.4,69.4,81.8,65.8,112.8,45.7,120.3,0,28.7,58.7,52.2,128.9,220.6,161,108.8,92.4,109.9,81.1,104.3,72.6,188.7
20261004,01,yeonnam,5842.8,16.5,46.4,99.7,131.3,401.5,421.9,229.5,211.8,173,209.1,172.8,126.1,132.7,346.8,5.5,38.4,103.2,273.7,416.8,359.6,262.5,165.1,233.4,232.1,239.6,166.9,151.5,462
20261004,01,yongridan,6776.5,27.5,60,102.8,465.3,560.3,584.6,381.8,262.3,164.9,174.2,213.4,166,106.7,236.4,27.5,73,66.4,274.6,599.5,514.6,380.1,215.4,193.9,191.5,214.7,123.3,144.9,251.2
20261004,02,apgujeong,3532.9,11,23.2,50.2,158.2,339.1,306.3,172.7,141,126.9,93.8,130.6,45.1,84.5,108.6,5.5,5.5,82.4,111.4,324.6,230.7,153.8,123.3,107.7,112.4,101.5,85.6,110.9,166.5
20261004,02,euljiro,1894.4,0,10.6,0,66.6,259.4,154.7,111,98.1,56.4,57,36.5,22.6,32.5,32.2,0,4.2,17.7,105.1,252,146.8,101.4,97.4,75.8,41.4,41.1,32.6,5.6,22.9
20261004,02,gangnam,6225,0,16.5,112.9,311.8,635.6,640.1,445,399.9,296.1,254.5,137.2,87,80,101.7,11,27.2,104.6,308.2,612.5,455.7,330,252.8,170.4,141.9,80.7,46.2,59.3,85.9
20261004,02,garosu,2838.6,0,43.9,70.3,132.3,229.3,129.8,103.9,119,116.2,78.5,82.1,53.6,33.8,123.9,16.5,43.5,78.2,182.1,273.4,144.9,101.7,88.1,125.4,78.7,83.2,73.9,57.6,172
20261004,02,haebangchon,6100,27.5,89.1,103.2,113.4,217.6,408.6,298.7,190.4,223.2,302.1,221.4,178.2,224.4,407.7,11,82.4,67.5,166.2,297.7,308.5,223.5,187.9,240.7,168.1,221.3,240.1,282.1,597.7
20261004,02,hannam,463.7,0,0,0,21,43.4,65.1,26.7,16.1,13.9,15.4,32.6,5.4,0,6.1,0,0,0,0,43.2,49.3,21.3,18.5,4,0,18.2,4.6,6.5,44.2
20261004,02,hongdae,4131,0,9.9,132.4,295.3,353.7,241.4,193.4,168.9,151.2,141.7,144.8,72.4,88,119.9,5.5,26.1,156.9,298.6,325.3,221.3,127.8,152.3,162.2,104.8,93.7,40.5,108.3,185.3
20261004,02,ikseon,1096.9,0,7.4,9.9,39.2,96.9,192.9,152,59.9,44.2,42,29.8,31.5,21.5,60.3,0,5.5,7.4,11.5,31.7,25.8,26.9,35.2,16.6,25.2,38,32.5,12.4,41.1
20261004,02,itaewon,16780.1,22,10.2,254.7,1303,2664.7,2409.7,1234.4,536.8,382.3,231.4,146.2,152,108.4,275,16.5,28.7,192.2,1268.5,2329.7,1282.4,511.2,287.1,191.1,111.2,181.5,173.3,155.5,316.6
20261004,02,kondae,7228.2,11,10.3,140,780.3,972.4,690.1,239.4,185.1,137.6,166.8,164.1,80.4,90.1,286.8,5.5,11,182.3,655.9,727.1,474.3,191.9,135.9,116.3,143.8,120.4,126.5,124.8,255.5
20261004,02,mangwon,7222.9,16.5,65.6,70.1,160,368,499.2,329.4,294.8,218.5,212.5,281.7,227.4,229.4,394.7,5.5,50.6,46,178.6,510,505.8,334,303.4,285.4,274.6,270.8,238.7,286.1,562
20261004,02,mullae,2833.1,0,60.4,34.5,123,169,194.5,118.9,119.9,123.1,116.8,59.6,97,97.4,182.8,5.5,39.7,54.8,62.9,172.8,115.6,93.4,94.4,98.7,92.5,87.4,73.9,99.1,221.5
20261004,02,myeongdong,1623.9,5.5,0,5.2,22.5,69.5,132.3,122,156.6,149.5,153,125.2,91.3,66.5,44.9,0,15.6,0,10.6,36.2,92.4,43.9,41.9,31.5,46.8,18.4,18.8,26.1,49.1
20261004,02,pocha,5636,0,18.3,54,336.1,820.8,620.5,423.2,262.9,285.8,229,185.5,158.9,156,251.8,12.2,20.4,29.4,281.8,548.7,263,103.2,112.8,101.8,90.1,56.6,54.3,60.4,98.4
20261004,02,samcheong,1024.9,0,0,28.1,4.3,17.5,38.7,22.8,25.4,28.4,42.9,32.8,37.3,42.4,95.6,0,13.6,7.3,14.1,23.1,43.4,27.3,34.5,31.9,34.4,59.6,42.9,54.8,127
20261004,02,seochon,952,5.5,5.5,9.5,36.6,73.6,64.9,30.5,33.6,45.3,32.9,36.5,48.2,46.6,45.9,0,11,0,17.8,28.1,26.5,39.8,30.2,28.7,30.2,40.7,45.6,24.8,84.2
20261004,02,seongsu,1833.3,11,19.9,4.4,62.5,102.8,152.4,132.4,73.6,76,89.6,97,61.7,96,81.5,0,12.7,21.6,49.5,116.7,92.4,49.6,23.7,39.5,80.3,60.1,51.2,66.1,65.7
20261004,02,sharosu,5367.5,5.5,26.3,30.2,208,704.6,643.3,252.4,122.6,147.6,135.8,152.7,99.9,79.6,214.3,5.5,20.9,38.7,294.9,676.1,364.5,188.1,104.5,108.4,122.6,123.7,82.2,116.9,283.1
20261004,02,sindang,5280.6,11,48.7,63.4,75.9,259.9,307.3,165.8,267.8,216.3,151.7,308.9,263.5,189.7,369.7,5.5,32.3,37.9,134.9,286.8,251.7,166.7,84.4,155.1,144.5,214.9,212.3,269.2,575.8
20261004,02,songridan,2617.5,0,34.5,18.8,74.2,156.5,192.3,156.4,100.5,69.4,81.8,65.8,112.8,45.7,124.4,0,28.7,53.3,52.6,125,208.4,154.4,112.6,92.4,113.6,78,104.3,76.4,184.9
20261004,02,yeonnam,5657,16.5,46.4,98.7,132.6,351.4,374.7,223.8,202.7,172.9,202.8,169.9,126.1,141,340.8,5.5,38.4,102.6,260.9,414.4,331.4,252.4,158.1,230,238.1,227.6,174.5,151.5,458.1
20261004,02,yongridan,6240.5,27.5,60,98.9,460.8,465.7,476.8,338,253.2,154.2,176.3,210.4,176.5,107.7,245.4,27.5,73,64.6,209,506.4,459.2,346.7,207.2,187.2,186.3,212.5,119,144.9,245.7
20261004,03,apgujeong,3148.5,11,23.2,39,125,304.4,234.1,153,122,115.3,96.3,130.6,48.6,89.6,103.3,5.5,5.5,79,99.6,253.1,192.4,122.6,112.6,110.8,107.9,97.4,73.9,115.3,161.1
20261004,03,euljiro,1518.4,0,10.6,0,57.3,191.8,102.3,107,80.1,40.2,58.2,30.6,22.6,32.5,32.2,0,4.2,17.7,64.3,153,124.7,90.7,91.5,56.5,40.1,37.8,28.5,5.6,22.5
20261004,03,gangnam,5589.6,0,16.5,103.7,237.7,570.2,561.5,378.8,371.5,270.6,221.4,132.9,92.4,80,102.9,11,27.2,103.1,264.6,528.7,400.6,314.7,242.4,142.8,132.1,82.3,46.2,58.8,75
20261004,03,garosu,2825.7,0,43.9,62,127.8,249.7,128.9,90.6,123.6,121.1,81.5,82.1,56.4,26.4,123.9,16.5,43.5,79.3,169.6,262.5,145.9,103.2,88.1,124.2,81.9,79.9,74.7,61.1,172
20261004,03,haebangchon,6298,27.5,83.6,102.5,116,242.4,408.7,312.8,184.8,239.7,309.8,218.9,184.3,230.7,424.6,11,82.4,71.6,167.3,317.3,311,230.7,191.1,247.7,174.3,232.8,247.5,289.8,620.4
20261004,03,hannam,427.6,0,0,0,16.8,46.5,60.9,23.1,21.1,12.1,15.4,30,0,0,6.1,0,0,0,10.4,38.1,39.8,23.9,8.6,0,0,18.2,4.6,6.5,39.5
20261004,03,hongdae,3710.4,0,9.9,98.9,274.9,326.6,216.9,183.7,148.8,137,126.5,121.1,73.6,80.1,116.9,5.5,20.7,116.4,231.1,290.1,196.9,118.4,135.3,143.9,105.7,86.4,40.8,105.5,189.3
20261004,03,ikseon,963.6,0,7.4,9.9,22.9,72.2,139.8,121.5,52.1,37.8,47.1,29.8,31.5,21.5,57.4,0,5.5,7.4,11.5,27.2,27.9,29.5,37.9,16.6,25.2,40.8,32.5,13.6,37.1
20261004,03,itaewon,15261.6,22,10.2,237.7,1189.6,2401.2,2235.6,1093,509.1,316.3,233.5,146.9,152,108.4,285.1,16.5,28.7,171.2,1099.4,2053.6,1086.4,472.9,259,187.2,110.3,179,171.5,164.9,316.6
20261004,03,kondae,6724.8,11,10.3,113.4,685,896.9,619.6,227.1,163.3,139.9,162.6,159.9,76.6,92.3,279.6,5.5,5.5,161.5,592.3,691.7,440.8,180.2,140.7,112.1,138.5,115.2,123.1,123.5,254
20261004,03,mangwon,7249.1,16.5,60.1,61.8,155.7,346.6,494.7,325.9,289.1,221.7,216.3,289.8,232.1,229.4,394.7,5.5,50.6,50.1,186.4,520.4,511.9,325.8,308.2,298.5,274.6,270.8,245.2,290.3,570.8
20261004,03,mullae,2478.2,0,60.4,26,85.2,120.4,122.7,84,98,120.8,112.9,65.3,101,97.4,178.6,5.5,39.7,54.8,44,111.2,81.7,93.4,85.2,94.5,87.1,87.4,77.1,95,221.5
20261004,03,myeongdong,1556.7,5.5,0,5.2,10.8,53.6,123,113.1,160.2,140.2,136.7,130.5,98.9,66.5,40.1,0,15.6,0,5.9,30.9,86.7,41.4,41.9,26.8,50.4,22,17.2,26.1,49.1
20261004,03,pocha,4556.2,0,18.3,51.3,256.4,636.9,466.1,332.7,221.9,229.6,220,160.3,139.3,116.7,251.3,12.2,20.4,15.2,203.6,398.1,206.2,87.3,105.3,101.8,77.1,47.3,46.5,48,78.8
20261004,03,samcheong,1028.1,0,0,28.1,5.9,19.5,38.3,22.8,25.7,28.6,43.3,32.9,37.3,42.2,95.7,0,10.9,7.3,14.1,23,43.4,27.3,34.5,31.5,34.4,59.6,42.6,57.4,127.1
20261004,03,seochon,931.5,5.5,5.5,8.3,31.1,73.6,65.2,33.6,33.6,38.1,27.9,39.1,48.2,46.6,45.9,0,11,0,12.7,31.1,18.4,42.6,30.2,28.7,30.2,40.7,49.5,21.7,78.7
20261004,03,seongsu,1818.6,11,19.9,4.4,51.7,119.1,158.7,127.5,73.6,56.3,88.9,100.4,61.6,91.9,77.2,0,12.7,21.6,54.4,104.4,89.5,49.6,23.7,39.5,84.1,59.4,51.2,73.6,69.6
20261004,03,sharosu,5148.2,5.5,26.3,37.6,180,629.2,574.7,235.3,122.8,130.7,138.6,144.4,99.9,79.6,210.4,5.5,20.9,40,298.7,677.9,366.5,189.5,97.8,107.3,122.3,120.4,79.2,116.9,279.1
20261004,03,sindang,5092.9,11,48.7,59.2,56.6,218.2,289.9,171.5,260.3,204.9,143.6,305.1,245.9,190.4,364.6,5.5,32.3,51.5,127.6,268.8,233.7,166.5,82,156.8,140.5,210,207.8,264.9,566.1
20261004,03,songridan,2623.9,0,34.5,23.5,64.2,154.4,186.2,153.8,105.6,69.3,89.2,65.8,109.2,53,127.4,0,28.7,53.3,52.6,124.3,205.4,157.7,120,88.9,117.2,77.9,104.3,76.4,181.1
20261004,03,yeonnam,5596.1,16.5,46.4,99.9,128.5,341.9,357,203.1,192,179.7,200.6,168.3,128,145,341.5,5.5,38.4,102.6,273.4,412.4,323.1,253.4,149.9,224.4,235,228,182.1,152.3,454.1
20261004,03,yongridan,5854.2,27.5,60,96.8,427.4,386.4,446.4,313.5,251.6,157.1,178.6,208.4,171.5,122.6,246.4,27.5,73,55.7,151.1,417.9,415.3,330,197.3,183.2,179.8,213.2,123.5,148.8,241
20261004,04,apgujeong,2857.7,10.9,23,53.2,145.7,205,200.2,134.4,105.5,103.3,100.1,124.1,49.2,89.8,98.2,5.5,5.5,71.7,97.9,192.6,153.1,106.7,105.8,109.9,97.4,96.6,76.1,110.3,168.7
20261004,04,euljiro,1230.4,0,10.5,0,39.3,119.5,83.8,93.8,68.2,40.1,47.2,26.4,27.3,44.5,31.9,0,4.1,14.9,34.5,106.6,94.2,75.9,90.8,43.3,37,37.5,28.3,5.6,18.6
20261004,04,gangnam,5087.7,0,21.8,108,189.7,485.4,489.4,329.7,361,249.1,219.8,131.6,92.6,79.4,97.3,10.9,27,98.3,232.7,460.5,356.8,281.3,209.9,138.9,132.3,80.4,49.2,58.3,69.5
20261004,04,garosu,2642.8,0,49,61.5,101.6,194.1,112,88.9,132.4,121.4,79.6,84.3,66.3,31.7,122.9,16.4,43.2,73.2,145.2,202.4,135.6,91.5,90.6,120,80.5,90.4,74.1,60.6,170.6
20261004,04,haebangchon,6238,27.2,82.9,97.4,119.7,239.7,401.6,310.4,189.6,234.1,302.1,217.6,177.9,228.9,425.6,10.9,81.7,71,160.2,312.2,317.3,223.5,193.2,241.4,180.2,226.8,241.8,291.8,614.6
20261004,04,hannam,424.3,0,0,0,13.7,43.9,63.5,21,16.6,16.3,15.3,25.5,0,0,6,0,0,0,19.8,27.8,43.2,19.9,5.7,0,4.6,18.1,4.5,6.5,39.2
20261004,04,hongdae,3492.2,0,9.8,108.9,277,295.9,208.4,151.1,142.6,112.3,130.6,115,74.2,83.1,111.4,5.5,20.5,101.3,201.8,241.5,192,121.4,126,130.4,92.7,98.7,37.7,104.8,191.1
20261004,04,ikseon,896.6,0,7.3,9.8,28.6,60.9,122.2,105.9,44.5,37.5,32.7,24.9,31.2,25.7,53.2,0,5.5,7.3,10.2,32.2,28.3,26.7,37.6,16.5,25,37.7,34.9,13.5,36.8
20261004,04,itaewon,13038.3,21.8,10.1,195,1002.5,2057.9,1880.8,916.3,430.9,262.3,225.7,130.3,150.8,115,277.5,16.3,28.4,143,933.2,1654.5,891.2,384.9,232.8,164.1,109.4,170.6,164.7,163.5,304.9
20261004,04,kondae,6418.1,10.9,10.3,96.3,626.1,836.6,566.8,210.7,164.5,123.1,155.1,162.9,74.8,92.3,282.5,5.5,5.5,163.1,556.6,673.8,430.3,167.3,132.9,110,140,117.1,125.5,122.5,252.8
20261004,04,mangwon,7186.5,16.3,59.6,63.5,152.9,338,465.3,325.2,289.9,223.7,203.2,274.3,234.2,223.2,399.5,5.5,50.2,49.7,188.6,513.7,519.7,325.6,299.4,306.2,283,271.5,239.3,289.1,570
20261004,04,mullae,2259.7,0,59.9,25.8,35.8,78.4,104.3,83.8,101.9,119.8,107.4,60.3,104.9,100.4,177.7,5.5,39.3,54.4,38.9,63.2,62.7,83.4,71.6,93.8,90.7,83,83.6,97.1,212.1
20261004,04,myeongdong,1569.6,5.5,0,9,14.1,64.1,134.6,115.3,157.2,141.1,130.7,125.3,94.5,66.4,39.3,0,15.5,0,5.8,26.8,86.1,44.2,41.5,32.1,45.2,21.9,17,25.9,48.7
20261004,04,pocha,3687,0,18.2,34.9,181.6,432.1,375.3,226.6,187.7,206.3,199.2,114.6,129.8,103.5,247.5,12.1,25.3,9.6,164.1,277.1,168,82,104.4,101,76.5,47,41.9,42.4,74.9
20261004,04,samcheong,1035.5,0,0,27.9,5.9,22.8,41.4,22.7,30,28.4,43.2,32.1,37,41.8,94.9,0,10.8,7.3,14,19,46.5,27.1,34.4,31.3,34.1,63,42.2,58.2,125.5
20261004,04,seochon,912.3,5.5,5.5,8.2,16.8,58,64.7,38.8,39.4,35.2,27.7,38.7,51.8,46.2,51.7,0,10.9,7.9,12.6,30.8,14.8,42.2,26.8,28.5,29.9,37.7,54,21.5,78
20261004,04,seongsu,1823.4,10.9,19.7,4.4,51.3,109.3,156.9,133.4,73.6,48.2,91.6,100.2,61.1,91.9,75.1,0,12.6,21.5,58.6,105.1,91.2,49.2,31.1,39.2,87,58.9,46.1,81.2,69
20261004,04,sharosu,5008,5.5,26,42.1,171.3,609.4,551.5,233.5,118.8,127,133.6,146.3,102.3,78.9,208.7,5.5,20.8,43.6,282.5,648,364.6,184,93.9,90.9,121.3,124,78.6,116,276.5
20261004,04,sindang,4953.6,10.9,48.3,63.6,64.3,196.4,272.1,172.6,238,198.3,131.6,291.9,229.8,187.7,361.6,5.5,32.1,51.1,130.6,256.3,216,147.8,85.1,154.3,144.1,209.9,206.1,276.7,562.1
20261004,04,songridan,2616.3,0,34.2,23.3,67.8,151.9,181.7,150.2,106,74.7,87.5,69.9,111.8,52.6,130.6,0,28.4,60.1,52.1,121.1,210,148.9,111.5,80,116.3,80.4,106.6,79.7,179
20261004,04,yeonnam,5509.9,16.3,46,93.7,118.6,342.4,346.4,202.7,192.4,176,195.3,175.5,126.9,143.9,338.7,5.5,38.1,107,262.8,386.8,318.8,240.3,149.9,218.1,233.6,231.4,179.1,151.1,459.3
20261004,04,yongridan,5366.3,27.2,59.5,92.4,402.5,306,380.6,282,238.2,156.8,172.4,203.2,176.6,114.6,239.9,27.2,67.3,55.2,142.2,330.2,360,293.8,175.4,167.1,171,216.8,128.8,142,237.4
20261004,05,apgujeong,2688.5,11,23.2,39.6,140.4,174.6,170.8,126.8,86.5,105.3,81,129.4,49.6,86.6,108.2,5.5,11,75,93.7,143.9,141.8,90.7,98.9,102.3,98.2,101.5,76.8,119.9,170.9
20261004,05,euljiro,1096.1,0,10.6,0,19.9,78.9,65.1,95.1,68.8,40.4,42.2,26.7,27.5,51.3,32.2,0,4.2,15,25.9,71.3,84.8,71.5,89.3,43.6,41.2,35.2,24.4,5.6,18.7
20261004,05,gangnam,4872.6,0,22,92.3,162.8,420.7,483.6,307.8,330.2,248.5,219.5,140.1,104.2,82.6,89.7,11,27.2,88.6,229,410.9,353.7,269.8,210.8,135.1,132.2,77.3,47.4,62.6,77.5
20261004,05,garosu,2448.1,5.5,43.9,64.6,69.2,126.5,111,79,125,117.4,87,91.9,58.3,29.5,123.9,16.5,43.5,82.7,120.8,142.7,119.8,88.1,91.4,118.5,89.4,88.2,78,56.7,176.3
20261004,05,haebangchon,6294.4,27.5,83.6,98.2,110.2,239.9,407,316.8,187.3,232.2,303.2,219.5,184.2,230.9,425.7,11,82.4,71.6,176.3,319.2,309.7,231.2,191.5,252.6,181.6,228.7,240.4,290.6,624.7
20261004,05,hannam,441.4,0,0,0,8.8,40,63.5,17.6,26.9,16.5,19,25.7,0,0,6.1,0,0,0,25.3,26.2,46.6,23.2,5.7,4,4.6,18.2,8.1,6.5,39.5
20261004,05,hongdae,3510.6,0,9.9,122.2,245.7,291.8,193.3,164.8,147.1,117.2,118.8,98.4,82.2,80.7,131.5,5.5,20.7,119.3,221.6,227.1,198.8,119.8,122.6,124.6,93.4,99.5,44.7,105.7,197
20261004,05,ikseon,809.1,0,7.4,9.9,12.9,35.9,113.4,84.6,18.3,37.8,35.8,23.6,33.4,29.2,53.7,0,5.5,7.4,10.3,32.5,28.5,26.9,37.9,16.6,25.2,38,35.2,12.4,37.1
20261004,05,itaewon,10979.5,22,10.2,170.8,750.2,1756.1,1465,766.7,358.3,222.7,208.6,119.7,161.7,110.6,279.1,16.5,28.7,108.8,725.5,1342.3,756.7,320.1,206.3,162.5,113.6,163.7,163.8,169.6,295.9
20261004,05,kondae,6111.6,11,10.3,90.6,497.6,774.6,563.3,217.5,166,124.1,156.4,150.8,74.9,99.7,277,5.5,5.5,140.6,498.6,650.9,425.3,164,147.9,103.2,143.9,118.1,116,123.5,254.9
20261004,05,mangwon,7223.9,16.5,60.1,58.7,154.2,349.2,474.4,329.8,291,218.9,204.8,272.5,231.8,228.4,407.1,5.5,50.6,60,179.5,511.7,522.2,332.6,289.7,308.8,289,270.4,237.7,287.3,575.6
20261004,05,mullae,2215.3,0,60.4,26,34.9,55.3,87.7,82.3,102.7,117.1,108.8,58,107,89.8,189,5.5,39.7,54.8,34.1,40.9,57.2,87.1,79.5,94.5,95.1,83.7,88.1,101.9,213.9
20261004,05,myeongdong,1682.4,5.5,0,9.1,16.3,60,140.3,130.6,154.8,162.2,127.4,143.8,97.3,60.3,53.6,0,15.6,0,15,40.1,88.7,44.6,45.4,32.3,51.3,25.5,21.3,35.7,53.9
20261004,05,pocha,3256.3,0,18.3,42.6,135.1,349.7,267.2,208.2,182.8,184.3,165.4,134.7,128.1,95.2,252.8,12.2,25.5,9.7,141.1,200.1,139.6,77.9,105.9,101.8,77.1,46.5,45.8,29.8,76.9
20261004,05,samcheong,1034.9,0,0,28.1,10,22.3,46,23.4,30,28.2,46.4,35.4,34,37.6,93,0,10.9,7.3,14.1,18.9,46.9,27.3,34.7,28.5,34.4,60.3,39.6,58.7,127.3
20261004,05,seochon,978.1,5.5,5.5,8,17.1,67.9,73.4,42.7,48.2,35.5,36.8,43.1,55.3,46.6,62,0,11,7.9,12.7,28.1,16.2,45.2,30,28.7,30.2,44.6,54.5,20.5,78.7
20261004,05,seongsu,1851.6,11,19.9,4.4,57.1,114.6,156.5,134.6,67.4,48.6,96,106.5,72,88.7,87.2,0,12.7,21.6,52,110.1,92.6,52.1,27.5,39.5,81.6,59.4,46.5,80.1,69.6
20261004,05,sharosu,5030.7,5.5,26.3,33.3,172.9,604.7,540.5,236.2,122.8,134.2,135.8,142.3,105,85.6,210.4,5.5,26.4,43.9,287,651.7,357.6,188.7,97.8,91.6,122.3,113.8,79.2,116.9,283.3
20261004,05,sindang,4940.1,11,43.2,64.1,68.9,190.7,266.6,184.6,223.2,185.4,137.8,278.8,236.4,184.5,374.1,5.5,32.3,46.7,131.7,255.5,217.1,149,85.8,159.8,149.2,209.3,203.2,264.4,574
20261004,05,songridan,2643.2,0,34.5,23.5,68.4,156.6,183.1,150.5,106.8,75.3,95.6,61.7,112.8,53.3,132.9,0,28.7,60.6,52.6,120.1,205.6,150.1,112.6,80.6,117.2,81,110.1,84.2,184.9
20261004,05,yeonnam,5477.4,16.5,46.4,94.5,112.4,350.2,331.1,207.3,194,164.6,192.1,173.6,132.5,145,341.7,5.5,38.4,103,264.3,378.4,311,248.8,144.1,216.6,239,228.4,169.1,156.6,459.1
20261004,05,yongridan,4979.8,27.5,60,73.3,368.7,266.9,330.5,256,216.3,146.7,160.8,201.7,165.5,112.2,248.9,27.5,62.4,59.6,112.2,272.8,328.6,267.4,160.6,153,164,223.7,121,146.8,245.2
20261004,06,apgujeong,2530.5,11,23.2,35.7,96.7,177.7,163.2,84.8,77,98.3,78.9,129.4,54.6,83.4,110.1,5.5,11,75,69,126.4,139.5,83.6,101.5,102.3,97.8,101.5,86.6,115.6,172.1
20261004,06,euljiro,1073.5,0,10.6,0,18.6,54.4,60.3,102.9,67.6,44.1,44.6,34,29.2,49.6,34.4,0,4.2,15,25.4,63.6,76.7,63.9,89.3,43.3,44,35.5,17.3,14.8,21.4
20261004,06,gangnam,4709.1,0,22,79.5,146.4,368.2,435.8,299,304.8,247.1,203.9,136.9,124.7,111.1,105.6,11,27.2,79.1,211.3,393.6,352.3,249.6,213,136.1,131.7,76.5,49.6,61.4,102.9
20261004,06,garosu,2478.4,5.5,43.9,68.6,83.5,128.5,112,72.3,123.7,130.2,90,104.4,63.3,23.8,130.2,16.5,49,82.6,102.6,138.1,113.5,96.7,92.6,121.7,93,77,80.7,53.2,178.6
20261004,06,haebangchon,6283.3,27.5,83.6,102.4,113.3,243.5,397.8,327.1,190.6,219.2,314.1,211.6,184.2,230.8,422.1,11,82.4,67.5,170.6,317.8,316.1,228,193.9,243.4,178.1,228.8,234.2,294,628.8
20261004,06,hannam,403.8,0,0,0,0,38.5,49.9,14.1,22.8,16.5,22.3,33.6,14.2,8.7,6.1,0,0,0,0,26.5,40.1,16.9,8.6,4,4.4,18.2,8.1,6.5,39.5
20261004,06,hongdae,3367.3,0,9.9,85.7,222.3,244.7,180.7,149,141.1,112,124.5,95.2,80.9,81.4,135.5,5.5,20.7,121.6,188.3,219,192.8,134,130,130.3,94.7,96.8,50.4,111.5,198.1
20261004,06,ikseon,742.1,0,7.4,9.9,7.6,33.6,85.3,53.8,16.2,37.8,35.8,27.6,37.2,29.2,54.8,0,0,7.4,10.3,30,24.9,26.9,37.9,20.8,25.2,40.8,35.2,11.1,35.6
20261004,06,itaewon,8434.8,22,10.2,122.6,538.8,1146.5,1104.4,575.8,311.6,190.5,188.2,117.1,157.9,114.1,280.1,16.5,28.7,87.7,473.5,894.1,540.5,256.7,192.8,164.6,104.5,162,160.9,176.5,292.3
20261004,06,kondae,5859.4,11,10.3,67.6,415.5,725.8,542.2,209.2,157.5,114.8,153.2,150.8,92.5,110.6,279,5.5,11,109,447.7,640.6,408.1,164,142.7,113.3,144.9,122,114.4,128.6,267.8
20261004,06,mangwon,7188.8,16.5,60.1,53.4,154.2,352.4,480.4,341.5,291,221.4,213.6,275.6,227.4,219.2,409.6,5.5,50.6,60,174.3,514.9,509.3,329.3,299.7,301.6,285.4,270.6,233.8,270.6,561.1
20261004,06,mullae,2193.3,0,65.9,26,34.9,45.9,76.1,82.6,95.5,110,108,58,124.8,95,189.7,5.5,39.7,50,34.1,33.6,54.5,87.1,79.5,86.1,94.8,99.5,77.2,105.7,213.5
20261004,06,myeongdong,1906.1,5.5,0,13.9,58.2,62.5,129.9,113,167.1,174.9,144.9,156.8,104,84.7,71.1,0,15.6,0,39.9,40,104,44.6,49.1,40.2,45.2,43.9,24,56.6,76.8
20261004,06,pocha,2947.1,0,18.3,38.1,102.4,271.6,206.1,164.7,179.1,142.7,168.8,133.7,126,111.1,257.3,12.2,25.5,13.5,116.3,169.7,132.6,75.3,108.5,94.6,81.9,49.8,47.3,29.8,67
20261004,06,samcheong,1033.3,0,0,28.1,10.5,23.9,46.9,22.9,30.8,28.5,41.3,36.6,35,40.2,85.6,0,10.9,7.3,18.3,19.3,47.1,27.1,37,31.3,34.8,57.6,39.9,58.5,127.4
20261004,06,seochon,1089.8,5.5,5.5,8,21.4,71,74.4,54.9,48.2,37.6,36.8,45.6,61.6,54.7,59.5,0,11,7.9,25.1,28.1,19,45.9,32.7,34.1,37.7,59.1,59.8,43.1,87.4
20261004,06,seongsu,1936.8,12.2,25.4,4.4,51.7,114.2,154.7,135.7,84.8,59.3,100.8,124,60.3,98.9,96.2,0,12.7,25.9,52,111.2,94.7,60.1,27.7,43.3,83.6,71.9,46.5,77.8,74.8
20261004,06,sharosu,5016.8,5.5,26.3,33.3,172.4,603.9,550.3,228.2,116.7,134.2,129.3,143.8,122,86.3,197.7,5.5,20.9,43.9,280.1,652.8,356.3,184.6,98.9,98.9,127,117.1,79.2,121.4,270.7
20261004,06,sindang,4830.4,11,43.2,64.1,67.2,188.4,254.1,183.2,207.4,183.6,136.9,257.5,228.8,182.1,365.4,5.5,32.3,51.8,125,263.7,217.1,152.9,89.7,149.7,140.4,204.3,189.3,258.8,568
20261004,06,songridan,2624.9,0,34.5,23.5,68.4,160,180,144.3,105.1,80.3,94.4,61.7,116.3,42.8,141.6,0,28.7,60.6,56,119.4,202.1,150.1,112.6,79.4,117.2,81,103.7,76.5,184.9
20261004,06,yeonnam,5412.8,11,46.4,94.5,126.8,353.6,327.4,208.6,195.6,163.5,195.9,164,133.2,140.6,324.7,5.5,38.4,101.7,258.6,367,299.5,249.5,153.4,200.5,246.8,227.7,165.3,154.4,445.8
20261004,06,yongridan,5111,27.5,60,77,370.9,269.5,327,256.8,211,145,175.8,242.7,176.1,128.2,248.7,27.5,58.3,57.7,116.2,273.3,336,267.3,154.1,157.7,182.3,223.4,128,147.3,265.9
20261004,07,apgujeong,2399.1,11,23.2,30.2,66.7,137.9,141,72.3,64.7,102.9,89.5,140.5,66,82.9,115.8,5.5,11,80.1,50,115.3,125.3,87.8,100,98.1,91.9,100.8,82.9,110.5,169.7
20261004,07,euljiro,1122.6,0,10.6,5.5,14.9,50.5,60.3,109.6,67.6,51.3,58.7,45.7,43.7,42.6,34.3,0,4.2,9.9,20.5,65.4,76.7,69.7,89.3,43.3,44.5,35.6,16.7,19.7,29.4
20261004,07,gangnam,4712.1,0,16.5,71.6,122.9,360.4,434.7,311.2,313.3,262.1,219.5,133,155.9,112.4,122.4,11,27.2,65.5,206,386.3,334.7,254.2,210.1,136.3,138.7,81.4,59.8,53.2,82.6
20261004,07,garosu,2463.6,5.5,43.9,64.8,93.3,130.6,125.3,73.2,128,125.9,90,103.5,67.1,31.1,134.3,11,49,63.9,94.9,147.3,109.5,93.4,92.6,107.8,82.5,78.6,83.3,53.2,180.2
20261004,07,haebangchon,6279.9,27.5,83.6,102.5,126.3,241.3,402.2,326.6,186.9,221.3,315.1,217.2,173.4,213.7,425.2,11,82.4,67.5,159.8,331,309.1,221.6,186.3,257.6,183,232.4,230.5,296.5,627.5
20261004,07,hannam,392.4,0,0,0,0,33.1,48.8,14.1,19.7,15.3,19,25.7,7.9,12.6,8.4,0,0,0,6.6,27,36.1,16.9,8.6,8.7,8.2,21.6,8.1,6.5,39.5
20261004,07,hongdae,3391.7,0,9.9,65.7,175.5,237.4,188.5,149.4,133.4,112,148.6,105,104.9,88.2,135.4,5.5,37,128.2,162,203,209,137.5,136,117.8,118.5,108.2,61.3,97,204.8
20261004,07,ikseon,754.5,0,7.4,9.9,0,20.7,68.1,66.8,16.2,39.2,30.2,40.1,51.6,29.6,50.8,0,0,7.4,10.3,32.1,33.6,24.2,37.9,17.7,29.2,47.1,32.5,14.3,35.6
20261004,07,itaewon,6214.3,22,10.2,94.1,319,679.3,738,427.2,265.4,160.5,175.3,110.1,158.3,116.1,277.9,16.5,28.7,46.2,278.4,515.8,353,217.5,163.9,146.8,98.8,156.5,156.4,179.8,290
20261004,07,kondae,5498.1,11,10.3,61.1,324.6,675.4,527.3,196.3,151.1,126.7,152.6,140.3,87.9,107,268.4,5.5,11,101.1,391.2,608,388.5,161.1,137.9,107.4,144.9,121.7,110.1,118,251.8
20261004,07,mangwon,7101.4,16.5,60.1,53.4,154.2,346.4,468.1,338.9,289.1,217.7,215.6,267.7,227.4,214.8,390.4,5.5,45.1,55,185.6,493.7,524,324.6,302.6,306.5,278.2,270.6,230,266.4,547.5
20261004,07,mullae,2190.8,0,65.9,27.5,34.9,36.7,74.1,78.2,100.3,117.6,118.5,60.2,116.6,102.5,183.9,0,39.7,44.6,29.8,24.3,53.7,87.1,83.2,85.9,110.9,105.9,74,97.6,213.5
20261004,07,myeongdong,2278.6,5.5,0,13.9,56.2,85.1,157.2,136.9,188.4,161.2,174.8,182.2,136.7,92.5,97.5,0,15.6,7.6,58,52.6,117.5,44.6,53.3,44.8,60.3,61.6,55.4,93.5,103.7
20261004,07,pocha,2732.5,0,18.3,33.4,76.3,212.8,180.5,146.8,158.8,144.2,142.6,120.1,125.7,113.3,242,12.2,25.5,13.5,104.6,153.3,131.3,75.3,109.6,96.9,84.3,46.9,48.8,31.1,79.5
20261004,07,samcheong,1099,0,0,24.3,10.7,25.8,62.8,27.4,34.9,30.1,50.6,39,37.4,41,81.3,0,10.9,0,19.3,25.8,51.3,31.3,36.7,47,29.5,61.5,41.9,60.2,127.7
20261004,07,seochon,1234.8,5.5,5.5,8,24.3,74.3,69.8,68,48.2,37.1,52.7,56.3,76.9,53.5,60.9,0,11,7.9,34.5,31.6,24.5,50.3,33.9,34.1,46.3,66,64.4,58,108.5
20261004,07,seongsu,2057.3,17.7,25.4,8.9,57.7,113.3,155.3,143.8,96.9,70.4,102.6,147.5,77.3,109.2,101.2,0,12.7,28.4,59.3,115.8,112.5,64.4,27.7,53.1,69.7,62,37.5,74.2,86.7
20261004,07,sharosu,4928.5,5.5,26.3,33.8,180.2,580.6,526.1,233.6,116.7,132.5,133.7,140.7,116.2,86.7,199.3,5.5,20.9,42.6,274.1,649.5,358.2,174.1,95.1,102.4,122.3,113.6,79.2,106.1,262.9
20261004,07,sindang,4851.1,11,43.2,69.5,67.5,170.8,267.2,189.1,212.2,187.2,162,257.8,225.1,184.3,370.4,5.5,32.3,42.8,118.4,242.2,215.7,144.7,91.9,147.2,140.7,205.6,205.1,256.1,569.1
20261004,07,songridan,2623.4,0,29.5,23.5,69.4,160,180,145.3,104.9,83.4,87,58.6,109.3,39.1,138.8,0,28.7,60.6,61.3,117.6,208.5,153.4,105.1,79.4,117.2,87.2,100.6,79.1,196
20261004,07,yeonnam,5392.5,11,46.4,94.5,124,336.5,324.9,208.6,193.8,148.7,188.7,186.5,130.1,145.9,328.3,5.5,32.9,101.7,251.5,387.4,310.4,256.9,149.9,209.9,242.8,221.6,155.2,144.8,441.1
20261004,07,yongridan,5544.9,27.5,76.2,98.3,373.5,293.5,336.6,280.3,230.4,175.3,212,244.1,181.9,144.1,246,27.5,58.3,68.2,134.1,310.1,360.2,285.6,168.2,186.7,201.9,224.4,157.3,176.3,266.5
20261004,08,apgujeong,2266.1,11.1,24.6,24.4,47.2,129.4,126.4,72.3,60.8,104.9,86.2,134.4,69.7,85.7,104.5,5.5,11.1,70.5,39.8,107.4,111.9,86.4,97,89.8,95.1,95.4,75.8,106,169.3
20261004,08,euljiro,1139.2,0,10.7,5.5,16.2,57.6,68.7,101.6,66.5,56.9,56.9,47,38,28.5,39.3,0,4.2,9.9,26.2,60.4,84.7,73,90.2,36.9,44.8,43.6,20.1,22.7,24.1
20261004,08,gangnam,5037.2,0,16.6,91.6,122,362,433,334,311,288.1,238.2,152.2,167,120.6,117.1,11.1,27.4,66.7,244.4,444.5,361.7,253.8,231.9,141.8,149.8,105.1,70.5,59.2,86.4
20261004,08,garosu,2566.5,5.5,38.8,56.7,98.2,131.1,132.3,78.3,126.6,139.4,87.2,99.7,74.9,39.8,139,11.1,43.9,79,95.7,163.5,131.8,99.8,93.4,102.7,88.2,87.8,83.9,53.7,184.8
20261004,08,haebangchon,6376,27.7,85.5,102.4,127.3,268.5,408.8,330.1,191,221.9,313.8,229.2,175.8,216.1,423.1,11.1,83,57.6,155.8,314.1,325.8,222.2,184.5,272.6,184.6,244,251.5,275.2,650.4
20261004,08,hannam,419,0,0,0,0,20.7,46.1,14.2,22.8,17.4,19.2,23.1,16.2,8.7,13.8,0,0,0,15.2,27.6,36.4,18.2,15,12.8,8.3,21.8,11.4,6.6,39.9
20261004,08,hongdae,3854.5,0,9.9,117.5,199.4,249.4,173.5,162.5,161.7,117,170.5,121.7,101.1,101.1,133.5,5.5,41.8,165.7,204.2,268.1,235.9,132.4,162.6,165.2,129.3,129.3,63,97.4,221.8
20261004,08,ikseon,778.1,0,7.5,10,6.4,37.8,69.9,67.8,16.3,36.7,42.1,40.4,41.8,23.5,54.1,0,0,7.4,8.8,38.9,37,24.4,31.3,17.8,34.5,44.6,29.9,14.6,34.7
20261004,08,itaewon,5283.5,22.2,10.3,77.6,198.9,397.6,522.9,372.8,226.4,147.7,168.1,125.1,183.7,131,270.3,16.6,28.9,36.3,212,378,301.6,203.6,173.1,131.2,91.9,158.4,169.1,198.5,319.7
20261004,08,kondae,5438,11.1,10.4,52.7,290.1,661.5,541.5,192,141.2,133.7,156.1,151.1,89.3,99,258.2,5.5,11.1,93.3,400.1,574.3,397.1,159.2,133.8,124.9,143.4,126.3,102.8,125,253.4
20261004,08,mangwon,6932.9,16.6,60.6,53.8,165.5,349.8,464.3,331.3,281.2,208.8,195.2,237.5,227.3,203.5,351.2,5.5,45.5,50.5,178.7,487.8,519.9,320.2,316.3,295.7,277.9,260.7,225.1,243.2,550.2
20261004,08,mullae,2320.9,0,66.4,27.7,35.2,57,84,77.6,112.8,112.1,134.4,78.4,125.5,123.5,172.3,5.5,40,44.9,35.3,32.3,58.3,84.6,83.9,103.3,120.4,106.4,70.5,102.2,210.2
20261004,08,myeongdong,3237.3,11.1,9.1,16.6,76.8,135.7,181.8,158.7,204.4,212.2,228.4,231.9,172.5,142.8,175.8,0,15.7,41.9,109.4,94,170.6,60.2,92.6,74.8,78.8,98.4,101.1,141.3,181.1
20261004,08,pocha,2911.2,0,18.5,38.2,66.2,203.6,194.4,158.1,157.1,132.6,167.1,121.5,147,128.9,277.1,12.3,25.7,13.6,100,145.4,133.6,69.4,113.7,101.8,90.6,69.7,53.3,46.8,120.2
20261004,08,samcheong,1193.4,0,0,24.6,16.3,28.3,54.8,48.2,44,43.8,57.8,42.1,46.8,43.8,88.3,0,11,7,21.7,23.8,51.2,33,41.7,50.5,29.6,65.3,47.6,61.1,125.4
20261004,08,seochon,1466.7,5.5,5.5,8.1,29.7,79.6,97.2,92.5,67.1,61.9,51.9,63.6,70.8,61.3,57.7,0,11.1,23.5,49.1,56.1,52.4,61.1,67.8,35.2,54,71.5,60.8,43.3,108.7
20261004,08,seongsu,2292.7,17.8,25.6,8.9,72.3,151.9,193.2,168.7,94.6,91.4,124.9,169.4,92.4,96.1,88.8,0,18.3,33.4,82,135.9,124.1,68.3,27.9,59.5,70,59.2,34.2,77.5,77.1
20261004,08,sharosu,4910.5,5.5,26.5,34,179.6,605.3,524.7,221.9,111.6,131.6,127,141.9,127,84.4,199.8,5.5,21.1,40.1,256.4,651.8,350.4,171.8,95.9,99.6,124.9,117.8,77.5,100.1,273.3
20261004,08,sindang,4777.8,11.1,49.1,63.9,71.1,175.2,254.3,191.4,214,189.5,149.9,243.6,219.5,192.2,367.1,5.5,35.5,50.1,123.9,243.4,200.7,135.8,82.5,125.9,137.8,209.4,203,253.2,567.5
20261004,08,songridan,2630.7,0,29.8,26,64.7,158.7,190.8,146.5,98.4,90.5,80.2,70.8,97.2,39,139.9,0,34.4,61.1,61.8,120.1,201,151,113.4,76,110.8,88.7,98.2,75.9,205.9
20261004,08,yeonnam,5463.5,11.1,46.8,82.1,132.5,331.3,320.9,230.1,196.6,161.5,196.3,194.4,135.7,153.7,339.9,5.5,27.7,98.5,238.6,403,319.7,259,163.6,201.4,239.4,219,149.2,144.4,448.4
20261004,08,yongridan,6280.4,33.2,108.3,125.3,390.4,332.1,367.6,327.2,251.5,206.9,262.1,292.1,218.1,150.4,252.5,27.7,73.7,75.4,160.5,358,397.6,308.6,188.7,209,229.3,265.7,192.7,186.5,289.5
20261004,09,apgujeong,2436.1,11.2,24.8,29.2,47.2,128.6,120.9,84.7,68.2,116.3,96,141.3,59.5,66.3,113.3,5.6,16,75.3,86.4,152.8,119,103.6,113.3,108.9,112.1,92,75.7,97.7,157.1
20261004,09,euljiro,1223,0,10.8,0,16.6,52.1,69.5,95.2,66.3,72,52.1,52.7,46.6,28.6,56.5,0,4.2,15.6,26.4,75.1,81.7,63,87.1,39.5,59.5,49.1,36.1,19.3,42.5
20261004,09,gangnam,5867.9,0,26.9,123.9,167.6,418.3,471.9,370.5,321.6,297.8,265.5,166.4,164,125.7,120,5.6,27.6,124.5,362.8,594.3,425.7,289.8,261.6,193.5,143.5,100.8,98.2,71.1,116.6
20261004,09,garosu,2760.1,0,33.5,71.4,99.1,137.9,177,100.6,137.2,138.5,79.6,110.1,70.6,37.3,143.9,16.7,27.6,90.1,105.3,181.4,148.4,112.1,110.6,113.4,87.2,106.6,85,62,177.1
20261004,09,haebangchon,6453.5,27.9,102.9,110.2,105.5,282.2,422,326.1,187.6,224.6,319.9,249.5,151.5,222,421.3,11.2,89.3,62.2,154.6,313.9,325.3,248.1,178.1,287.5,194.4,222.8,243.3,286.7,663.8
20261004,09,hannam,511.1,0,0,0,5.4,25.5,46.3,19.2,33.2,22.6,28.1,43.3,16.4,8.8,8.6,0,0,0,23.9,33.2,45.8,27.6,19.1,17.3,10.9,21.1,4.7,6.6,40.2
20261004,09,hongdae,5185.1,0,26.8,182.5,247,304.7,259.4,194.4,173.2,190,243.8,155.7,129.6,119.3,175.6,11.2,58.4,180,366.2,429.4,313.7,201.8,187.5,243.4,218.4,145.6,78.1,102.1,234.4
20261004,09,ikseon,895.5,0,13.2,10,11.3,41.6,85.2,70.6,20,46.9,35.7,41.2,43.5,28.1,79.5,0,0,12.7,17.9,42.2,46.2,24.6,31.5,18,41.3,52.9,29.5,18.4,33.5
20261004,09,itaewon,4975.3,22.3,10,77.4,116.7,305.5,449.6,368.5,222,148.3,173.4,145.3,176.5,115.8,266.6,22.3,23.6,31.9,172,310.2,286.3,204.8,187.8,144.2,109.6,165.9,178.8,193.7,337.1
20261004,09,kondae,5504.7,11.2,10.4,57.2,289,649.8,536.8,188.7,144.4,145.3,167.6,159.4,97.6,105.1,235.6,5.6,11.2,93.9,422.5,582.8,398.1,161.5,140.1,118.6,157.8,126.4,104.2,119.5,264.7
20261004,09,mangwon,6602.8,16.7,55.5,54.2,157.6,342.7,466.2,318.7,274.3,203.8,188,207.7,197.5,205.1,322.5,5.6,45.9,49.7,165.6,467,491.6,315,286.5,278.3,255.6,237.4,226.1,228.8,530
20261004,09,mullae,2479.5,0,67,22.3,35.9,64.2,90.9,105.5,109.7,105.4,122.1,69.2,147.2,121.3,210.7,0,40.3,43.8,34.3,39.2,67.1,89.6,76.3,111.2,137.9,119.3,83.1,135.5,219.3
20261004,09,myeongdong,4403.2,11.2,10.2,33.7,99.8,185,230.5,193.4,230.9,225.8,268.7,264.6,196.3,186.3,225.9,0,33.8,71.9,165.4,242.2,257.2,114,147.1,147.8,148.7,164.4,144.3,191,208.3
20261004,09,pocha,3273.9,0,18.6,25.6,76.6,237.7,202.7,173.6,162.7,140.1,153,127.5,194.6,167.7,334.9,12.4,31,21,115.9,152.4,147.6,72,112.2,97.4,97.5,88.4,64.7,82.8,163.4
20261004,09,samcheong,1005.6,0,0,27.4,9.7,33.6,39.6,33.5,33.2,38.7,47,43.9,41,27.3,64.8,0,16.7,17.1,17.8,19,49.5,32.6,32.4,44.1,23.3,76.8,44.3,48.6,101.4
20261004,09,seochon,1965.8,5.6,5.6,8.1,45.8,97.2,153.8,114.1,86.3,77.1,74.9,67.7,73,64.7,93.8,5.6,23.5,28.1,106.5,85.5,72.5,93.3,66.2,47.5,67.8,114.3,85.2,61,128.5
20261004,09,seongsu,3089.1,16.7,42.2,13.5,111.1,255.6,268.2,195.2,134.4,108.5,148.7,183,102.6,88.9,98.2,11.2,49.9,100.2,151.7,235.8,169.8,104.5,81.8,70.7,72.5,73.4,37.9,74,73.3
20261004,09,sharosu,4803.1,5.6,26.7,27.6,180.5,599,516.3,233.1,115.6,108.9,120.3,138.9,113.6,84.7,201.9,5.6,15.9,37.8,255.6,653.4,332.8,171.1,89.2,82.2,119.2,124.5,79.1,97.4,263.2
20261004,09,sindang,4841.2,11.2,49.5,39,76.1,184.2,254,206.5,218.7,186.5,161.1,276.6,252.4,201.4,336.1,5.6,48,58.9,133.4,232.8,192.9,153.1,88.3,131.2,146.6,183.9,198.1,263.1,539.7
20261004,09,songridan,2675.9,0,35,26.2,67.5,161,204.7,148.3,103.2,87.7,88.1,71.3,98,42.6,137.5,0,34.7,60.6,72.1,112.9,202.6,153.4,114.3,80.7,116.6,86.9,99.1,68.1,202.9
20261004,09,yeonnam,5498.2,22.3,45.9,72.8,146.3,326.1,346.6,207.1,212.4,163.6,193.9,202.3,151.9,151.6,341.3,5.6,27.9,92.9,270.2,414.2,319.8,262.8,157.8,210.9,209.6,201.2,134.3,135.5,456.9
20261004,09,yongridan,7326.8,33.5,147.3,129.2,385.1,380.5,415,384.2,310.8,255.2,341.5,298.8,252.8,153,299.8,44.6,106.8,114.4,187,447.5,481.7,374.9,220.5,253.7,280.3,275.6,204.5,212.6,332.8
20261004,10,apgujeong,2955.5,11.3,29.6,37.6,52.5,171.8,185.9,103.5,91.3,113,105.8,147.7,60.8,60.6,124.2,5.7,16.4,101.5,164.6,276.3,166.7,116.5,116.5,115.3,111.3,78.6,63.4,125.8,173.1
20261004,10,euljiro,1349.9,0,17.9,0,22.6,67.5,70,102.1,61.2,75.4,62.7,64.6,36.2,26.5,49.4,0,4.3,11.3,37.5,98.9,108.5,75.5,87.4,36.2,69.1,49.3,29.6,24.2,50.7
20261004,10,gangnam,7367.3,0,38.7,171.3,247.7,546.9,650.1,432.7,395.9,329.8,288.9,205.5,167.8,115,149.1,5.7,33.2,242.9,496.4,753.4,504.2,355.3,333.1,238.3,173.7,133.1,123,92.9,135.3
20261004,10,garosu,3389.7,5.7,45.4,89.1,124.6,200.1,214.9,115.6,170.3,176.7,95,134.1,73.2,40.1,158.2,17,28.2,118.7,173.5,242.3,194.6,138.2,143.4,141.1,101.8,102.1,89.8,70.7,185.4
20261004,10,haebangchon,6298.5,28.4,93.2,100.8,90.9,265,409.9,318.9,184.6,221.6,298.2,231.2,148.9,234.6,410,11.3,85.1,53.7,159.6,319.3,336.2,266.2,173.3,273.7,179.9,212.5,239.1,273.5,677.8
20261004,10,hannam,701.9,0,0,5.4,16.7,80.4,68.3,22.5,41.1,23.5,23,31.6,21.6,8.9,8.7,0,0,0,55.9,56.4,65.8,32.1,28,14.7,12,18,4.7,11.4,36.4
20261004,10,hongdae,7286.3,5.7,44.9,274.1,336.9,436.9,397.4,233.5,248.6,236.9,318.7,217.5,134.8,152.3,195.3,28.4,112.3,328.6,584.6,695.2,488.6,284.2,239.8,361.3,273.8,178.9,92.1,131.5,251.3
20261004,10,ikseon,1189.1,0,9.7,12.2,20.3,61.7,97.3,80.1,34,58.2,55.1,44.9,48,45.7,88.6,0,5.6,7.3,25.7,74.3,74.4,31.5,50.7,36.9,55.1,53.3,41.1,46.4,31
20261004,10,itaewon,5055.1,22.7,15.8,71.7,95.9,310.8,448.7,364,212.7,166.5,191.3,178,180.4,114.4,279.1,22.7,29.6,31.4,159,258.4,286,206.8,186.6,156.7,106,199.8,190.6,188.8,364.1
20261004,10,kondae,5621.3,11.3,10.6,64.9,290.5,686.3,521.2,201.2,153.8,171.1,197.9,162.9,93,109.4,249,11.3,22.6,109.5,422.9,569.4,380,141.2,117.7,146.5,149.5,119.6,101.5,140.9,265.3
20261004,10,mangwon,6559.8,11.3,50.7,72.9,148.4,346.2,460.2,315.1,263.1,208.8,208.6,194.1,213.9,190.3,347.4,5.7,35.3,51.8,152.1,479.6,507.7,317.6,297.9,256.9,221.2,230.8,217.1,205.7,536.2
20261004,10,mullae,2777.3,0,56.7,17,42.1,86.9,112.9,130.4,126.3,117.3,123.9,74.2,156.8,132.1,197.6,5.7,41,58.3,37.5,59.7,100.4,100.8,74.6,136.3,152.4,134.8,100.8,146.3,239.7
20261004,10,myeongdong,6286.1,5.7,26.9,68,168.4,289.8,334.8,287.6,279.3,302.6,287.5,302.4,251.9,233.7,332.7,11.3,80.2,108.4,302.7,378.5,435.8,222.1,248.6,220.1,184.1,233.5,219.3,211.8,255.1
20261004,10,pocha,4127.9,0,17.6,30.2,86.1,260.9,248.7,170.2,168.9,180,173.9,156.7,210.8,192.7,505.5,12.6,53.9,16.4,160.5,173.8,167.4,94.3,151.4,113.5,145.9,99.4,104.8,147.2,281
20261004,10,samcheong,1460.4,5.7,0,23.8,8.6,44.1,55.7,53.6,68,67.3,57,49.2,53.5,45.1,97.8,5.7,25.5,15.4,36.4,32.6,76.6,51,57.8,80.5,54.2,100.6,53.9,56.7,126.8
20261004,10,seochon,2902,5.7,0,15.9,78.2,168.5,205.3,159.6,122.4,105.1,95.2,114,91.1,113.1,115.4,6.9,64.5,48.6,140.2,145.2,147.2,157.6,125,115.2,90.1,154.5,93.8,101,110.2
20261004,10,seongsu,4932.2,22.7,81.4,63.6,189.4,375.3,371,256.6,216.5,158.3,179.3,188.1,121.8,109.9,113.9,17,215.4,231.3,330.2,464.8,292.1,171.9,178.2,132.5,110.4,95.8,50.7,71.4,105.8
20261004,10,sharosu,4739.3,5.7,32.5,42.2,194.6,580.4,505.2,237.6,123.2,112.2,112.3,150.3,111.2,95.9,201.4,5.7,16.2,34.6,231.8,637.9,335.1,149.4,97.5,79.8,115.3,112.1,63.4,102.5,249.7
20261004,10,sindang,5035.8,11.3,50.3,35,73.1,201.5,278.7,223,211.7,198.7,165.3,281.7,241.2,191.4,347.4,5.7,45.7,66.3,139.3,262.9,190.5,130.6,96.5,155.8,159.5,177.8,226.3,309.2,551.7
20261004,10,songridan,2821.5,0,35.6,37.8,88.4,191.5,217.1,144.6,107.8,103,84.8,82,117.7,43.4,132.5,0,29.6,65.7,74,146.3,209.6,164.3,120.6,77.4,118.8,71.5,100.1,56.5,200.9
20261004,10,yeonnam,5897.3,22.7,46.6,76.5,183.2,348.2,387.7,247.7,226.4,174.9,216.7,218.9,170.4,156.2,356,0,39.7,110.3,300.1,443.4,345.4,284.8,179.1,227,211.7,194.4,124.2,145.2,442.6
20261004,10,yongridan,8923.6,51,189.4,166.9,465.4,456.4,492.4,487.3,382.3,308.1,357.2,341,260.9,208.2,320.1,62.4,113.6,156.7,281.8,586.6,629.2,498.5,280.6,351,342.1,292,219.6,236,387.1
20261004,11,apgujeong,3510.2,11.4,23,44.1,78.3,225.8,246.3,96.8,116.7,128.8,126.5,138.3,91.4,52.6,134.3,5.7,10.8,84.6,222.4,338.3,215.9,134.4,137.9,147.7,132,111.9,80.6,148.4,204.6
20261004,11,euljiro,1581.9,0,7,15.8,36.3,71.7,114.1,102.8,69.5,67.1,61.9,55.1,35.1,31.7,60.6,5.7,15.8,40.9,45.3,132,135.5,84.6,90.9,49.4,63,50.6,35.9,30,68
20261004,11,gangnam,8578,5.7,62.8,234.2,299.7,664.3,740.4,472.8,404.6,369.8,300.6,218.4,177.2,115.2,167.6,11.4,50,297.5,609.4,866.8,654.6,417.6,364.5,285.3,229.9,153,128.6,89.1,170.4
20261004,11,garosu,3955,5.7,57.2,91.8,128.6,271,269.2,169.5,194.6,193.7,119.1,113.4,62.9,46.2,141.4,11.4,48.7,141.8,196.2,326.9,244.8,178.1,185,165.3,151,103.5,82,63.7,192.6
20261004,11,haebangchon,6900.3,28.6,103.9,114.4,112.7,299.5,403.8,373.4,211.3,231.4,310.7,235.8,155.2,233.4,421.7,17.2,79.3,52.9,197.8,407.6,395.8,299.9,207.4,298.3,182,207.8,258.7,285,751.1
20261004,11,hannam,1161.4,0,11.4,16.3,35.7,113.3,79.4,30.6,53,28.5,44.8,40.3,17.8,12.2,12.8,0,0,5.2,109.2,129.2,120.5,76,33.8,45.9,29.4,32.4,4.3,18.4,45
20261004,11,hongdae,9890.6,11.4,99.9,384.6,451.8,639.2,624,336.5,296.6,303.1,356.8,230.1,145,155,196.4,28.6,240.3,643.7,806.7,1095.8,679.9,366.6,299.1,427.8,351.3,223.6,124.2,145.6,223.3
20261004,11,ikseon,1457.8,0,16.8,12.6,40.8,97.1,88.9,87.8,44.6,72.9,71.1,52.8,46.4,44.5,88.1,0,5.7,26.5,35,91.5,112.3,45.4,59.6,35.5,81.3,65.1,47.3,46.7,41.7
20261004,11,itaewon,5510.4,17.2,31.5,84,118.7,330.1,451.9,384.6,229.3,184.4,204.2,186.6,196.1,122.4,275.3,28.6,29.9,67.4,165.3,298.9,302.6,234.9,228.1,167.9,125.9,209.3,202,210.8,409.6
20261004,11,kondae,5929.1,11.4,22.4,66.7,297,677.2,510.6,211.6,176.7,199.1,193.5,179.9,106.4,94.2,235.2,11.4,48.2,135.6,457.3,631,403.7,157.5,121.7,178.2,152.5,127.4,118.5,123.7,277.8
20261004,11,mangwon,6769.3,11.4,62.6,65.2,157.9,361.7,489.6,337.2,262.6,190.3,199.8,221.1,213.4,183.9,340.3,11.4,29.9,56.4,168.4,508.7,514.7,332.8,302.7,283.8,235.3,259.2,210,207.6,534.2
20261004,11,mullae,3403.2,5.7,62.9,37.2,57.4,126.3,154.9,140.1,161.6,139.6,133.4,87.1,147.3,167.4,199.3,5.7,47,98.4,80.1,141.2,183.3,148.5,113.9,167.1,143.7,140.2,101.5,139.8,260.9
20261004,11,myeongdong,8952.4,17.2,66.9,104.2,218.7,361.8,454.6,364.7,371.3,330.3,341.3,374.6,328.7,300.6,543.8,17.2,173.9,171.7,439.4,458.9,577.4,354,359.5,324.1,319.9,408.4,349.6,347.4,468.8
20261004,11,pocha,5491.2,5.7,21.9,25.6,102.2,277.7,308.6,197,196.5,232.7,224.7,210.7,245.3,254.4,639.6,18.4,64.4,46,205.5,298,251,161.1,199.1,175.9,199.7,181.5,162.2,159.9,422.2
20261004,11,samcheong,1980.8,5.7,9.4,23.5,15,68.8,81.2,83.2,91.9,80.2,73.5,46,79,49.6,113.5,0,15.6,15.5,61.7,44,105.6,95.2,108.4,117.5,104.5,118.4,75.9,102.7,142.9
20261004,11,seochon,4071.7,0,20.4,15.9,97.8,235.1,297,172,180.4,145.5,154.4,126.3,99.3,110.9,162,18.4,93.5,70.9,182.9,206.1,296,229.5,204.8,191.7,111.9,205,131,143.6,150.6
20261004,11,seongsu,7462.3,33.5,98.6,129,272.7,563.8,506.4,328.2,269,245.9,240,214.8,121.5,120.5,106.9,35.6,428.4,437.8,554.7,713.2,463.9,295.4,340.4,288.4,192.8,133.3,89.9,88.4,134.7
20261004,11,sharosu,4832.9,5.7,33,53.3,186.3,577.7,523.9,230.2,129.2,122.8,121.3,150.6,118.5,110.4,192.7,5.7,16.3,45.1,243.2,610.4,345,172.5,100.9,72.1,134.8,107.5,95.7,108.3,219.7
20261004,11,sindang,5377.6,5.7,53.8,40.8,83.5,217.2,280.9,237,224.9,196.7,173.6,322.7,268.9,216.8,408.2,5.7,51.9,61.9,131.8,303.3,202,136.2,104.7,154.2,160.9,205.4,216.4,293.1,610.2
20261004,11,songridan,3144,0,30.7,50.8,101.4,215.1,228.5,146.3,124,104.5,93.3,97.5,122.6,63.2,116.4,0,41.3,67.2,112.3,219.9,255.8,184.7,133.7,92.5,115.1,83.5,104.1,45.4,194
20261004,11,yeonnam,6147.1,11.4,40,68.8,213.4,366.1,435.7,256.4,246.1,158.7,215.3,221.4,146.4,169.7,353.6,0,62.9,142.2,323.6,463.5,360.1,298.3,208,235.7,237.4,199.2,124.2,152.9,427.3
20261004,11,yongridan,10729.6,57.2,202.6,138.8,549.8,569.7,601,531.9,516.3,335.2,427.5,360.2,301.6,216.2,309.4,62.9,142.7,187.4,461.3,782.7,879.7,629.5,413.2,435.9,410.4,359.5,231.2,262.9,353.1
20261004,12,apgujeong,4313.2,11.6,23.3,88.4,107.2,286.5,316.4,125,161.5,146.7,145.5,148.6,102.1,60.7,150.4,5.8,45.5,91.7,286.8,404.4,305.5,209.7,174,165.9,147.1,131.4,101.4,128.5,223.4
20261004,12,euljiro,2094.3,0,5.8,18.9,48.7,106.1,134.9,112.7,77.9,81.9,77.2,64.6,50.2,34.1,73.4,5.8,27,60.2,68.6,165.9,209.5,145.6,96.1,90.1,99,53.7,49.7,44.6,92.2
20261004,12,gangnam,10024.3,11.6,41.2,316.6,437.1,759.3,831.9,531.5,431.8,394.6,312.1,219.1,207.1,136.6,206.9,34.8,44.9,324.7,795.2,1014.1,776.9,488.3,411.7,384.8,296.6,186.2,154.4,103.1,164.1
20261004,12,garosu,4602.1,5.8,58.1,130.2,123.9,291.5,337.3,198.7,217.3,213.5,132.1,125.6,66.9,45.4,154.1,24.5,71.2,119.2,258,396.3,345.6,228.4,201.1,195.4,151.9,145.7,93.5,69.6,201.6
20261004,12,haebangchon,7506.6,34.8,94.2,101.3,166.1,338.2,484.7,353.8,237.6,256.6,320.9,243.9,140.3,235.2,423,23.2,86,83.4,269.6,482,461.8,355.2,256.2,327.5,196.1,197.6,253.6,313.7,748.8
20261004,12,hannam,1608,0,0,21.6,61.3,137.6,127,47.3,64.6,36.7,53.6,45.1,18,9.1,12,0,0,15.7,159.8,202.4,193.7,112.6,50.9,74.4,42.7,37.3,9.5,17.1,50.8
20261004,12,hongdae,12848.5,11.6,139.1,501.1,631.3,811.3,783.5,391,419.4,394.4,375.4,246.1,157.8,165.2,221.9,40.6,520.3,878.3,1140.1,1523.8,949.5,477.3,434.5,460,347.9,258.8,150.4,159.8,258.1
20261004,12,ikseon,1967.7,0,22.8,12.8,46.5,114,120.3,109.5,59.1,100.4,63.1,37.7,70.5,42.1,100.7,0,11.6,37.8,92.9,141.4,172.9,87.9,110.9,46.7,140.8,60.4,62.7,55.2,47.3
20261004,12,itaewon,6622.4,30.3,67.6,86.2,115.8,391.8,515.3,435.3,286.7,229.3,250.9,191.8,223.4,133.9,310.4,29,57.3,76.1,286.1,356.7,358.6,328.2,327,218.9,182.9,226.2,225.3,248.6,422.7
20261004,12,kondae,6582.1,17.4,11.6,121.9,360.5,703.6,595.2,230.7,191.9,213.1,192.4,186.3,113.7,103.1,236.5,17.4,48.9,189,578.7,656.1,408.5,189.3,133,188.6,151.6,146.2,138.7,178.8,276.6
20261004,12,mangwon,6938.7,17.4,80.9,60.8,194.4,391.9,492.6,316.6,278.9,202.9,198.9,216.2,197.1,159.6,357.3,17.4,52.3,59.9,172.9,597.7,543,342.7,295.5,285.3,236.6,235.1,189.6,198.6,533.2
20261004,12,mullae,4027.1,5.8,69.7,28.9,56.7,166.1,193.2,188,206.6,147.7,158.7,94.4,168.8,155,211.7,7.1,53.5,98.7,124.6,214.9,317,199.3,175.7,178.7,129,179.9,103.9,126.3,256.7
20261004,12,myeongdong,11985.4,23.2,80.8,153.5,251.5,511,545.8,394.9,454.9,396.3,462.3,467.8,415.7,369.7,670.9,87.1,288.3,301.6,528.2,686.4,673.7,462.9,517.3,529.4,501.6,501.8,512.8,453.1,742.7
20261004,12,pocha,7221.2,5.8,61.5,39.4,137.1,323.9,358.4,211.8,257.5,244.8,272.6,274.5,321.1,333.3,861.5,18.7,92.4,61.6,302.5,391.8,353.8,218.8,289.3,296,340,266.3,221.8,206.3,459
20261004,12,samcheong,2477.7,5.8,9.5,23.2,49.2,82.6,118.3,103.5,103.1,82.1,95.7,54.1,80.4,52.9,115.9,5.8,29,19,65.6,85.2,166.1,182.8,128.6,128.5,136.3,144.9,100.2,87.8,154.1
20261004,12,seochon,5792.8,17.4,56.9,51.2,92.1,304.2,385.7,246.3,248.1,192.2,187.2,164.6,141.1,133.7,177.7,30.3,149,97.3,280.6,425.6,386.3,348.8,340.3,305.8,173.5,263.2,210.4,184.1,191.9
20261004,12,seongsu,9989.8,47,116,230,370.1,778.3,675.3,377.3,307.1,323.1,272.5,240.5,114.1,105.4,102.9,47.7,644.6,614.9,765.6,935.6,740.5,423.2,481.5,464.5,237.5,185.8,136.6,107.7,130.9
20261004,12,sharosu,5134.3,5.8,44.6,51.4,200.4,601.5,557.3,240.6,127.8,114,117.5,160.3,108.6,112.3,217.7,5.8,22.4,50.9,263.2,674.3,377.5,178.7,107.8,70,148.9,117.5,104.6,117.6,231.9
20261004,12,sindang,5852.2,11.6,51.1,64.4,74.3,229.4,284.1,243.5,241.7,201.6,165.7,347.6,283.8,240.5,456.7,11.6,47.1,71.2,142.8,375.5,257.9,153.6,134.7,150.3,182.7,234.1,253.4,300.1,623.4
20261004,12,songridan,3649.6,0,41.6,72,100.5,288.9,267.8,171.7,142.4,118.1,106.6,79.5,106.5,43.6,114.6,0,50.4,108,155,349.5,290.2,208.9,137.8,139.8,102.4,100.6,108.3,43,201.7
20261004,12,yeonnam,6657.3,5.8,34.8,92.4,230.8,411.7,477.4,228.2,234.6,164.6,226.9,215.5,140.4,163.8,375.2,0,81.3,160.5,382.3,609,447.5,333.5,247.3,263.5,226,199.9,142.6,146.5,407
20261004,12,yongridan,12322.2,75.5,209.6,171.4,570.9,706.8,815.5,584.7,525.9,391.2,376.5,365.2,292,203.6,315.1,88.4,169,246.7,565.8,1100.9,1090.1,750.4,483.3,482,407.3,396.6,269.4,296.8,371.6
20261004,13,apgujeong,4915.7,11.7,41.1,99.3,133.1,327.8,385.5,181.8,193.5,160.3,145.8,186.7,87.3,62.8,134.4,5.9,52.3,103,317.2,454,378.9,265.3,183.5,213.4,172.8,150.3,96.3,153.8,196.1
20261004,13,euljiro,2475.8,11.7,11.7,11.8,53.8,141.5,168.4,137.3,88.8,70.3,92.3,48.5,52.9,61.1,132.8,5.9,22.6,71.8,96.5,221.3,211.3,170.6,119.3,95.2,81,83.5,81.7,41.9,90.1
20261004,13,gangnam,11263.3,5.9,81.9,398,478.8,900.7,923.2,599.9,483.9,470.8,334.4,225.8,203.9,158.5,217.3,17.5,86.1,430.9,868.7,1139.5,892.5,540.6,456,383,319.5,193.1,165.7,109.6,171.1
20261004,13,garosu,5123.6,11.7,56.4,143.5,145.4,298.2,346,199.4,231.2,213.8,157,140.4,62.2,43.2,150.7,18.9,71.4,175.9,301.1,541.1,430.2,284.6,221.3,203,162.2,155.1,90.6,63.9,205.1
20261004,13,haebangchon,8098.5,29.2,95.2,111.2,203.3,394.9,566.7,388.1,260.3,260.2,356.2,228.8,157.7,218.9,418.6,17.5,76.4,71.7,393.6,677,549.8,379.5,231,311.6,223.4,207.4,261.6,300.2,690.5
20261004,13,hannam,2108.6,0,5.9,34.1,58.6,163.7,164.6,68.6,63.5,38.1,51,56.5,11.6,9.2,13.5,0,0,36.9,238.9,314.2,248.9,148.3,95.9,84.1,72.2,51.9,23.2,8.2,37.6
20261004,13,hongdae,17158.9,18.9,136.7,831.5,880.8,1164.5,982.2,486.7,429.1,490.6,486.4,288.4,151,150.4,238.2,46.8,878.1,1620.6,1591.2,1926.9,1167.5,571,534.9,713.5,436.5,324.5,184.7,173.9,251
20261004,13,ikseon,2644.8,0,34.7,14.4,70.3,156.2,149.8,125.8,94.7,109.3,69.3,55.2,90.1,57.9,93.2,5.9,5.9,49.7,150.1,315.4,250.7,131.6,136,60.1,159.1,92.8,69.8,43.9,53.2
20261004,13,itaewon,7510.6,18.9,68.1,76.7,150.4,430.7,570.6,450.3,323.7,251.6,304.3,245.1,242.9,141.3,323.3,52.7,75.2,53.8,320.4,441.8,483.1,411.9,393.5,256.1,234,246.7,234.4,246.3,451
20261004,13,kondae,7279.4,17.5,46,168.3,398.2,813.1,630.1,273.8,216.2,237.9,211.5,186.9,114.2,112.9,244.6,23.4,112.4,295.4,600,663.4,453.2,179.7,166.7,183.2,181.4,162.5,147.7,182.9,253.6
20261004,13,mangwon,7355.8,11.7,92.5,61.3,222.8,471.1,542.4,351.3,265.2,149.8,189.8,217.2,182.9,156.4,357.3,11.7,70.4,64.4,263.3,622.4,626.7,378.2,321.7,285.1,271.3,232.9,183.2,188.1,554.9
20261004,13,mullae,4738.9,11.7,76.1,29.1,62.1,275.6,290.7,224.8,230.2,167.1,139,75.9,184.2,148.6,185.7,13,42.3,122,192.6,374.1,421.2,247.6,203.8,162.6,140.6,175,124,137.6,270.9
20261004,13,myeongdong,15441.5,46.8,151.5,191.4,319.7,619.8,646.5,520.4,626,583.1,574.2,573.6,452.9,418.8,838.4,135.9,444.6,402.5,739.7,944.2,839.3,574.7,685,667.5,649.4,634.2,571.9,636.9,951.4
20261004,13,pocha,9166.5,11.7,98.9,67.1,169.5,400.5,451.9,288.7,339.8,268.6,302.3,310,384,419.2,980.9,30.6,136.9,130.1,388.4,522.6,535.2,337.4,368.7,376,439.3,323.9,301.5,297.5,485.5
20261004,13,samcheong,3100.5,17.6,33.3,15.7,70,94.6,146.1,127.2,133.6,110.7,111.5,71.4,83.3,49.6,129.8,11.7,46.1,15.7,95.2,146.6,231.5,168.6,215.2,190.6,179.3,192.8,132.4,82.2,152.2
20261004,13,seochon,7134.9,35.1,54.7,110.5,128.2,324.9,438.1,340.9,275.5,240.4,204.2,197.9,139.1,217.1,219.9,83.2,121.1,112.6,384.3,503.8,567.3,426.1,400.8,320.5,269,288.6,248.2,238.3,244.6
20261004,13,seongsu,13113.2,59,259,312.3,554.7,1000.9,856.8,432.3,373,407.3,260.8,259.6,142.4,95.5,133.4,100.8,907.4,922.2,1034.2,1334.2,940.5,539.5,685.6,579.7,272,231.6,139,143,125.7
20261004,13,sharosu,5348.9,5.9,39.1,44.7,199,653.6,535.5,224.9,153.3,147.5,128.1,152.6,129.6,114.5,257.1,5.9,19.6,53.2,276.7,680.4,369.2,174.8,106.5,71.7,181.6,137.6,106.3,114.8,260.6
20261004,13,sindang,6187.9,11.7,57.7,71.8,89.5,236.3,269.3,233.6,264.3,219.7,196.7,361.6,311,261.8,500.7,11.7,66.9,77.4,146.4,347.2,255.1,167.8,111.5,156.8,160.3,263.6,274,333.8,710.4
20261004,13,songridan,3945.9,0,36.7,51.7,122.5,308.9,283.7,184.3,134.7,102,107.7,77,99.6,52.4,124,0,36.2,115.5,196.3,439.3,393.5,202.4,150.9,131.5,127.7,102.9,108.8,52.5,203.4
20261004,13,yeonnam,7389.6,11.7,41,106,251.7,455.8,517.1,251.3,234.6,208.6,230.8,188.8,146.9,147.1,373.1,5.9,86.4,208,482.8,727.8,522.2,361.2,259.1,324.4,222.7,242.4,165.2,149.9,453.5
20261004,13,yongridan,14315.9,93.6,227.7,222.3,666.6,870.5,949.3,752.4,532.1,436.3,410,368.9,276.9,230.7,334.7,111.2,166.3,294.4,701.3,1407.5,1336.3,951.4,556.3,509.8,474,420,336.4,308.5,370.6
20261004,14,apgujeong,5100.4,17.6,54,131.7,161.6,377.3,345.1,204.5,193.5,190.9,157.8,203.6,65.5,66.3,124.2,5.9,69.6,105.1,327.8,496.3,365,239.5,216.7,213.4,178.2,143.2,91.5,155,182.4
20261004,14,euljiro,2804.8,11.7,23.4,21.1,79.6,146.1,215.5,150.1,113.4,98,144.2,71.6,71.1,60.9,174.1,5.9,39.6,102.9,132.7,267.7,204,173.3,127.7,79.9,78.5,62.2,49.4,36.8,63.5
20261004,14,gangnam,12176.2,5.9,122.6,465.7,588.7,1038,1003.7,583.5,504.8,468,329.4,276.1,211,175.4,228.3,11.7,88.9,474.7,1002,1229.6,977.9,574.3,442.2,404.4,312.1,214.2,153.1,113.9,172.3
20261004,14,garosu,5527.3,17.5,62.3,118.1,193.1,375.6,382.6,218.5,225.9,236.9,133.7,129.8,55,39.8,136.1,18.9,72.6,219.9,340.1,582.9,532.3,281.2,233.1,233.1,175.7,158.4,90.4,72.7,191.2
20261004,14,haebangchon,8578.2,41,106.7,108.6,214.6,443.4,564.8,398.2,250.8,265.9,369.1,225,164.1,210.3,404.7,17.5,89.1,109.1,469.7,767.3,617.3,422,266.4,317.1,269.9,222,247.8,310.6,663.3
20261004,14,hannam,2722.9,0,5.9,37.8,85,220,225.4,111.7,100,69.9,46.2,50.5,23.7,9.2,13.5,0,5.1,27.1,272.9,455.9,362,170.5,70,113.2,91.7,67.3,31.4,8.2,37.6
20261004,14,hongdae,19811.4,42.3,162.9,938.3,1055.8,1411.1,1109.4,481.3,482.6,542.6,555.1,332.9,180.6,176.8,261.1,35.1,1113,1829.7,2028.8,2303.3,1353.5,622.5,606.7,710.8,501.9,336.9,184.1,187.2,262.9
20261004,14,ikseon,3283.7,5.9,23.4,21.3,87.1,168.3,237.6,158.1,95.1,126.9,122.3,67.2,108.7,79.7,119.6,5.9,50.4,70.8,180.5,349.2,322.1,187.9,169.4,75.3,152.8,113,92.3,47.9,45.3
20261004,14,itaewon,8205.4,14.3,63.3,111.6,174.6,498,648.2,472.1,397.7,292.3,339.7,239.8,204.9,121.3,316.1,71.5,98.6,79.8,333.8,561.4,534.9,431.5,448.5,279.5,260.3,264.2,249.9,242.6,445.9
20261004,14,kondae,7600.7,11.7,40.3,222.4,397.4,865,673.3,260.5,190.9,240,213.1,182,137.1,110.2,255.6,23.4,133.9,343.9,602.6,794.2,463.5,182,188.3,170.8,192.9,151.9,139.2,172.3,239.7
20261004,14,mangwon,7488.1,17.5,87.4,46.1,216,473.8,484.9,356.1,247.6,159.6,216.5,244.5,184.1,179.4,369.8,11.7,77.4,85.6,285.7,690.3,599.5,353.7,323.9,311.7,288.9,242.3,189.5,200.8,536.8
20261004,14,mullae,5345.2,5.9,76.1,24.7,105.1,343.4,388.9,238.2,199,170,124.2,77.2,165.6,155.8,188,13,42.3,123.8,296.5,585.3,543.9,255.7,209.6,179.5,173.5,157.1,134.5,126.7,234.2
20261004,14,myeongdong,17048.6,64.4,173.9,232.6,405.5,702.9,749.4,577.4,680.6,674.3,630.6,578.3,468.3,411.4,782.3,112.5,500.3,431.1,896.5,1168.1,1018.8,738.7,803.5,925.1,688.3,673.8,611.8,576,772.1
20261004,14,pocha,10948.1,17.5,111.4,81.6,287.1,549.3,496.8,335.9,381.5,354.1,362,364.3,407.8,394.6,1037.6,24.7,160.3,197,506.6,737.6,714,446,464.9,488.6,456.3,383.8,336.8,288.6,561.6
20261004,14,samcheong,3568.2,17.6,40.2,41.4,59,134.8,161.1,140.7,130.9,140.1,128.7,87.5,89.1,47.2,139.9,29.3,54.1,41.9,155.1,193.2,262.7,230.4,226.9,247,198.4,162.2,105.2,116.4,142.8
20261004,14,seochon,7942.4,52.7,83.7,115.9,135,382.4,497.2,335.9,241.4,249,195.6,237.5,181.4,218.7,242.4,70.2,196.7,152.8,457.5,677.5,658.4,434.6,434.2,298.2,368.9,344.1,214.4,195.4,263.7
20261004,14,seongsu,15179.4,82.4,288.4,381.9,664.6,1166.4,946,514.7,415.6,466,288.6,314,177,117.7,135,93.6,1077,1068.3,1335.3,1564.1,1084.2,568.9,741.6,741.5,258.1,265.4,127.3,145.6,142.7
20261004,14,sharosu,5396.7,11.7,27.9,40.5,204.8,653.4,576.5,242.4,137.9,128.5,128.3,167.5,133,118.4,261.1,5.9,11.2,69.3,288,683.1,351.1,177.1,109.4,83.1,168.3,155.6,99.9,103.8,251.4
20261004,14,sindang,6103.7,5.9,61.3,71.8,100.8,235.2,310.1,243.8,263,226.6,200.5,346.4,293.5,242.6,531.8,11.7,55.6,83.5,132.7,324.1,228.1,193.5,102.4,154.6,139.8,245.4,300.7,322.2,663.6
20261004,14,songridan,4239.1,5.9,21,49.1,131.4,316.9,309,180.1,158.1,116.3,83.5,84.8,91.3,52.6,125.7,5.9,50.4,144.9,284.1,509.8,444.4,221.6,163.4,137.7,127.3,74.1,107.8,45.1,196.9
20261004,14,yeonnam,7905.2,11.7,51,152.1,245.5,477.1,521.7,257.2,257.8,205.7,214.7,200.7,128.2,154.5,379.1,5.9,114.2,272.2,536.8,807.1,584.2,386.7,268.6,360,256,266.4,161.7,161.4,459.1
20261004,14,yongridan,15307.7,111.2,230.6,226.6,727.8,914.3,1015.5,842.1,558.8,459.8,428.9,373.3,323.8,234.8,312.9,130,206.9,287.6,862.5,1636.6,1410.6,925.9,613.3,533.8,477.7,421.5,306.7,319.8,414.7
20261004,15,apgujeong,5261.2,11.7,57.8,129,150.5,402.4,355.7,251.7,193,192.4,153.8,219.8,65,66.9,118.2,5.9,56.9,92.3,355.9,549.6,365,261.4,200.9,190,217.4,132.4,90.3,159.1,191.4
20261004,15,euljiro,3268.3,5.9,17.5,32.1,84.4,210.1,235.3,164.2,159.2,106.7,135.2,87.7,77.1,72.9,148.7,5.9,11.6,97.9,163.6,347.7,286.3,192.5,158.3,122.2,95.9,73.4,52.7,54.3,68.9
20261004,15,gangnam,12721.5,11.7,121.1,502,617.9,993,1097.6,568.2,543.2,460.9,336.9,247.4,227.3,189.6,240.7,11.7,99.7,577.6,1132.4,1322.1,1023.9,600.3,457.1,387.6,306.4,210.2,143.3,90.1,195.2
20261004,15,garosu,5568.6,17.5,59.4,107.3,193.2,394.7,357.8,256.8,221.9,210,135.5,119.4,73.6,50.4,129.2,24.7,84.7,211,376.4,568.6,543.7,302.3,230.5,271.8,138.8,141.5,94.7,64.4,189
20261004,15,haebangchon,9192.5,46.8,118.4,125.4,270.7,553.1,611.7,413.5,249,304.4,393.7,256.4,170.8,198.2,402.8,11.7,85.3,160.7,552.9,871.4,659.9,425.6,273.5,341.8,276.9,216.8,257.6,289.9,635.7
20261004,15,hannam,3223.4,0,0,32,105.2,317.7,272.6,140.2,96.8,71.5,45,49.9,25.4,17.6,7.7,0,9.2,25.7,384.2,523.9,430.6,209.2,72.7,111.2,104.3,82.6,31.1,7.6,40.6
20261004,15,hongdae,21832.5,42.3,157.5,1085.7,1260.9,1712.9,1215.3,581.7,571.9,555.8,568.5,347.5,182,181.8,231.5,48.1,1206.9,2128.5,2202.1,2442.4,1450,600,733.7,796.8,523.2,335.1,194.3,181.7,290.7
20261004,15,ikseon,3703.9,5.9,23.4,16,98.7,250,285.8,156.8,97.4,110.8,120.7,80.2,123.4,86.4,137.4,11.7,43.5,69.9,214.3,415.8,353.5,170.8,136.6,140.1,147.8,157,115.8,63,71.4
20261004,15,itaewon,9101.3,18.9,63.3,142.7,236.7,563.1,762.4,490.1,448.4,323.9,357.3,261.5,211.7,142.1,329.6,65.7,116.2,119,384.7,663,602.2,468.1,481.2,377.8,252.6,287.9,266.8,241.5,415.4
20261004,15,kondae,8154.4,17.5,32.8,267.2,474.4,918.1,679.1,276.9,207.4,212,237.6,209.6,154.7,129.6,253,11.7,130.5,393.5,669.3,880.9,504.1,168.8,187.4,202.4,209.4,150.3,153.3,171.8,248.3
20261004,15,mangwon,7505.9,17.5,87.4,40.1,190.7,456.8,529.4,363.5,249.4,161.5,212.5,227.8,187.4,182,360.3,11.7,65.6,92,298.5,733.8,602.3,325.4,307.8,290.7,274.8,230.2,211.1,216.6,568.1
20261004,15,mullae,6011,0,70.2,24.7,159,449.9,488.1,287.1,207,184.9,121.9,82.7,170.6,142.5,203.9,0,36.4,116.4,355.2,724.3,610.2,255.3,191.6,254.5,203.9,172.4,119.7,126.7,246.7
20261004,15,myeongdong,17577.9,81.9,180.7,264.2,438,850.2,765.5,567.8,674.5,741.1,585.4,543.5,431.6,420.8,665.8,124.2,594.1,533.2,996.5,1293.2,1023.8,751.8,911.4,928.2,705.2,699.1,559.2,600.1,646.1
20261004,15,pocha,12227.7,17.5,102,103.1,364.2,637.4,603.9,426.3,375,399.4,423.1,374.5,426.7,472.4,1049,18.9,163.4,289.6,634.2,962.8,847.8,469.1,471.6,562.8,496.2,390.7,298.6,319.3,528.4
20261004,15,samcheong,3790.4,5.9,28.2,66.6,72.2,131.1,189.8,173.7,118.5,133.1,115,74.3,128.2,40.7,130.4,35.1,34.5,24.3,183.2,251.1,318.6,257.4,228.3,208.8,222.4,153.1,124.9,124.9,156.3
20261004,15,seochon,8148.5,29.3,71.9,90.1,206.1,417.2,568.1,338.9,238.9,247.2,211.9,213.7,154.3,203.4,211,76.1,203.6,173.6,529.2,815.5,703.8,414.6,385.9,341.9,370.6,294,209.3,184.7,237.6
20261004,15,seongsu,16430.2,81.9,300.9,469.5,750.3,1330.1,984.4,522.6,475.5,498.2,328.1,278.4,155.9,140.7,134.4,84.5,1026.4,1222.3,1507.6,1952,1163.3,567.3,723.8,726.8,301.4,303,129.6,139.8,123.9
20261004,15,sharosu,5479.3,11.7,22.4,35.2,189.9,631,599.1,259.5,144.3,121.6,133.6,176.8,110.4,108.2,261.4,5.9,28.4,85.1,322.8,665.8,359.2,198.8,113.9,124.6,171.2,126.8,101.3,110.9,255.6
20261004,15,sindang,6239.2,5.9,69.4,61.6,80.8,256.7,315,234.5,250.1,229.5,221.3,348.9,273.2,262.5,533.3,11.7,34.9,97.7,154,312.4,247.9,186,118.4,153.9,175.7,257.2,326.5,332.5,674.9
20261004,15,songridan,4336.6,0,21,24.3,149.4,352.4,352.8,177.2,130.2,111.9,77.7,69.8,81.2,64.5,124.8,5.9,55.2,170.2,321.8,526.6,450.7,220.7,163.8,149.6,116.8,64.2,103.5,50.3,200.4
20261004,15,yeonnam,8589.4,17.5,51,172.1,305.3,573.1,537.9,292.6,270.9,233.9,214.9,230,133.5,178.3,397.3,5.9,140.3,286.3,556.2,952,614.5,395.2,291.1,371.8,253.6,287.9,174,185.5,458.8
20261004,15,yongridan,14864.6,105.3,230.3,208.7,737.8,956.5,980,799.2,609.7,444.3,402.6,369.7,297.1,231.3,305.5,124.2,212.9,310.7,857.2,1540.4,1354,844.2,572.2,517.3,461.1,401,266.3,301.7,423.7
20261004,16,apgujeong,5365.4,11.6,46.2,105.8,177.9,426.6,379,248.5,207.2,191.8,157.4,201.6,81,86.2,131.4,5.8,63.5,112.9,366.2,568.5,380.8,281.4,200.4,188.6,190.3,114.1,79.5,141.5,204.3
20261004,16,euljiro,3896.5,5.8,5.8,23.3,111.1,290.8,302.2,165.8,179.1,135.8,151.7,118.5,66.9,54.5,142.3,17.4,17.1,75.6,221.3,524,394.3,232.7,168.7,118,109.1,94.7,68.2,49.8,52
20261004,16,gangnam,12793.2,0,127.3,560.8,694,965.4,1144.6,611.4,484,439.2,328.5,270.1,223.1,172.1,221.4,23.2,89.3,578.5,1213.3,1397.4,998.5,552.4,397,372,310.3,222.7,146.9,77.8,169
20261004,16,garosu,5705.8,0,36.1,137.2,253,384.5,384.3,228.4,224.4,236.6,128.7,114.5,77.7,62,151.7,24.5,79,239.1,415.1,571.2,551.5,314.9,218.8,232.6,130.3,137.7,91.9,72.4,206.5
20261004,16,haebangchon,8830.9,46.5,118.1,127.6,238.9,608.1,594.8,404.7,226.6,285.8,365.6,228.9,145.8,175,372,17.4,85.3,205,608.9,853,659.7,370.9,286.9,294.7,253.1,193.7,202.6,236,621.6
20261004,16,hannam,3379,0,5.8,36.9,136.3,339.9,295.3,151.7,83.5,78.5,43.4,66.6,21.3,17.4,9.8,0,9.9,31.6,345,598.6,508.7,193.6,99.4,86,80.2,69.8,14.5,0,46
20261004,16,hongdae,22521.4,41.9,203.3,1089.4,1322.2,1703.9,1250.3,619.3,588.5,492.3,541.5,346.5,194.7,179.8,228.1,75.5,1232.3,2250.4,2354.5,2606,1491.9,707.5,762.6,667.4,555.3,326.2,234.9,175.8,275.3
20261004,16,ikseon,3800.2,0,30.3,41.2,97.8,272.4,283.2,178.9,128.1,146.7,107.4,71.8,99.6,54.5,103.8,5.8,50.5,69.6,243.2,449.9,399.1,158.9,157.8,146.2,147.7,140.5,98.3,56.1,61
20261004,16,itaewon,9424.5,30.3,77.5,152.1,279.1,705.7,785.9,531.3,460.2,318.9,312,261.6,218.3,150.6,332.5,53.5,144.2,118.3,430.2,766.1,684,477.4,431.9,290.5,217.2,293.7,256.3,239.1,406
20261004,16,kondae,8459.8,11.6,43.5,323.4,539.4,939.2,667.2,281.2,218.3,243.6,212.6,207.5,158,127.3,265.3,18.7,140.5,385.9,771.5,870.8,512.3,178.9,211,196.7,195.5,163.7,168.2,159.8,245.3
20261004,16,mangwon,7634.1,17.4,86.8,42.3,171.8,453.6,512.9,365.2,261.2,169.5,203.9,245.4,210.8,175.6,368.8,17.4,71,124.5,364.7,710.4,605.3,313.1,304.8,275.4,282.7,246.7,225.3,220.7,570.9
20261004,16,mullae,6380.2,0,63.9,22.4,192.4,554.1,542.8,281.2,233.1,181.3,136.9,94.2,165.6,122.7,196.4,0,34.8,108.3,412.6,812.4,666.2,304.7,203,259.3,208,139.1,94.5,102.3,244.3
20261004,16,myeongdong,17473.4,88.4,170.1,263.3,432.2,817.1,806.8,591.6,728.7,727.7,619.5,509.7,409.6,402.8,468.1,129,670,584.1,1022,1358.6,1101.7,675.2,924.8,919.4,707.7,715.5,510.4,546.5,572.9
20261004,16,pocha,13131.9,23.2,76.1,133.7,406.4,862,781.5,455.1,407,385,409.9,423.6,468.2,452.6,1077,41.9,163.7,309.1,807.7,1117,865.3,478.3,497.3,526.4,458.4,402.4,280.4,318,504.5
20261004,16,samcheong,3599.6,17.4,28,59.7,51.7,163.1,229.7,150.1,118.9,129.2,123.5,77.1,77.5,40.7,98.6,23.2,23.1,34.4,165.3,268.7,315.5,218.6,212.4,188.5,215.9,154.8,147.3,76.6,124
20261004,16,seochon,8514.9,23.2,88.7,64.3,233,492.6,578.9,380.2,260.7,239.9,206.2,244.7,139.1,174.8,190.2,63.9,200.9,185.3,569.2,930.4,739,445.3,376.3,368,358.6,340.7,208.1,200.8,212.2
20261004,16,seongsu,16476,62.6,275.4,480.5,798.8,1424.2,985.3,581.2,536.2,402.2,286.9,272.5,127.2,135.5,126.4,61.9,1043.7,1302.1,1622.8,1936.2,1227.3,550.4,693.8,592.2,346.4,275.9,113.2,107.5,95.5
20261004,16,sharosu,5544.4,11.6,31.8,37.6,211.3,596.2,591.9,291.6,147.4,121.3,153.7,181.3,132.6,105.8,253.9,11.6,33.7,87,328.4,629.4,355.7,194.4,112.8,116,153.4,131.5,99.3,124.6,290
20261004,16,sindang,6648.2,5.8,56,50.2,70.1,277.3,379.7,252.7,248.7,272.8,240.2,358.2,351.7,282.7,529.6,5.8,33.9,90.3,137.2,322,264.7,226.7,147.7,175.6,195.9,297.5,307.7,356.6,697.5
20261004,16,songridan,4341.4,5.8,31.8,40.3,169.2,366.2,350.7,182.5,142.8,114.1,67,86.2,84.3,66.3,132.1,0,52.2,129.4,309.6,546.4,396,219.5,169.2,126.2,112.4,78.9,91.5,66.3,204.8
20261004,16,yeonnam,8837.8,17.4,44.8,146.5,318.5,615.7,623.3,324.6,278.5,207.9,241,209.6,125,164.1,396.3,0,109.2,278.9,628.2,1034.5,619.3,437.2,288.4,344.5,277.3,269.9,177.5,177.7,472.5
20261004,16,yongridan,15212.6,88.4,184.8,191,811.2,1077.1,1033.1,796.8,592,428.9,425.5,361.9,262,245.9,307.6,105.8,224.1,335.3,938.3,1670.8,1403.4,834.7,558.4,477.6,430.1,370.6,314.3,326.5,416.8
20261004,17,apgujeong,5545.1,11.5,51.4,131.3,181.2,383.8,413.7,243.3,257.6,189.2,187.7,179,74.2,89.9,122.7,12.8,97.3,124.2,356.2,544.8,365.5,315.9,209.4,224.4,198.9,111.4,92,152.3,206.4
20261004,17,euljiro,4940.1,5.8,0,24.4,171.9,414.2,388.9,242,182.4,152.5,161.1,143.3,75.4,68.6,130.2,28.8,28.5,93.6,378.9,692.8,562.1,226.4,194.9,172.7,104.2,119.6,73.2,42.8,56.9
20261004,17,gangnam,13263.1,0,102.7,565.2,826.3,1189.8,1170.5,651.1,498.9,414,354.4,259,231.1,153.7,216.9,18.6,84.2,581.4,1208.3,1514.9,1036.1,526,398.5,362.7,290.3,205,139.5,93.3,163.7
20261004,17,garosu,5390.3,0,51.8,123.8,209.9,363.7,416.7,172,211.7,191.7,144.7,103.9,62.2,69.8,144.9,12.8,88.9,244.9,399.4,549.7,530.4,251.2,171.1,211.5,150,118.7,110.6,62.5,220.5
20261004,17,haebangchon,9556.2,51.8,121.9,135.7,260.4,681,607,439.1,266.2,278.9,358,265.8,161.3,213.1,381.5,11.5,86.1,188.1,654,991.1,733.8,348,354.4,322,256.2,224.7,243.1,246.2,654.8
20261004,17,hannam,3392.4,0,5.3,30.2,145.9,372.5,282.7,161.1,59.9,76,33.9,66.6,16.5,22.9,9.7,0,5.8,34.7,383.6,600.6,523.5,184.7,83.6,97.7,80.8,38.5,17.3,8.9,42.1
20261004,17,hongdae,22208.9,17.3,247.6,1055.5,1496.3,1757.2,1239.1,665.5,510.5,449.8,453.7,336.8,150.2,166.8,215.7,86.4,1034.8,2240.8,2460.7,2808.3,1555,674.7,645.1,593,404.6,308.6,193.5,168.6,272.7
20261004,17,ikseon,3922.8,0,30.1,58.3,120.8,304.4,299.7,198.6,142,155.9,89.2,68.2,90.7,39.9,103.4,0,56.9,100.1,261.5,498.8,393.4,142.9,158.3,133.2,142.7,143.2,75.1,52.7,63
20261004,17,itaewon,10042.9,24.3,71.1,154.7,370.1,800.4,847.2,595.8,500.6,342.5,296,270.2,206.2,162.9,329.5,53.1,149.5,132,532.5,888.1,755.5,448.8,417.4,282.2,282,286.4,239.6,227.4,372.2
20261004,17,kondae,8958.6,11.5,54.7,353.6,552.2,996.9,737.5,302.8,228.8,267.8,232.7,180.8,164.6,122.8,275.4,28.8,167.5,359.4,829,983.6,569.5,196.2,233.2,179.1,188.4,178.9,174.6,134.3,254.2
20261004,17,mangwon,7573.5,17.3,74.6,71,188.8,500.7,496.1,352.4,259.6,165.6,201.6,248.9,195.3,186.6,361.7,0,70.4,107,332.4,721,620.6,306.1,313.3,265.1,276.5,251.7,209.6,226.6,543.3
20261004,17,mullae,7470.8,0,57.6,51.1,260.4,700,733.2,333.8,278.6,186.6,174.7,100.8,160,131.1,189.7,0,57.6,113.4,519,1016.3,757.9,361.1,180.8,254.8,230,145.5,108.1,109.9,252.4
20261004,17,myeongdong,16389.6,76.2,173.8,244.9,450.7,762.7,775.9,545.1,701.3,733.5,580,522.6,430.4,278.7,350,122.2,541.7,624.6,1111.6,1429.6,978.1,594.2,838.3,811.1,694.9,611.7,492.5,417.4,496
20261004,17,pocha,15064,34.6,53.1,165.3,548.9,1152.9,964.4,555.1,482.9,467.6,436.1,485.8,527.2,495.8,922.7,53.1,147.7,351.6,1127.9,1515.8,1109.4,498.3,533,516.4,530.7,360.6,262.3,310.4,454.7
20261004,17,samcheong,3177,23,32.6,47.8,54.9,139.1,168.8,90.5,95,103.3,105.4,88.8,71.8,36.9,108.2,5.8,51.1,45.5,156.5,255,219.2,180.8,206.4,174.9,171.4,144,128.4,87.5,131.2
20261004,17,seochon,8266.1,34.6,50.6,41.3,251.7,576.9,558.1,395.6,254.9,237.7,181,248.7,140.7,163.5,161.6,40.3,151.9,223.9,545.4,945.9,753.3,454.3,340.6,359.6,289.9,328.1,206.9,149.2,175.4
20261004,17,seongsu,15268.8,46.1,233.4,497,808.1,1298.6,918.3,622.4,420.4,390.7,301.8,219.1,123.6,106.8,108.7,31.4,897.8,1201.1,1603.4,1859.1,1094.4,485.4,637.7,498.8,311.3,241.6,93.4,108.9,105.4
20261004,17,sharosu,5802.4,11.5,26,36.7,241,653.3,552.9,309.2,154.5,140.9,149.8,201.4,150.5,111.4,260.1,11.5,21.9,93.8,371.3,622.1,363.3,200.8,124.1,142.9,164,147.3,110.4,131.5,293.8
20261004,17,sindang,7089.1,11.5,55.6,67.3,127.6,311.2,464.4,263.3,276.5,286,242.2,398.1,361.5,273.2,541.4,5.8,33,87.4,142.4,408.5,364.7,247.6,161.3,201.8,201.6,277.5,269.8,353.4,631
20261004,17,songridan,4565.3,5.8,33.5,66.1,149.9,379.9,380.4,197.4,131.4,126.3,62.7,88.7,89.8,58.9,149.3,0,45.3,161.9,389.9,544.5,415.8,220.5,164.6,119.5,109.8,68.5,113,77,215.2
20261004,17,yeonnam,8994.5,17.3,63.5,101.7,337.9,647.2,657.5,337.5,294.6,194.7,230.8,205.6,115.8,191.8,385,11.5,85.3,255.9,690.8,1041.5,677,467,303.5,295.8,267.2,234.8,195.5,205.1,460.9
20261004,17,yongridan,15927.3,74.9,173.6,251.8,849.8,1270.6,1189.8,824,605.3,462.9,426.5,363.5,314.3,203.8,269.4,81.9,227.4,416.2,1088.7,1826.5,1416.3,828.2,536.5,462.6,408.6,375.7,282.3,315.4,380.8
20261004,18,apgujeong,5694.4,22.9,57,139.5,192.3,441.4,469.8,248.4,230.6,177.6,180.4,189.9,75.9,95.2,141.8,18.4,79.7,106,352,539.7,422.7,285.6,200.6,241.2,211.1,110,111.2,134.3,202.7
20261004,18,euljiro,6096.1,5.7,11.4,31.8,294.4,687.7,643.2,271.5,182,169.4,177.3,140.5,77.1,70.8,82.5,5.7,49.5,70.9,526.9,938.1,619.2,236.1,186.6,224.8,130,115.3,70.8,27.3,48.1
20261004,18,gangnam,13435.9,0,85.8,550.2,848.1,1409.5,1329.3,613.4,516.3,442,358.7,242.8,196.4,158.6,164,11.4,66.2,634.5,1125.6,1582.8,1090,484,359.9,351,284,188.5,138.1,86.7,117
20261004,18,garosu,5261.5,0,93.4,104.4,187.7,373.1,423.2,198,205,187.1,134.9,88.6,86.3,67.2,140.3,18.4,88,210.2,330.5,542.5,476.2,267.4,208.4,189,152.5,102.4,101.8,74,209.9
20261004,18,haebangchon,9663.6,51.5,103.7,155.1,290.2,684,623.1,440.7,263.7,295.2,351.8,252.7,156.5,210,393.8,11.4,62.1,215.7,688.2,943.8,733.3,354.8,372.5,347.1,276.7,245.9,236.8,249,638.3
20261004,18,hannam,3203.6,0,0,13.7,129.2,346.1,246.2,131.6,89.9,76.7,47,62.5,24.4,14.3,5,5.7,11.1,35.4,371.9,609.3,463.1,170.5,117.1,89.6,45.9,22.6,17.1,7.9,42.3
20261004,18,hongdae,21926.8,11.4,262.3,1034.5,1441.9,1865.1,1210.7,668.4,501.8,428.7,467.8,368.6,164.6,166.7,190.8,68.6,953.5,2204.6,2565.4,2663.3,1444,686.2,616.8,566,459.4,296,169.3,170.2,277.2
20261004,18,ikseon,3954.4,0,21.1,78,137.8,332.3,367.4,257.9,164,119.2,86.3,99.3,116.9,52.8,71.5,5.7,56.2,82,279,504.8,354.6,131.2,139.2,84.2,133.6,107.8,76,44.5,51.2
20261004,18,itaewon,11062.9,14,69.8,169.6,472.2,951.5,954.7,680.3,531.7,384.7,309.8,268.1,205.7,185.3,319.2,52.7,110.9,210.9,641.8,1056.3,879.9,486.9,400.4,306.6,265.4,292.1,226.3,230,383.1
20261004,18,kondae,9901.6,11.4,74.2,448.4,746.1,1157.2,738.7,334.6,245.5,256.1,248.2,202,175.1,118.7,287.1,22.9,119.4,402.9,923.4,1111.5,648.6,221.9,228.5,203.1,197.1,190.9,185.8,125.5,274.1
20261004,18,mangwon,7609.4,17.2,62.9,87,208.2,474.3,498.7,349.3,269.2,177.3,188.3,240.2,221.6,190.6,371.6,0,58.4,102.7,356.9,659.3,640,329.1,315.7,255.9,245.5,275.7,209.7,229.9,552.5
20261004,18,mullae,8639.3,0,45.7,87.3,337.6,932.8,899.6,403.8,341,192.1,192.5,134.2,147.9,94.9,182.9,0,45.7,143.3,644.2,1237.6,881.2,377.4,206.9,243.7,232.1,154.2,99.6,113.4,262.8
20261004,18,myeongdong,15117.4,64.1,175.7,250.6,475.2,798.2,712.9,553.6,673,609.2,526,485.8,337.2,243.7,292.6,127,542.7,526.5,1086.5,1299.6,879.1,645.2,809.6,726.8,602.9,509.2,417.5,337.7,409.5
20261004,18,pocha,17238.1,22.9,53.4,169.8,731.9,1459.3,1249.4,668.8,512.4,489.7,501.6,526.4,497,485.7,771.1,64.1,186,448.2,1442.5,1968.8,1398.4,609.1,582.7,552.2,554.8,435.9,230.3,268.5,357.3
20261004,18,samcheong,2486.6,17.2,21.9,42.4,48.9,129.6,129.4,92.6,73.1,76.5,58.3,85.5,46.1,23.2,89.2,0,49.6,37.9,126.8,167.9,177.1,128.3,181.2,131.7,124.6,105,76.1,85.2,127
20261004,18,seochon,7750.9,34.3,51,40,246,518.1,586.1,371.3,245.4,221.5,200.6,179.3,161.7,152.3,158.9,28.6,123.7,202,560.8,796.8,670.2,451.2,306.3,276.6,274.8,322,214.9,167.2,189.1
20261004,18,seongsu,13858.9,51.5,183.7,409.7,727.1,1193.7,886.2,520.4,437.2,326.4,257.8,234.6,134.6,95.3,106.3,41.3,755.3,1123.9,1489.1,1657.5,1019.1,446.8,509.2,415.4,307.7,228.7,110.5,108.3,74.2
20261004,18,sharosu,6576.1,11.4,21.9,51.6,339.7,794.1,608.5,333.4,171.3,179.1,180.2,202,179.1,105.9,273.2,11.4,50.1,106.9,443.3,699.9,422.5,242.4,132,156.4,153.9,169.5,100,125.2,301.7
20261004,18,sindang,7647.9,22.9,53.9,65.5,128,360.4,440.4,295,317.3,270.1,295.5,455.7,433.2,286,533.6,5.7,32.3,89.9,201.2,504.8,413.5,290.9,200.3,200.3,222.4,315.4,285.2,332.3,584.1
20261004,18,songridan,4675.1,11.4,21.8,62.5,180,400.3,386.8,201.7,120.2,132,61.2,80.5,99.4,54.6,142.6,0,45.1,144.8,395.7,536.5,472.6,213.8,161.5,141.1,140,67,111.5,72.8,217.9
20261004,18,yeonnam,8875.1,17.2,53.7,169.2,345.7,643.4,604.4,335.7,313.4,191.9,234.7,221.5,106.8,191.4,369.7,11.4,100.4,256.8,623,1118.6,643,418.8,268.5,261.4,322.6,225.6,182.2,193.6,435.7
20261004,18,yongridan,16131.5,51.4,191,238.2,957.1,1497,1321.3,856.3,559.3,377.2,340.8,353.4,298.7,183,280.8,74.3,247.1,421.7,1209.6,1964.4,1419.3,830.7,463.9,428.3,344.4,337.1,293.3,258.1,333.7
20261004,19,apgujeong,5733.5,16.9,61.9,157.8,214.7,451.6,470.2,240.3,235.1,173.7,158.8,200.6,81.9,103.3,119.2,16.9,57.2,125.4,404,537.5,414.4,287.3,190,249.1,191.5,111.4,98.9,153.9,196.7
20261004,19,euljiro,6521,5.6,28.1,38.4,399.8,771.8,716.6,336.1,183,151.3,140.1,106.1,67.2,42.9,66.6,5.6,55.7,84.3,590.9,1036.3,680.7,255,186.6,169.8,140.3,89.1,75.8,38.5,58.8
20261004,19,gangnam,13176.2,0,67.5,496.7,917.4,1557.6,1320,561.5,534.9,458.3,337.6,237,162.1,148.4,159.8,11.3,31,495.1,1180.4,1529.3,1065.4,481.8,304.3,358.4,268.3,176.2,118.3,84.7,105.8
20261004,19,garosu,4858,0,57,96.4,152.4,376.4,398.8,187.4,193.9,171.5,131,82,56.7,52.1,142.1,18.1,93.9,153.4,279.7,522.4,456.6,255.9,199.9,173.3,112.9,115.2,98.9,70.9,209.3
20261004,19,haebangchon,8976.9,39.4,86.9,152.7,259,634.3,584.7,415.3,238.3,258.4,296,262.8,156.3,217.6,400.7,11.3,66.5,154.8,581.9,808.9,687.7,337,359.6,342.5,238.2,246.7,223.6,254.1,642.8
20261004,19,hannam,2611.7,0,0,10.3,122.6,312.7,233.1,99.7,93.8,47.3,32.9,55.3,19,11.4,16.3,5.6,5.3,39.9,304,470.4,328.9,132.9,79.5,72.1,33.6,25.4,8.1,10.5,36.1
20261004,19,hongdae,19903.6,5.6,249.1,903.4,1290.6,1841.1,1180.3,536.6,450.7,484.5,393.3,333.9,189.9,168.8,168,56.3,752,1843.5,2313.8,2510,1284.4,596.3,495.6,549.4,420.5,280.5,172.3,168.5,262
20261004,19,ikseon,3767.1,0,39.6,50.7,136.2,346.8,370.1,254.3,173.7,103.2,83.7,88.2,89.5,39.9,72.1,0,21,73.1,298.2,477.4,354,147.8,140.5,77.7,130.4,77.4,45.5,31.9,44.4
20261004,19,itaewon,11854.9,35,62.7,184.3,629.9,1143.9,1037.6,780.7,468.3,372.5,280.4,234.9,175.3,182.7,264.4,51.9,84.4,259.4,827.4,1252,995.8,534.8,428.3,299.8,246.4,260.8,213.9,204.6,343.2
20261004,19,kondae,10579.2,11.3,44.9,535.5,803.4,1337.6,785.1,332.1,251,243.2,231.5,186.6,156.7,115.6,283.5,22.5,122.2,453,1109.7,1200.2,695.6,215.6,252.4,211.4,211.3,202.5,170.9,112.1,279.3
20261004,19,mangwon,7621.5,11.3,61.9,70,191.5,432.9,531.2,355,279.3,174.1,185,237.1,205.8,201.3,391.8,0,51.9,102.1,318,666.9,648.4,345.9,312.2,273.7,266.1,271.7,218.2,244,558.6
20261004,19,mullae,9065.7,5.6,50.6,71.2,383.2,1093.4,1082.1,425.7,304.9,197.1,192.9,121.6,140.7,85.9,175.5,0,56.3,150.7,693.5,1384.2,817.2,375,186,230.7,204.1,147.1,100.5,112.2,269
20261004,19,myeongdong,13172.9,51.9,174.6,226.8,432.6,815.8,615.8,492.6,609.9,532.5,468.5,408.3,288.6,213.3,196,141.9,475.1,497.6,964.7,1072.7,756.7,554.5,764.6,641.3,507.9,367.3,315.9,243.6,341.8
20261004,19,pocha,17743.3,16.9,60.3,197.7,846.9,1862.9,1467.3,758.6,525.1,499.3,531.3,517.3,418.2,432,590,46.3,138.1,495.8,1490.3,2268.3,1477,550.3,518.1,458.6,498.8,383.7,205.8,213.4,275.1
20261004,19,samcheong,1738.4,5.6,0,40.8,43.9,84.8,117.4,53.4,70.7,48.4,42.3,31.1,44.6,24.6,73.3,0,35.3,40.3,91.4,110,125.2,80.5,84.7,81.5,73.9,88.1,54.4,62.4,106.6
20261004,19,seochon,6561,5.6,48.2,50.6,248.1,470.2,505.6,306.7,190,171.8,128.6,161.4,176.7,125,138.3,22.5,92.1,145.6,437,759.1,577.5,384.8,255.8,215.1,222.3,263.7,161.7,132.1,165
20261004,19,seongsu,11586.3,28.1,137.8,297.1,602.1,1069.2,778.9,421.6,355,296.6,215,213.3,114.1,92.5,97.2,33.8,524.4,928.8,1272.9,1419.9,796.9,385.5,422,379.3,225.9,182.2,98.6,99,76.9
20261004,19,sharosu,6668.5,11.3,21.5,61.2,384.3,828.1,623.4,344,174.2,170.5,181.8,171.5,157.8,106.9,244,5.6,43.7,104.5,431,777.6,457.4,248.5,124.8,153.1,158.8,144.1,108.2,131.3,291.5
20261004,19,sindang,7750.7,23.8,47.4,74.8,154.4,383.8,491.9,312.7,340.5,258,303.3,467.7,448.7,309.1,475,5.6,31.6,75.5,241.9,522.1,463.7,259,210.7,194.7,213.3,260.9,274,324.5,563.8
20261004,19,songridan,4495.5,11.3,20.2,53,182.6,391.4,367.5,179.2,146.4,141.3,68.1,77.7,94.9,50.8,134.7,0,39.8,159.7,353.4,499,473.1,237.7,157.6,112.8,115.7,65.3,95.3,64.2,203
20261004,19,yeonnam,8557.4,16.9,58.8,149.7,282,624.2,666.1,287.3,292.7,213.4,241.7,240.1,139.3,164.2,351.4,11.3,97.3,211.8,613,1017.8,604.1,394.8,217.6,298.9,296.1,258.2,164.8,184.4,448.6
20261004,19,yongridan,15681.3,33.8,176.7,246.8,896.6,1654.1,1353.1,780.6,516.5,411.5,361.9,343.2,236.8,165.7,264.9,50.6,200.8,368.7,1266.2,2106.8,1376,674.8,384.1,397.1,322.9,326.1,240.4,221.7,302.9
20261004,20,apgujeong,5647.7,11.2,55.8,123,213,469.9,459,253.7,249,171.9,149.6,221.6,66.9,93.4,123.9,11.2,44.8,160.8,360.5,518.2,423.4,325.3,191.1,202.3,175.4,129.4,99.4,139.5,189.9
20261004,20,euljiro,6438.8,5.6,27.9,44.9,378.5,875.5,748.2,322.2,162.1,120.9,131.2,75.5,58.2,38.1,51.2,5.6,33.5,105.9,608.9,1062.6,678.3,229.7,188.7,147.2,125.3,76.3,71.7,18.1,40.2
20261004,20,gangnam,13009.7,0,59,443.4,959.4,1563.5,1376.8,561.4,526.2,452.6,330.7,243.6,152.4,130.1,151.1,11.2,41.9,467.9,1199.3,1554,958.8,476.8,347.9,304,246.6,154.8,119,63.6,110.1
20261004,20,garosu,4460.5,0,33.5,86.8,141.9,333.4,357.2,175.2,193.5,152.7,143.5,112.2,52.5,47.5,130.6,18,64.2,117.2,250,493,407.9,213.7,171.1,175,113.1,118.6,85.9,69.9,202.6
20261004,20,haebangchon,8438.3,39.1,69.4,124.9,221.6,540.6,576.5,421.1,231.9,269.1,289,245.5,162.9,220.7,418.7,11.2,55.8,148.6,429.3,757.3,638.7,303.8,324.1,318.3,216.8,242.8,230.2,256,653.1
20261004,20,hannam,1809,0,4.6,7.9,77.7,257.2,163,45.1,73.9,36.7,29.4,43.9,5.3,11.3,11.5,5.6,10.3,8.4,187.8,286.2,234.4,104.9,55.8,45,20.1,15.4,7.7,0,35.5
20261004,20,hongdae,17444.1,5.6,175.7,785.8,1203.4,1730.6,1143,502.4,414.3,390.6,384.5,273.5,160,127.8,151,33.5,481.1,1532.6,2050.2,2251.3,1186.8,490.1,393.7,421.8,363.3,230,149.6,151,258.1
20261004,20,ikseon,3347,0,32.1,55.8,105.7,328.2,417.7,250,157.4,113.5,78.9,66.1,56.7,36.8,60.4,5.6,12.2,57.8,245.1,405.3,299.5,113.1,105.9,59.3,96.1,68.8,47.6,29.5,42
20261004,20,itaewon,12594.5,44.6,41.1,216.7,732.9,1339.1,1226.7,794.8,454.4,319.6,261.3,236.1,182.7,149.3,256.2,44.6,78.3,271.6,992.1,1526.5,1013.2,508.9,422.3,276.8,234.2,244.6,188.3,212.2,325.5
20261004,20,kondae,10805.1,11.2,42.4,447.9,938.6,1425.1,810,318.6,275.5,241.5,229.1,218.9,125.9,130.6,272.4,16.7,93,414.7,1155.1,1319,738.5,193.9,226.1,176.9,216.8,172.2,178.7,118.4,297.5
20261004,20,mangwon,7601.6,11.2,67,81.5,194.3,407.1,517.2,312.4,299,181.4,195.8,250.3,210.5,205.5,392.3,0,45.9,87.9,293.2,643.3,633.8,387,294.3,289,246.8,275.9,242.3,261.8,557.8
20261004,20,mullae,8621.5,5.6,50.2,71.3,373.4,1069.2,1052.3,438,280.7,183,153.7,99.5,127.9,109.2,196.2,11.2,60,159.7,644.4,1281.3,748.5,328.5,184.3,200.4,180.6,125.1,90.6,120.6,271.5
20261004,20,myeongdong,10950.7,30.4,140,183.5,441.8,712.7,595.4,410.8,534.1,454.3,403.9,321.2,251.3,179.8,172.2,78.1,342.6,428.5,857.5,977.3,651.9,468.5,507.1,492.7,424.4,262.8,242.4,185.5,199
20261004,20,pocha,16649.6,16.7,49.9,192,862.1,1996.7,1535.6,756,521,462.7,467.1,431.7,331.8,354,486.1,45.9,86.5,462.1,1371.5,2225.7,1357.5,486.1,479.4,387.8,413.5,271.3,193.3,185.2,220.6
20261004,20,samcheong,1263.5,0,0,49,26.9,50.7,88,35.2,43.8,23.4,43.4,26.6,38.5,24.4,71.5,0,26.7,29.2,67.1,83.4,77,50.9,26.6,52.1,52,66.8,40.9,46.4,99.3
20261004,20,seochon,4979.7,5.6,27.1,60.6,175.8,445.8,424.7,225.5,157.5,116.6,116.1,99.5,123.7,90.3,108.4,11.2,50.9,79.6,381.1,569.3,499.7,246.7,139.2,153,140.9,172.3,125.3,94.8,131.2
20261004,20,seongsu,9124.4,27.9,121.1,203.3,502.7,840.5,642.7,377.8,262.2,252.7,202,189.1,103.4,93.6,86.5,5.6,320.2,608.5,1086.4,1155.5,605.3,302.4,270.2,289.8,171.4,163.2,61.3,87.9,73.2
20261004,20,sharosu,6742.3,11.2,26.7,69.4,357.9,818.7,673.1,369.9,176,167.2,197.6,156.9,136,96.5,247.9,5.6,26.6,109.6,394.6,872.9,456.6,244.6,128.1,143.6,164.8,153.7,115.2,119.8,294.5
20261004,20,sindang,7770.7,23.6,53.4,64.5,151.5,455.1,545.5,299.3,328.3,285.8,266.1,459.8,385.4,301.7,452.5,5.6,37.9,72.6,237.2,517.8,490.6,270.6,184.9,209.6,225.5,261.8,262.6,317.9,593
20261004,20,songridan,4276.7,0,19.7,42.1,160.4,371.3,395.2,175.4,150.4,130.2,75.1,67.7,105.2,48.2,140.8,0,34,150.8,308.5,413.3,405.8,216.4,175.1,100.6,131.8,61,107.4,75.6,214.8
20261004,20,yeonnam,7840.1,16.7,54.9,115.4,270,576.5,584.1,271,247.8,223.5,246.2,221.9,145.1,173.3,355.6,11.2,69.5,150.5,574.9,867.3,531.8,336.8,208.3,256.8,272.9,265.9,176.9,158.6,449.9
20261004,20,yongridan,14683.8,22.3,190.4,249.2,885.9,1566.1,1305,708.9,451.5,419.5,319,313.1,206.9,143.3,229.1,39.1,156.9,329.2,1232,1964.5,1305.7,630,342,377.3,282,323.5,217.8,185.3,288.5
20261004,21,apgujeong,5032.5,16.5,28.7,101.3,227.8,390,369.6,250.9,208.7,155.2,155.9,193.7,80.8,80.8,112.8,5.5,33.2,131.3,321.9,533.6,341,292.9,168.1,160.3,153,109.3,92.2,124.7,171
20261004,21,euljiro,5629.7,5.5,28.3,51.7,400.8,796.9,652,269.8,127.3,117.1,126.3,53.4,48.6,37.1,34.7,5.5,7.5,92.6,546.4,921.4,583.1,203.7,138.2,117,92.8,63.1,48.9,14.9,40.6
20261004,21,gangnam,12033.6,0,38.4,353.2,895.5,1480.2,1268.8,562.6,525.5,459.7,352.6,217.4,113.4,129,139.9,11,55.6,423.9,1075.7,1410.8,792.8,460.6,350.5,268.1,232.3,154,90.9,85.4,83.1
20261004,21,garosu,3824.8,0,38.4,67.5,135.7,241.6,279.9,169.3,186.1,147.7,140.9,102,48.8,36.1,128.5,11,48.3,101.1,204.3,377,335.7,185.7,135.6,158.6,93.6,103.7,87.9,55.2,201.4
20261004,21,haebangchon,7763.6,38.4,67.1,118.6,197.4,468.7,527.6,387.2,218.6,254.2,294.5,230.7,159.1,228.8,434.3,11,76.9,124.1,325.2,619.1,543.5,280,288.8,270,211.3,222.3,234.7,261.8,646.8
20261004,21,hannam,1063.1,0,0,0,51.8,146.3,123.1,34.9,33.3,20,29,32.8,5.2,8.4,11.3,0,0,8.2,81.1,173.4,110,54,26.4,28.3,12.7,13.5,4.6,0,34.9
20261004,21,hongdae,14530.6,5.5,98.9,623.7,1056.6,1529.8,923.8,441.4,382.4,362.6,325.2,218.4,157.8,119.3,153.6,11,245.2,1048.3,1792.8,1863.7,974.6,424.7,356.4,397.6,280.8,196,124,158.4,255.2
20261004,21,ikseon,2602.8,0,35.4,27.2,107.3,271.8,318,237.5,117.9,77.3,54.1,42.7,50.6,33.3,57.7,5.5,0,43,206.1,291.6,210.3,83.5,53.4,43.5,62.4,70.8,44.6,19.2,36.9
20261004,21,itaewon,12462.8,27.5,16.5,231.3,903.9,1414.1,1278.3,788.3,405.3,293.4,233,205.7,181.5,131.7,240.1,27.5,56.1,289.3,1085.4,1622.8,941.7,422.5,310.5,263.6,195.6,213.9,164,204.1,315.5
20261004,21,kondae,10393.6,5.5,30.7,432.5,982.9,1384.1,777.8,305.2,252.4,187.3,217.5,187,135.2,113.8,273,22,47.9,397,1119.6,1269,717.8,206.4,197.6,159.9,206.4,169.7,189.7,123.8,281.9
20261004,21,mangwon,7303.4,11,65.9,77.2,176.3,372.7,528.2,320,302.8,192.1,174.9,234.4,211.7,210,393.3,0,56.1,57.5,252,554.6,631.9,371.7,287.4,284.3,234.1,257.4,228.3,259.1,545.7
20261004,21,mullae,7709.3,5.5,54.9,59.5,388.3,996.5,887,368.8,239.1,184.5,143.6,84.9,118.5,108,207.8,16.5,49.4,151.6,598,1055.7,673.5,240,173.5,165.1,151,136.7,82.8,98.6,263.1
20261004,21,myeongdong,8349.3,24.4,69,171.3,362.5,603.4,471.5,323.8,443.8,362.4,298.6,273.1,172.2,110.7,127.4,22,253,370.8,735,754,514.8,344.6,304.5,321.4,326.4,206.2,139,110.8,131.6
20261004,21,pocha,14080.5,11,14.1,158.2,789.3,1865.6,1409.2,737.7,495.1,367.5,384,358.3,283.1,297.2,396.2,23.2,65.4,333.8,1161.3,1844.3,1140,390.9,348.9,239.9,273.2,200.3,161.5,158,172.3
20261004,21,samcheong,954,0,5.5,39,16.7,31,58.9,30.4,40,18.1,31.5,23.5,38.5,21.4,80.1,0,19.1,21.2,22.5,29.8,43.5,41.2,21.4,33.1,38.2,52.6,43.9,33.9,97.7
20261004,21,seochon,3480,5.5,22.6,41.9,146.8,361.8,323.3,154.1,89.8,76.6,97.4,80,78.6,72.4,93.5,5.5,15,57.1,239,389.9,305,141.2,111.6,98.9,82.7,127.1,80.4,67.9,95
20261004,21,seongsu,6166.4,27.5,103.9,138.4,361.5,550.9,432.2,295.7,203.5,147,155,156,76.9,79.4,70.6,11,150.7,386.4,744.8,719.5,421.5,192.2,142.7,146.7,131,125,46.3,73.3,63.2
20261004,21,sharosu,6579.5,11,26.3,49.8,364.4,833.8,684.5,343.1,165.8,160.9,153.5,151.8,129.4,94.3,240.5,5.5,20.9,108.2,432.9,854.9,460.8,221.2,113.2,158,148.4,145.6,107.2,112.7,277.5
20261004,21,sindang,7389.8,16.5,47,60.8,144.7,529.3,535.4,286.5,317.7,276.8,235.7,385.5,338.1,253.3,427,5.5,42.6,56.9,278.6,507.2,490.3,205.5,160.5,189.2,202.1,237,263.9,289.9,587.6
20261004,21,songridan,3777.5,0,24.6,29.6,116.1,322.8,320.4,182.2,134.3,102,76.1,69.5,110.1,44,148.2,0,29.9,99.5,226.7,395.5,308.4,222.1,165.5,68.4,127.8,68.7,95.3,82.1,207.6
20261004,21,yeonnam,7010.9,16.5,52.8,100.4,253,505.3,512.7,274.1,237.3,194.4,248.9,198,139,162.4,338.1,5.5,48.1,138.7,419,733.5,467.1,305.8,160.7,230.8,218.8,260.8,167.5,152.6,452
20261004,21,yongridan,13232.6,27.5,136.5,206.1,830.5,1435.3,1270.9,659.4,416,347,297.9,279.2,186.2,137.1,231.7,27.5,124.9,283.1,1016,1731.6,1235,556.8,286.8,298.2,255.4,303.3,199.1,170.3,283.4
20261004,22,apgujeong,4607.2,16.3,28.4,98.8,216.2,351.1,363.2,231.5,178.2,130.2,141.9,174.2,68,86.9,108.8,0,16.4,107.7,315.7,482.9,332.3,218.2,151.3,158.8,150.4,97,98.6,119.9,152.2
20261004,22,euljiro,4790.9,5.5,22.6,39.3,369.3,734.1,563.6,250.8,131.3,93.5,107,49.1,44.7,28.3,35.9,0,15,59,462.6,708.9,451.5,171.3,132.3,82.3,81.3,67.9,40.3,9.4,30.5
20261004,22,gangnam,10545.7,5.5,21.8,241.3,744.6,1303.6,1069.2,579,507.9,376.9,303.5,174.5,91.4,96.1,106.9,10.9,29.1,294.9,926.3,1217.4,776,462.1,354,251.2,206.7,132.5,81.6,76.3,85.9
20261004,22,garosu,3396.4,0,44.8,56.3,114.7,211.6,213.8,155.5,170.9,174.8,136.4,92.3,49.6,35.8,132.2,16.3,37.8,78.1,193.3,276.6,256.2,166.2,110.8,146.6,83.2,99.1,83.6,54.1,202.5
20261004,22,haebangchon,7180.9,32.7,82.9,108.7,160.4,404.9,492.3,367.4,202.9,250.7,286.2,215.7,178.5,236.5,430,5.5,76.2,110.2,263.9,449.4,475.8,259.9,250.7,263.7,198,225.1,233,254.3,647.4
20261004,22,hannam,708.6,0,0,0,22.7,83,82,42.3,28.7,15.1,28.7,22.8,5.2,8.4,14.6,0,0,0,38.8,81.8,76.2,39.9,22.8,16.6,12.7,17,4.5,0,34.6
20261004,22,hongdae,11337.5,5.5,37,453.8,903,1304.9,738.4,347.5,299.9,266.5,294.7,204.3,137.1,125.6,150,5.5,126.1,673.2,1398.9,1381.1,762.9,313.9,260.5,318.4,203.8,162.3,80.4,135.5,241.4
20261004,22,ikseon,1981.7,0,16.6,18.2,69.3,241.8,268,224,79.7,82.4,54.4,30.8,30.7,33.8,59.1,0,0,35.4,115.7,181.1,159.2,45.6,38.9,33.7,26.4,53.5,25.7,20.2,35.2
20261004,22,itaewon,13042.3,16.3,21.8,244,991.1,1676.3,1490.6,846.6,416.2,244.2,226.2,193.6,198.8,114,251.1,16.3,49.1,297,1151.7,1757.2,930.9,402.2,255.6,214.5,168.1,200.7,172.6,181,314.5
20261004,22,kondae,9803.6,5.5,16.3,323.2,1002.9,1284.7,828.9,297.8,206.6,194.7,181.4,173.1,113.1,121.1,257.9,10.9,35.2,325.2,1043.8,1235.8,683.5,205.6,186.2,144.6,179.6,158.9,171,135.5,280.6
20261004,22,mangwon,7222.2,10.9,65.3,74,173.5,362.2,512.1,340.6,300.7,188.9,177.9,236.4,217.2,212.2,389.6,5.5,55.7,68.9,217.2,532.2,562.7,354.8,305.9,278.9,258,255.8,219.8,272.9,559
20261004,22,mullae,6531.6,5.5,59.9,40,325.7,827.5,744.4,322.7,214.3,172.8,135.5,79.9,118.9,112.9,184.1,10.9,43.6,111.6,501.1,776.8,535.4,209.8,150,140.9,126.1,127.6,89.3,101,260
20261004,22,myeongdong,6096.9,5.5,31.7,115,309.3,477.4,360.7,271.2,329.9,289.4,249.3,196.2,128.2,85.1,107.1,10.9,133.5,346.7,559.9,538.1,366.4,207.3,182.2,205.6,189.2,140.8,97.5,67,95.9
20261004,22,pocha,11632.5,16.3,12.7,104.5,713.8,1629.2,1254.6,675,444.1,293.9,305.9,254.5,262.6,231,325.2,17.6,34.1,237.6,970.2,1534.6,892.4,324.1,233.7,158.2,196.3,144.9,98.3,126.3,139.7
20261004,22,samcheong,797.7,0,5.5,23.3,10.4,30.8,42.6,27.1,29.2,18,37.9,23.3,34.3,21.2,75.5,0,19,0,22.7,17.9,21.5,33.5,21.8,24.4,25.9,43.8,36.4,30.6,100.1
20261004,22,seochon,2351.5,5.5,12.1,29.3,120.4,235.1,207.3,93.6,66.8,48.1,49.8,61.2,56.9,69.6,97.7,0,5.5,41.4,145.9,235.5,212.5,88.1,61.7,62.4,51.5,87.4,60.2,52.5,79.9
20261004,22,seongsu,3905.6,16.3,40.8,70.5,202.1,360.1,305.1,256.2,146.8,93.4,137.3,148,69.4,72.8,61.2,5.5,57.1,196.8,370.1,416.3,230.5,119.3,101.6,75,67.7,93.1,41.3,75.7,50
20261004,22,sharosu,6355.2,10.9,31.2,56.6,329.6,872.5,671.8,317,163.5,174.4,133.6,167.7,127.1,85.4,214.9,0,20.7,98.3,426.7,798,432.4,198.8,109.3,135.1,139.9,135.2,101.3,125.5,274.9
20261004,22,sindang,6906,10.9,30.7,63.1,121.5,530.2,495.9,272.3,284.8,270.8,194.9,349.3,320.4,224.5,413.9,5.5,26.9,47.6,317.2,496,416.7,171.2,127.4,172.1,180.8,224,268.1,291.9,565.3
20261004,22,songridan,3216.9,0,29.3,27.9,76.8,243.6,247.6,193.4,130.1,82.1,82.2,61.6,102.3,50.9,142.6,0,40.5,60.7,162.7,262.4,256.7,184.1,151.6,68.4,114.3,80.2,88,82.2,195
20261004,22,yeonnam,6472.7,21.8,48.5,103.8,205.6,435.6,460.3,259.9,226.3,191,207.8,180,142.3,161.7,336.3,5.5,42.2,136.4,332.1,603.1,406.4,271.9,178.8,225.1,233.1,252.5,163.6,169.4,458.5
20261004,22,yongridan,11268,21.8,95.8,176.1,786.4,1177,1126.3,598.2,370.6,315.2,243.8,254.2,170.4,134.8,220.8,27.2,81.7,204.3,806,1345.7,981.9,486.1,244,268.6,232.6,289.9,179.3,159.9,269.3
20261004,23,apgujeong,3960.6,16.2,28.2,79.9,190.4,336.6,292.7,214.1,142.4,126,119.3,140.1,63.2,86.2,95.9,0,16.2,80.5,282.2,360.9,271.5,167.6,130.7,131.4,115.1,93.6,102.1,109.9,142.5
20261004,23,euljiro,3805.7,0,11.6,26.7,344.7,533.3,447.9,197.1,138.8,92.6,94.3,32,36.2,28.9,37.9,0,9.5,58.7,364,548.7,312.3,111.6,116.1,80.5,55.8,48.1,37.1,9.3,28.4
20261004,23,gangnam,9116.2,0,21.6,195.3,630.2,1114,913.1,521.8,474.4,361.1,292.3,166.2,95.4,71.1,100,10.8,10.1,214.9,672.4,1055.4,676.1,407.3,325.4,265.3,178.1,101.8,55.7,63.7,93.9
20261004,23,garosu,3113.4,0,44.4,63.2,98.9,175.4,196.6,141.7,142,152.9,128.5,87.5,60.5,32.8,133.6,16.2,42.9,75,147.3,224,221.2,144,104.7,137.2,90.5,92.4,82.9,53.6,220.5
20261004,23,haebangchon,6439.4,32.4,82.2,92.9,127.2,335.2,424.6,343.5,177.6,225.4,279.9,226.9,171.1,224,411.3,5.4,70.2,102.9,193.5,322.5,375.3,228.7,214.3,252.4,204.7,216,227.1,249.1,619.1
20261004,23,hannam,576.4,0,0,0,9.7,53.5,67.6,37.6,25.8,10.2,30.5,23.8,12.9,9.5,11.1,0,0,0,29.6,49.3,67.1,29.3,26.6,7.6,4.3,14.1,4.5,7.6,34.3
20261004,23,hongdae,8540.8,5.4,36.7,277.3,721.3,941,612.6,335.6,248.4,219.9,220.2,160.9,106.3,120.1,129.9,5.4,92.4,413.9,974.3,960.6,538,242.5,191.1,260.7,181.1,144.8,69.9,120.4,207.2
20261004,23,ikseon,1515.1,0,19.9,17.4,44.5,174.6,256.9,204.2,87.2,63,52.9,25.7,32.3,27,56,0,0,14.6,48.3,84.6,75.1,33.7,41.3,30.3,14,39.1,24.5,11,34.9
20261004,23,itaewon,13581.2,16.2,16.2,248.9,1013.2,1879.1,1745.7,896.4,428.9,237,225.8,146.5,190.8,108.5,249.5,16.2,54.1,279.2,1204.4,1855.6,975.3,399.2,237.2,175.1,140.1,188.2,162.1,176.4,308.7
20261004,23,kondae,9095.2,5.4,16.2,266.6,937.2,1205.9,745.6,291,213.4,141.6,167.5,183.5,92.7,122.2,262.2,5.4,24.6,295.5,1007.3,1111.2,612.3,217.2,168.4,124.8,178.5,150.8,156.6,130.9,260.9
20261004,23,mangwon,7146.5,10.8,64.8,65.4,173.2,369.7,490.7,323.3,273.8,189.7,187.7,251.2,228.4,220.2,390.6,5.4,60.6,62.5,206.7,521.8,553.8,346.5,301.1,274.1,266.5,259.2,225.1,278.4,538.5
20261004,23,mullae,5239.9,5.4,64.8,40.1,253.7,627,565.9,246.2,182.7,173.5,114.2,72.2,110.1,104.1,171.7,10.8,54,97.3,355.8,537.1,389.1,161.8,138,128.9,98,109,74,96.1,254.9
20261004,23,myeongdong,3993.8,5.4,20.7,65.8,211.2,333.3,255.1,184.4,244.3,226.8,206.2,162.9,94.3,58.5,77.2,5.4,47.2,191.4,343,295.7,239.3,120.3,111,107.7,137.2,89,57,40.9,57.9
20261004,23,pocha,9365.8,16.2,18,82.6,543.7,1371.1,1024.7,625.1,387.1,293.6,297.6,201.6,216.1,195.2,282.5,17.4,28.5,169.7,697.5,1153.6,648.8,231.3,190.6,137.3,164.3,109.7,64.3,98.7,98.1
20261004,23,samcheong,1027,0,5.4,28.2,13.8,23.6,61.7,30.8,31.3,23.9,38.3,33.6,35.8,27.6,102.1,0,23,11.6,24,26.3,29.8,30,33.2,27.3,32.1,47.8,41.3,36.7,126
20261004,23,seochon,1687,5.4,10.8,18.5,77,171.6,169.9,63.3,47.2,53.6,32.3,56.4,52,56.7,90.1,0,5.4,26.8,81.4,134.5,141.4,53.4,41.6,39.1,30.1,54.3,45.2,33.4,79.5
20261004,23,seongsu,2721.2,16.2,24.2,27.6,93.2,238.8,247.2,178.6,107.9,89.1,101.4,109.5,61.5,69.2,61.3,5.4,38.1,125.5,182.9,248.3,139.2,65.9,81.5,67.9,75.7,69.4,43.1,69.3,47.2
20261004,23,sharosu,6125.3,10.8,31,43.8,346.7,881.3,624.9,321.5,142.1,147.9,119.5,165.3,109.3,84.4,213.4,0,20.6,78.2,432.1,761.3,424.5,195.4,109.1,110.8,127.7,130.9,87.9,115,290.4
20261004,23,sindang,6285.3,10.8,42.5,52.7,108.2,473,439.3,258.4,297.8,244.5,155.7,340.3,266.3,196.2,400.9,5.4,15.9,29.7,252.4,433.5,319.8,177.9,107,155.2,169,234.6,223.8,300.6,549.4
20261004,23,songridan,2879.2,0,29,23.1,68.2,194.7,216.1,168.7,109.2,87.7,84.8,63.7,98.7,50.5,145.4,5.4,40.2,48.4,127,183.2,207.8,170.6,138.2,67.8,101.1,83,90.4,81.6,194.7
20261004,23,yeonnam,6026.4,16.2,48.1,83.8,178.8,411.3,426,234,224.7,164.8,194.9,180.5,141.5,154,311.5,5.4,48.5,125.4,282.5,505.8,345.7,281.6,169.8,227,223.6,235.9,166.1,161.4,468.4
20261004,23,yongridan,9466.6,27,85.3,158.7,655.7,966.9,928,514.8,347.7,255.1,211.9,223.3,171.3,133.8,220.1,21.6,79.7,161.9,534,1079.8,787.3,391.4,235.8,231,212,255.7,150,154.7,272.4
20261005,00,apgujeong,3076.3,16.2,24,54.4,121.1,264.5,242,176,118.9,111.8,120.6,123.6,55.9,82,102.7,5.4,5.4,57.6,152.6,220.5,188.5,98.4,128.3,104.1,85.7,90.8,67.7,97.6,143.3
20261005,00,euljiro,2021.1,0,5.4,0,141.8,269.5,235.3,116.5,89,59.1,71.5,26.6,20.7,20.6,37.1,0,4.1,10.3,114.4,228.3,182.9,101.6,91.1,58.5,38.1,25.6,23,5.5,31.8
20261005,00,gangnam,6763.5,10.8,5.4,120.1,357.1,732.6,700.9,439.8,433,325.9,269.7,151,96.6,69.6,94.4,5.4,10.1,123.9,355.2,679.6,545.8,319.8,300.9,202.7,143.2,86.9,29.6,60.5,63.7
20261005,00,garosu,2689.5,0,49.8,48.7,91.1,180.5,159.3,103.1,121.2,114.1,91.7,104,61.3,38.1,109.9,21.6,42.9,56.9,131.8,189.6,161.2,120.2,81.8,103.7,84.5,86,80.3,49.1,204.1
20261005,00,haebangchon,6366.9,28.2,76.8,97.8,125.8,304.8,390,332.2,198.1,218.1,280.2,251,185.8,230.3,436.2,5.4,70.2,69.6,173.9,294.2,341.7,219,203.7,260.9,195.6,226.3,235.3,249.2,650.6
20261005,00,hannam,462.7,0,0,0,9.9,37.6,63.9,22.3,14.5,7.8,27.3,16.7,0,4.8,7.1,0,0,4.5,17.4,37.6,55.3,29.9,21.2,7.6,0,17.7,7.8,6.4,38.9
20261005,00,hongdae,4565.6,0,15.1,148.7,324.5,392.6,321.6,228.8,183.7,136.5,163,158.1,75,84.8,121.2,10.8,25.7,152.6,360.4,339.1,309.1,142,131.3,132.8,139.4,100.2,61.9,94.8,192.6
20261005,00,ikseon,1075,0,7.3,17.6,19.8,114.8,166.1,190.3,65,45.8,36.6,22.6,26.6,19,54.7,0,6.6,4.2,9.8,26.9,28.4,34.1,33.6,18.8,20.6,29,27.3,11,38.6
20261005,00,itaewon,13486.3,16.2,10.8,222.3,1065,2152.6,1889.5,884.1,431.9,237.7,196.1,143.8,180.4,115.2,259.9,16.2,48.7,241,1111.9,1701.8,928.8,337.2,210.6,138.3,102.1,183,162,172.6,315.8
20261005,00,kondae,7473.6,10.8,10.8,200.8,706,1031.9,660.9,277.3,182.7,142.2,202.2,153.9,83.4,109.4,258.5,5.4,16.2,160.1,681.4,834.8,522.2,178.4,133.1,102.4,142.8,143.5,145.9,120,253.8
20261005,00,mangwon,7149.4,10.8,59.4,62.1,143.3,379.7,479.3,326.1,290,214.4,203.1,262.8,229,212.6,385.4,16.2,66,68.9,221,465.5,508,363.4,300.7,291.7,278.4,246.7,235.2,283.8,539.3
20261005,00,mullae,3618.9,10.8,64.8,33.6,122.6,311.2,360,149,120,142.2,109.4,92.5,124,105.1,189,10.8,54,88.7,185.3,234.1,197.8,106.6,96,104.7,94.4,82.8,72.6,100.1,243.2
20261005,00,myeongdong,1825.1,5.4,15.3,19.7,14,99.3,143.1,100.5,154.2,172.3,143.3,146.8,86.1,41.4,38.5,10.8,16.2,15.5,21.5,74.1,88.9,53.8,67.1,54.7,74.1,39.3,33,25.2,32.4
20261005,00,pocha,6263.2,5.4,33.5,57.5,335,920.8,736.9,457.6,330.2,230.1,199.1,160.1,165.2,154.5,259.6,17.4,25.7,52.2,362.2,601.1,345.2,122.9,154.6,96.9,127.1,97.5,59,62.8,89.3
20261005,00,samcheong,971.6,0,0,31.4,10.4,13.1,44.4,28.3,32.6,23.7,37.7,39.7,36.6,27,101.7,0,13.4,7.2,13.9,18.7,43.3,24.7,32.7,28.5,25.9,47.2,39.7,39.5,120.5
20261005,00,seochon,1009.2,5.4,5.4,6.9,29.6,78.6,94.7,42.3,20.2,54.3,28.1,44.4,36.8,53,59.5,0,5.4,7.8,18.4,55.4,48.3,33.8,25.1,34.7,25.6,38.6,40.2,20.3,74.4
20261005,00,seongsu,1950,5.4,19.6,13.1,73.7,163.2,164.2,149.6,84.8,78.4,113.3,108.6,71.3,83.2,58.6,0,10.2,32.5,54.4,125.5,81.3,53.4,50.3,51.3,55.3,55.9,30.3,75.1,52.2
20261005,00,sharosu,5759.7,10.8,41.3,31.3,315.6,765.9,593.4,268.4,119.9,122.8,131.8,135.8,117.5,75.2,212.1,0,25.7,62.9,396.9,745,397.8,208.6,104.3,86.3,141.3,131.6,87.1,137.2,283.7
20261005,00,sindang,5737.5,10.8,37.1,57.9,105.3,329.1,366.7,206.9,267.9,227.8,156.2,335.2,258.5,210.7,405.1,5.4,25.7,41,188.7,376.5,249.1,142.5,97,159.4,171.7,225.6,243.1,296.9,535.4
20261005,00,songridan,2589.5,0,36.3,23.1,48.8,169.5,200.7,176.9,99.8,82.2,73,72.3,104.8,57.9,137.4,0,33.6,48.5,51.1,115.3,183.1,153.8,114.3,71.1,98.5,92.1,90.9,70.1,184.5
20261005,00,yeonnam,5560.2,21.6,58.9,83.7,142.2,381.7,388.8,223.7,213.6,166,166.7,159,134.4,139.5,320.5,5.4,47.3,101.7,244.9,443.1,278.7,255.1,190.8,207.6,219.2,212.9,151.4,155.5,444.4
20261005,00,yongridan,7360.6,21.6,59,137.2,577.3,571.4,725.7,416.2,285,213.6,208.5,207,156.4,113,218.3,16.2,75.6,108.8,305.1,660.4,576,336,198.1,208.5,226.5,236.7,122.6,127.8,252.3
20261005,01,apgujeong,2870.3,10.8,24,50.2,107,242.4,224.8,155.6,103.8,115.9,112.2,119.8,58.3,84.1,102.7,5.4,5.4,57.6,102.6,188.3,176.8,89.9,122.1,104.6,85.7,87.4,69.9,101.3,143.3
20261005,01,euljiro,1731.9,0,10.8,0,125.6,207.5,196,105.5,83.9,51.2,64,17.3,20.7,18.2,37.1,0,4.1,10.3,71.6,184.1,153,81.4,95.8,55,38.1,24.2,25.2,5.5,31.8
20261005,01,gangnam,6201.8,10.8,5.4,94.5,304.1,722.7,627.3,412.6,404,270.5,253.5,148.7,101.8,64.7,92,5.4,15.5,93.1,342.1,596.7,518.5,302.8,249.3,180,113.8,85.7,33.7,57.3,68.6
20261005,01,garosu,2681.1,0,49.8,58.6,91.1,177.8,155.5,85.8,125.4,121,91.7,101.3,60.1,34.5,118.2,21.6,42.9,51.6,149.8,193.8,144.3,110.3,76.8,113.6,81,88.9,83.2,49.1,200.3
20261005,01,haebangchon,6289.2,28.2,76.8,92.6,123.9,302,379.6,323.9,204.2,211.6,285.1,247.1,180.9,234.5,426.4,5.4,70.2,61.3,163.2,303.1,339.7,212.7,197.9,256.2,195.6,220.9,231.6,249.2,646
20261005,01,hannam,1028.4,0,7.2,10.2,31.9,103.6,110.9,53.9,42.8,22.9,44.8,30.7,14.4,18.8,39.9,0,6.9,14.3,39.4,74.5,88,43.5,33.7,16.4,17,32.7,21,19.7,80.3
20261005,01,hongdae,4108.1,0,15.1,146.6,294.5,331.3,264.8,186.2,162.1,144.2,154.7,149.7,75,87.5,129.8,10.8,25.7,142,298.2,290.3,283.5,120.4,115.1,118.1,112.1,93.8,59.5,90.6,187.3
20261005,01,ikseon,997,0,7.3,17.6,15.8,99.9,127.5,151.5,65.8,56.7,44.3,22.6,26.6,17.6,57.5,0,6.6,4.2,4.6,25.6,33.3,32.5,30.4,18.8,24.4,29,27.3,11,38.6
20261005,01,itaewon,13340,16.2,10.8,232.4,1066.3,2143.4,1858.1,834.7,418.9,241.3,189,136.6,172.8,118,265.2,16.2,48.7,237.7,1071.9,1692.7,939.4,332.7,208.8,140.1,105.6,181.8,162,172.6,311.4
20261005,01,kondae,7125.6,10.8,10.8,213.5,677,977.9,617.1,251.6,173.6,129.4,179.5,150.1,83.4,99.3,249.4,5.4,16.2,170.5,654.6,795,495.2,161.6,127.2,96.2,135.8,140.9,125.3,125,253.5
20261005,01,mangwon,7149.6,10.8,59.4,62.1,150.4,356.4,469.4,324.4,295.1,215.5,206.7,257.7,234.2,212.6,389.1,16.2,66,68.9,222.3,465.2,513.9,360,288.1,294.9,285.5,250.7,238.9,283.8,544
20261005,01,mullae,3163.5,10.8,64.8,28.2,96,242.2,248.8,124.1,113.8,149.2,114.6,92.5,124,109,184.1,10.8,54,89.8,123.3,167.3,127.4,98.6,82.5,104.7,90.5,82.8,72.6,96.1,243.2
20261005,01,myeongdong,1709.8,5.4,15.3,19.7,16,104.7,141.8,101.7,143.5,164.7,128.3,140.8,79.2,45,35.8,10.8,16.2,12,24.4,39.8,76.4,46.8,63.5,52.9,62.4,29.2,36.7,25.2,34.5
20261005,01,pocha,5572,5.4,33.5,57.5,310.8,842,644,387.3,292.8,211.6,175.1,145.7,159.2,125.5,253.9,17.4,25.7,44,299,487.7,298.4,118.7,152.5,89.8,110,87.4,55,47.8,86.7
20261005,01,samcheong,965.7,0,0,31.4,10.6,12.5,44.5,28.3,32.6,23.7,37.7,36.9,36.6,23.2,101.1,0,13.4,7.2,13.9,18.2,38.5,24.7,33,28.8,28.2,47.2,39.7,39.8,120.3
20261005,01,seochon,928.6,5.4,5.4,6.9,16.3,66.9,78.3,38.8,8.7,49.3,34.7,41.9,36.8,46.2,56,0,5.4,7.8,20.2,55.3,44.5,31.1,22.6,34.7,25.6,35.4,40.2,26.1,74.4
20261005,01,seongsu,1882,5.4,19.6,8.7,71,135.9,148,156.3,88.8,68.8,122.4,108.6,71.3,79.3,58.6,0,10.2,31.2,65.3,111.2,76.4,48,46.2,51.3,55.3,55.9,32.4,71.3,52.2
20261005,01,sharosu,5545.9,10.8,41.3,28.9,280.5,723.8,594.2,255.9,116.6,111.3,122.4,138.9,122.8,75.2,204.6,0,25.7,68,345.1,722.9,401.6,198.1,105.3,81.8,137,131.6,74.8,137.2,283.3
20261005,01,sindang,5549.2,10.8,41.4,57.9,103.4,313.2,341.1,192.2,250.1,223.7,147.6,328.9,273.3,208,397.2,5.4,25.7,41,161,345.5,231.9,145.6,87.2,165.2,173.3,225.5,230.1,293,525.7
20261005,01,songridan,2546,0,36.3,23.1,52.9,152.2,188.8,165.4,96.8,85.4,74.2,76.8,97.5,61.5,137.4,0,33.6,48.5,47.4,98.4,193.9,150.8,114.3,74.5,98.5,92.1,91.3,70.1,184.5
20261005,01,yeonnam,5460.4,21.6,58.9,78,139.2,374.6,370.1,216.8,204.9,147.3,157.7,151.9,138.2,135.6,316.5,5.4,47.3,94.3,246.3,437,275,260.2,193,207.1,226.6,205.1,151.4,156.2,444.4
20261005,01,yongridan,6614.2,21.6,53.6,127.9,531.6,528,575.2,376.6,244.5,200.1,182.9,199.6,154.9,109.5,222.7,16.2,55,104.7,294.2,522.2,487.1,287.4,190.3,202.7,197.2,223.7,122.6,133.6,248.8
20261005,02,apgujeong,2489,10.7,23.8,45.5,82.1,159.4,175.9,103.8,84.1,100.6,110,127.2,57.9,80.4,101.9,5.4,5.4,59.6,73.8,136.5,144.8,71.5,121.9,112,85,82.7,69.3,100.5,142.1
20261005,02,euljiro,1537.5,0,11.9,0,95.3,188.7,139,111.8,80.3,53.9,63.5,18.8,25.7,18,36.8,0,4.1,10.2,53.2,144.4,127.3,67.5,96,50.7,35,24,25,5.5,31.6
20261005,02,gangnam,5412.6,10.7,5.4,77.5,287.7,626.6,515,337.2,355.5,257.5,230.8,120,99.4,64.1,88.9,5.4,15.4,93.1,286.7,499.1,434,260.6,201.7,147.9,110.3,87.4,29.4,60.3,68.6
20261005,02,garosu,2688.1,0,49.4,58.4,110.4,176.3,166.8,91.5,134.2,110.9,85.9,103.2,56.9,34.3,112.5,21.4,42.5,58.4,144.1,188.5,150.2,109.5,71.6,110.3,76.8,91,79.2,48.7,198.7
20261005,02,haebangchon,6137.2,28,76.2,87.2,99.4,275.6,372.2,315.4,194.5,219.3,288.6,228,179.5,238.2,426.7,5.4,69.6,60.8,165.6,289.8,317.6,212.8,188.1,248.8,194,219,226,250.5,641.1
20261005,02,hannam,368.1,0,0,0,10.4,37.7,40.8,18.1,26.3,4.4,27.1,15.3,0,4.7,8.2,0,0,0,0,19,43.2,24.7,13.9,0,0,17.5,4.5,6.3,38.6
20261005,02,hongdae,3583.6,0,18.6,135.9,239.6,285.4,190.7,179.9,134.8,118.4,145.2,136.3,73.9,80.3,128.7,10.7,20.2,118.6,201.7,230.8,261,115.5,104.7,122.7,98.1,83.6,50.5,91.2,186.4
20261005,02,ikseon,996.8,0,7.2,17.4,18.7,79.3,146.1,138.5,68.9,50.8,50.1,22.7,26.4,21.8,57,0,6.6,4.2,8.7,28,30.1,31.3,30.1,14.5,27.8,34.4,27,10.9,38.3
20261005,02,itaewon,12472.8,16.1,5.4,209.8,966.8,2013.9,1770.3,791.3,392,234.7,189.8,125.7,167.6,112.9,263,16.1,44,236.3,982.1,1551.4,821.5,318.9,197.5,130.5,91.6,173.2,157,169.5,309.6
20261005,02,kondae,6816.1,10.7,10.7,142.7,633.3,946.7,569.4,239.6,176.1,128.9,173.9,148,90.2,103.3,247.3,5.4,16.1,169.9,610.3,755.2,458.5,159.7,130.1,106.9,135.4,146.8,118.7,126.3,255.9
20261005,02,mangwon,7065,10.7,58.9,61.6,165.4,340.9,454.1,324.2,288.4,213.1,212.3,255.6,232.3,206.6,385.9,16.1,70.8,68.3,212.9,462.1,503.9,347.2,276.5,295.6,283,246,240.7,281.4,543.4
20261005,02,mullae,2784,10.7,64.3,22.3,80.9,167.3,191.4,109.5,102.4,127.3,103.3,88.3,119.2,104.1,193.3,10.7,48.2,70.3,92.4,135.3,91.4,81,77.8,93.9,85.1,78.5,75.5,91.4,246.8
20261005,02,myeongdong,1596.3,5.4,15.1,14.2,10.5,75.5,120.8,98.1,149.4,166.6,126.1,136.7,67.9,32.4,34.2,10.7,16.1,8.2,23.4,50.4,79.6,40.2,63,37.4,58.3,24.9,30.2,25,34.2
20261005,02,pocha,4554.8,0,33.2,54.7,234,674.7,473.5,301,229.2,165.2,161.5,136.5,147.4,110,249.9,11.9,26.6,31.2,223.7,352.5,232.5,110.5,137.3,73.2,104.6,88.3,54.6,43.8,85.7
20261005,02,samcheong,951.6,0,0,31.1,10.5,14.3,36.5,30.5,32,24,37.5,36.5,36.2,27,100.2,0,13.3,7.1,13.8,18.1,37,24.5,34.6,24.5,27.7,46.7,42.5,39.2,116.8
20261005,02,seochon,841.6,5.4,5.4,4,16.1,40.2,60.7,30.2,5.6,41.3,38.4,40.4,36.2,45.9,58.2,0,5.4,7.8,13,43.2,37.9,30.8,22.4,34.5,25.4,37.3,40.4,25.9,73.8
20261005,02,seongsu,1811.4,5.4,19.4,8.7,53,123.4,147.3,145.1,90.3,72.2,111.6,107.3,73.3,84.1,59.8,0,10.1,32.8,52.3,108.9,75.4,48.8,45.8,43.6,49.7,54.4,30,70.7,52.8
20261005,02,sharosu,5343,10.7,41,23.6,261.8,682.6,582.1,224.6,109.4,107,121.3,136,115.3,74.6,202.9,0,25.5,63.2,315.3,690.3,412.4,187.8,100.4,88.2,135.8,133.7,74.1,132.5,276.2
20261005,02,sindang,5295.6,10.7,35.7,57.4,79,274.6,329.1,180.1,228.1,215.1,141.3,313.7,268.5,217.1,380.8,5.4,25.5,49.6,141,311.2,226,136,80.4,148,178.5,231.6,231.1,286.1,509.9
20261005,02,songridan,2534.2,0,36,22.9,60.7,147.9,191.4,152.9,100,84.8,77.2,76.1,100.1,61,140.2,0,33.3,51.6,43.6,93.5,188.1,149.5,120.7,70,101.3,88.3,90.5,69.5,183
20261005,02,yeonnam,5380.3,21.4,53,73.2,128.6,369.7,349.5,213.2,204.4,152.6,161.4,159.5,137.1,138.7,309.3,5.4,41.5,98.4,251.4,426.9,273.7,261.5,186.5,190.2,227.6,216,150.1,151.6,428
20261005,02,yongridan,5912.1,21.4,53.1,113.7,488.9,407.8,475.7,292,225,187.9,171.5,186.6,157.4,124.2,221.8,21.4,50.6,89.9,241.5,449.4,432.8,270.9,173.3,179.9,166.6,207.3,120.8,127.6,249.3
20261005,03,apgujeong,2294.7,10.7,23.8,29.3,69.9,146.5,155.9,90.6,87,91.5,102.2,131,57.8,73.4,93.4,5.4,5.4,57.5,57.3,109.8,104.8,68.5,120.4,108,85,82.7,69.9,96.5,146.9
20261005,03,euljiro,1286.2,0,11.9,0,59.8,156.2,94.3,107.7,74.6,42.6,58.2,17.1,25.7,20.4,35.8,0,4.1,10.2,30,98.5,105,73.3,94.8,46.8,30.6,24,17.1,11.3,25.9
20261005,03,gangnam,4974.4,10.7,5.4,77.7,230,489.7,444.1,319.3,322.8,255.8,234.4,115.2,104.9,59.5,93.6,5.4,15.4,91.6,255.4,451.8,404.4,252.3,188.9,150.3,110.3,90.4,32.3,58.1,69.8
20261005,03,garosu,2637.7,0,49.4,58.4,103.9,186.4,165.9,87.1,122.5,108.4,90,108,56.9,37,116.9,21.4,42.5,58.4,114,176.3,142.5,106.4,74.5,116.5,76.8,87.8,79.2,48.7,198.7
20261005,03,haebangchon,6160.2,28,76.2,92.2,94.3,270.2,372.2,318.5,194.2,222.6,306.4,224,175.7,238.1,425.3,5.4,69.6,60.8,170,291.1,325.1,200.1,187.7,248.7,198.1,215.1,235.2,245.9,649.9
20261005,03,hannam,968.7,0,7,10.4,36.5,89.3,93.3,50.2,49.2,25.4,40.3,32.6,13.8,18.3,40,0,6.7,9.4,39.4,64.5,72.2,50.1,28,15.6,16,31.8,20.5,19.3,79.6
20261005,03,hongdae,3371.4,0,18.6,113.6,261.3,256.1,167.8,164.4,135.5,119,139.9,126.7,73.9,82.7,123,10.7,25.5,111,165.7,181.9,221,128.7,105.9,127.1,91.2,81.5,48.1,95.2,182.7
20261005,03,ikseon,947.7,0,7.2,17.4,11.7,70.2,120.1,121.6,68.3,46.8,50.1,24.2,28.3,21.8,59.9,0,6.6,4.2,8.7,29.7,30.1,26.3,34.3,14.5,31.5,34.4,27,14.8,38.3
20261005,03,itaewon,11446.8,16.1,5.4,167.6,914.3,1865.1,1615.9,717,354.8,213.6,192.5,120.1,167.6,112.9,266.7,16.1,44,217.3,847.9,1367,728.5,310.3,180.5,115.4,90.7,173.2,157,165.9,291.2
20261005,03,kondae,6446.2,10.7,10.7,118.8,503,849.5,544.3,241.9,173.2,129.9,171.8,136.9,85.7,113.1,251.1,5.4,16.1,175.9,559.9,708.6,461.9,155.7,124,116.5,135.4,137.7,123.2,126.3,259
20261005,03,mangwon,7068.3,10.7,58.9,61.6,155.5,337.6,456.9,310.3,286.7,212.7,208.6,251.4,232.3,215.4,385.9,16.1,76.2,71.1,209.2,453.4,509.8,342,280,295.6,290.8,250,241.2,289.6,551.9
20261005,03,mullae,2523.9,5.4,64.3,27.3,63,133.4,146,97.5,95.3,124.2,102.1,76.5,117.9,96.3,188.5,10.7,48.2,65.5,57.3,87,70,77.8,69,89.8,85.1,82.2,79,91.4,251.7
20261005,03,myeongdong,1498.4,5.4,20.5,14.2,20.2,73.5,122.4,90.3,151.4,153.7,114.7,120,70.3,28.9,29.5,10.7,16.1,4.2,6,36.3,65.5,40.2,63,32.7,41.6,21.4,23.9,28.6,34.2
20261005,03,pocha,3779,0,33.2,42.8,184.1,483.9,379.7,230.6,192.7,141.5,138.9,128.6,127.7,107.8,245.4,11.9,26.6,31.2,182.9,274.2,178.1,86.5,118.4,73.2,97.2,87.7,47.8,39.8,79
20261005,03,samcheong,954,0,0,27.6,10.5,16.3,37,30.2,32,24,37.6,36.5,36.2,27.3,100.5,0,13.3,7.1,20,18.4,37.1,24.7,34.6,24.5,27.7,46.7,42.5,39.2,116.2
20261005,03,seochon,776.2,5.4,5.4,4,16.1,40.2,45.7,27.3,5.6,41.3,24.5,40.4,32.7,45.9,58.2,0,5.4,7.8,7.5,39.1,31.5,24.2,22.4,30.1,25.4,37.3,37,24,69.9
20261005,03,seongsu,1787.8,5.4,19.4,8.7,47.7,113.2,138.3,148.5,81.2,72.2,106.8,107.3,77.6,78.1,66.6,0,10.1,32.8,59.1,113.5,76,43,42.2,43.6,56.9,52.2,30,61.9,57.7
20261005,03,sharosu,5192.9,10.7,41,21.1,226.4,673.2,574.7,228.4,105.5,119.3,131.3,129.9,107.1,71.7,199.3,0,25.5,55.8,296.3,651.6,404.4,185.6,91.7,84.1,139.5,133.7,74.1,132.5,271.6
20261005,03,sindang,5159.4,10.7,31.4,62.8,75.1,226,303.1,170.3,237.2,209.1,146.2,313.6,262.8,228.3,383.3,5.4,25.5,49.6,130.3,276.2,219.9,132.3,81.5,155.9,171.3,227.3,222.4,282.8,515.1
20261005,03,songridan,2555.4,0,36,22.9,58.2,157.9,194.6,155.2,105.5,88,77.2,76.1,96.7,61,140.2,0,33.3,46.7,47,97,196.8,152.7,117,73.9,101.3,88.3,87.4,65.7,178.9
20261005,03,yeonnam,5341.1,21.4,53,73.2,125.7,335.3,334.9,222.8,208.5,156.4,156.3,158.9,141.4,138.7,318.1,5.4,41.5,103.2,248.6,434,272.4,250.7,186.4,190.2,227.1,209.9,147.7,151.6,428
20261005,03,yongridan,5456.1,21.4,53.1,104.6,440.9,347.3,389.9,262.9,226.3,174.5,158.8,187.7,155.7,124.7,222.8,21.4,63.9,77.1,193.8,376,386.1,264,159.8,172.7,169.1,210,125.6,127.6,238.4
20261005,04,apgujeong,2186.5,10.7,23.8,29.3,69.3,130.7,125.5,65.7,75.5,89.5,113.2,121.9,54.2,80,97.5,5.4,5.4,57.5,58.2,83.6,101.2,58.2,112.3,103.9,89.4,83.9,69.9,108.4,147.7
20261005,04,euljiro,1149.8,0,11.9,0,31.6,107.8,80.8,104.1,67.1,43.3,66.5,15.8,25,24,35.8,0,4.1,10.2,20.6,74.8,87.9,71.9,92.1,46.8,33.4,24,24,11.3,20.6
20261005,04,gangnam,4672.6,5.4,5.4,71.3,200.8,433.8,411.7,271.6,307.6,247.3,231.4,127.7,104.9,59.5,88.3,5.4,15.4,74.5,235.8,408.7,388.9,245.7,183.5,151.2,107.1,93,36.7,55.3,68.6
20261005,04,garosu,2539.8,0,54.7,61.1,78.2,169.8,149,77.4,131.2,109.6,90,106.8,56.9,37,116.9,21.4,42.5,58.4,113.6,144.5,136.9,103.6,73.4,114.6,73.3,87.8,77.1,48.7,202.1
20261005,04,haebangchon,6205.5,28,76.2,92.4,98.6,282.2,376,317.3,193.8,244.3,306,227.1,175.8,228,429.1,5.4,69.6,60.8,169.3,290.5,317.9,210.3,187.8,248.6,201.7,214.4,239.2,246,649.8
20261005,04,hannam,923.8,0,7,9.5,37,77.6,94.9,45.4,51.1,25,44.4,33,14,21.5,39.8,0,6.5,8.6,35.1,44.7,66.1,40.7,27.6,16,16.1,32,20.5,19.4,80
20261005,04,hongdae,3229.6,0,15,97.3,231.8,247.5,154.2,156.2,125.7,114.3,145.4,119.6,76.4,79.3,129.1,10.7,25.5,124.6,140.5,195.7,201.2,124.4,101.4,122,84.7,83.7,46.7,94,170
20261005,04,ikseon,805.7,0,7.2,17.4,11.7,33.9,80.3,82.7,50.6,42.9,47.6,22.7,30.2,25.3,59.9,0,6.6,4.2,4.6,31.5,30.1,23.7,34.3,14.5,27.8,34.4,30,13.5,38.3
20261005,04,itaewon,9939.1,16.1,5.4,162.4,786.7,1556.8,1290.7,607.7,299,190.4,179,108.4,158.9,109.4,272.1,16.1,44,170.2,706.5,1163.9,613.7,298.8,180,111.2,90.7,178.9,157,165.9,286.3
20261005,04,kondae,6165.3,10.7,10.7,101.4,448.4,802.9,524.6,229.2,175.8,131.3,161.1,140.4,82.4,107.2,247.3,5.4,16.1,172.9,525,678.7,425.5,152.1,124,115.2,135.4,145.1,116.3,126.3,254.1
20261005,04,mangwon,7058.6,10.7,58.9,61.6,155.5,340.4,463.1,305.2,289.8,212.1,209.9,246.2,228,215.4,385.9,16.1,76.2,67.1,209.2,456.4,504.7,347.7,276.6,295.6,294.4,254.8,232.8,281.3,556.1
20261005,04,mullae,2349.2,5.4,69.6,27.3,52.9,93.3,89.9,74.7,92.3,122,97.6,79.9,117.9,100.2,180.1,10.7,48.2,60.2,48,66.5,49.6,74.4,80.9,89.8,84.9,82.2,86.1,95.4,251.3
20261005,04,myeongdong,1493.6,5.4,20.5,14.2,11.7,69.5,113.5,85.6,151.7,156.5,118.3,121.8,59.7,27.7,36.8,10.7,16.1,4.2,11.2,36.3,65.5,43.3,69.7,32.7,45.8,21.4,23.9,32,34.2
20261005,04,pocha,3120.9,0,27.9,42.8,137,301.2,313.1,189.3,162.2,128.1,132.2,118.6,112,100.3,243.6,11.9,25.4,31.2,128.7,189.8,145.4,73.8,105.2,73.2,92,83,46.1,27.3,76.4
20261005,04,samcheong,949,0,0,27.6,10.5,16.5,40.5,30.1,32,24.3,33.2,36.5,36.5,27,96.2,0,13.3,7.1,20,18.4,37.1,24.9,34.6,27,27.7,46.7,42.5,39.2,116.2
20261005,04,seochon,751.8,5.4,5.4,4,13.3,33.9,35.8,27.3,5.6,51.2,24.5,40.4,36.3,42,54.7,0,5.4,7.8,7.5,35.4,21.5,24.2,22.4,30.1,25.4,37.3,37,22.8,69.9
20261005,04,seongsu,1775.5,5.4,19.4,8.7,47.4,113.3,136.7,150.2,83.7,67,104.9,107.3,70.7,95.4,64,0,10.1,30.9,61.6,100.2,73,44.9,42.2,43.6,49.7,52.3,32.2,61.9,57.7
20261005,04,sharosu,5148.1,10.7,41,22.4,218.1,638,564.1,231.2,108.5,115.3,130.9,133,107.1,74.6,202.9,0,25.5,47.9,294.3,657.6,396.2,186.5,99.1,84.1,139.5,130.7,77.2,132.5,273.7
20261005,04,sindang,5092.3,10.7,36.8,67.6,70.3,199.6,313.1,162,232.4,216.5,139.2,294.7,260,237.7,378.2,5.4,25.5,36.9,126.9,272.7,209.9,134.3,82.2,157.1,166.9,225.3,220.3,287,515.1
20261005,04,songridan,2570.1,0,36,22.9,58.2,166.4,194.6,160.1,101.7,89.2,77.2,72.7,103.6,61,140.2,0,33.3,46.7,47.3,99.8,189.2,152.7,117,73.9,101.3,88.3,87.4,70.3,178.9
20261005,04,yeonnam,5306.1,16.1,53,77.6,109.8,341,315.1,213.7,199.7,153.8,156.3,162.8,137.9,142.6,321.5,5.4,41.5,95.3,234.9,439.9,275.8,251.3,192.2,194.1,227.1,211.4,151.5,152.8,432.3
20261005,04,yongridan,5118.2,21.4,53.1,81.4,402.4,284.1,352.8,248.6,213.1,166.9,156.9,192.8,155.7,117,221.8,21.4,63.9,64.3,174.2,328.7,352.3,254.1,156.2,175.8,164.6,202.1,120.8,125.2,243.5
20261005,05,apgujeong,2143.3,10.7,23.8,29.3,68.9,125.9,107.4,45.4,75.5,97.8,107,124.8,53.5,76.7,115.8,5.4,5.4,58.7,49.9,73.2,106.5,58.2,109.1,103.9,89.4,89.6,76.3,100.5,132.4
20261005,05,euljiro,1090.8,0,11.9,0,27.7,71.1,60.2,95.8,70.8,51.4,72.5,22.8,32.1,31.5,29.8,0,4.1,5.4,25.6,64.6,75.9,67.5,92.1,52,33.4,30.4,26.9,5.5,20.6
20261005,05,gangnam,4512.6,5.4,5.4,64.8,181.5,378.5,384.1,250.8,298.2,257.4,240.6,144.6,121.5,59.5,78.5,5.4,15.4,65.9,236.2,398.1,370.3,236.5,188.5,126.6,106.7,91.6,42.7,51.3,73.6
20261005,05,garosu,2441,0,54.7,65.2,53.1,134.9,139.5,63.6,122.6,109.6,83,107.5,61.1,43.7,122.5,21.4,47.8,53,97.7,136.5,130.9,100.2,75.7,124.9,74.5,86.9,73.2,52,198.7
20261005,05,haebangchon,6253,28,76.2,92.2,98.9,286.5,378.5,341.8,197.8,241.2,303.2,230.6,180,223.7,432.3,5.4,69.6,62.4,173.5,294.4,315,210.4,187.9,256.5,197.1,217.7,227.1,252.9,652.4
20261005,05,hannam,351.2,0,0,0,6.8,28.7,32.2,13.7,31.2,7.7,26.8,15.3,0,7.6,8.2,0,0,0,5.7,11.9,41.7,22.6,11.1,0,0,17.5,7.9,6.3,38.6
20261005,05,hongdae,3140.3,0,15,71.6,231.7,250.6,142.5,167.4,122.7,110.9,121.6,114.8,69.7,70.5,132.7,10.7,25.5,129.6,150.7,183.5,191.7,120.7,97.3,117.7,84.7,95.2,41.8,94,166.9
20261005,05,ikseon,712.5,0,7.2,17.4,11.7,23.7,45.2,70.8,37.1,37.9,39,21.2,32.1,20.9,59.9,0,6.6,4.2,0,31.1,27,23.7,34.3,14.5,27.8,34.4,30,13.5,38.3
20261005,05,itaewon,8682.5,16.1,5.4,150.1,690.5,1291.3,1068.1,552.7,255,160.4,166.7,112.5,163.4,106.7,271.2,16.1,38.7,151.7,594.9,937.5,497.4,263.8,171.8,115.9,83.8,178.9,158.7,166.5,286.3
20261005,05,kondae,6039.2,10.7,5.4,81.9,445.7,775.7,519.9,224.1,174.7,135.2,167.8,140.5,88.5,119.3,235.9,5.4,16.1,134.2,489.4,674.5,411.6,158.7,129.2,115.2,138,148.8,119.5,127.4,246.1
20261005,05,mangwon,7009.2,10.7,58.9,61.6,155.5,339,470.1,302.7,299.2,212.7,214.4,236.2,232.3,215.4,366.4,16.1,70.8,62.3,208,456.6,507.2,344.5,270.5,291.8,290.8,250.8,231.8,277.3,545.9
20261005,05,mullae,2323.6,5.4,69.6,22.3,43.1,79.1,84,64.3,92.9,126.1,102.1,81.1,134.2,108.3,195.5,10.7,48.2,59.4,39.3,53.6,49.8,74.2,77.6,89.8,81.8,82.2,89.5,99.5,242.3
20261005,05,myeongdong,1575.5,5.4,20.5,18.3,11.7,72,110.1,98.8,150.9,152.5,122,131.4,78.6,30.9,46.2,10.7,21.4,4.2,14.1,30.1,71.7,51.9,69.7,36.2,45.8,22.6,25.6,39.3,39
20261005,05,pocha,2918.5,0,22.5,38.4,98.7,249.1,273,166.8,161.6,140.8,138.9,115.1,106.6,98.4,259.1,11.9,25.4,31.2,112.6,164.8,132.6,71.1,109.2,73.2,92,79.8,44.2,21.3,76.4
20261005,05,samcheong,969.6,0,0,27.6,10.5,14.6,44.5,34.1,35.6,24.1,33.4,37.2,36.3,28.2,97.1,0,13.3,7.1,20,18.4,37.1,25.2,34.6,27,27.7,49.7,39.9,39.1,123
20261005,05,seochon,799.6,5.4,5.4,4,15.3,42.9,35.8,30.9,4.7,57.3,24.5,40.4,33.9,59.1,67.6,0,5.4,7.8,7.5,31.5,21.5,26.7,30.5,30.1,24.2,40.2,34.6,22.8,69.9
20261005,05,seongsu,1863.9,5.4,19.4,8.7,50.9,121.8,146.9,145.3,79.1,83,109.4,126.1,90.9,106.7,73.9,0,10.1,26.4,54.7,100.6,73,44.9,45.9,48.5,48.2,52.3,28.9,61.9,62.9
20261005,05,sharosu,5096.7,10.7,41,29,209.7,618,542.8,240.4,113.5,109.8,123.2,128.3,117.7,80.5,202.9,0,25.5,34,300,660.3,385.5,175.5,100.8,94.7,134.9,132.3,80.4,129,273.7
20261005,05,sindang,5201.1,10.7,36.8,67.6,70.3,199.4,318.4,172.1,218.4,211.7,132.6,334.5,275.4,247.2,386.3,5.4,25.5,36.9,133.8,278.7,216.6,124.2,85.7,166.7,165.8,220.6,209.9,292.8,535.6
20261005,05,songridan,2569.2,0,36,22.9,58.2,166.4,200.3,160.1,98.9,88,80.8,76.1,103.6,57.2,145.2,0,33.3,43.1,47.3,99.8,189.2,152.7,117,70.5,101.3,85.3,90.5,66.5,178.9
20261005,05,yeonnam,5338.4,16.1,53,77.6,112.2,342.4,317.4,219,200.6,160.8,154.9,166.8,145.3,136.8,329.5,5.4,41.5,99.4,235.5,431.1,273.9,261.1,177.5,190.2,231.1,207.2,152.4,154.9,445
20261005,05,yongridan,4829.5,21.4,53.1,67.6,382.6,263.3,327.7,225.6,204.7,145.4,159.3,170,153.6,114.1,214,16.1,58.6,49.6,163,284,338.8,241.4,157.2,161,168.6,200.5,118.4,128.6,238.5
20261005,06,apgujeong,2209.5,10.8,24,29.6,71.6,117.4,103,63.4,79,95.3,105,118.8,68,97.5,129.2,5.4,5.4,62.1,58.3,72.1,106.6,62.6,109.5,109.1,86.9,80.5,77.7,97.6,138.1
20261005,06,euljiro,1169.8,0,12,0,14.5,41.6,62.1,92.9,73.4,62.2,96.5,61.5,47.1,33.3,52.6,0,4.1,9.4,23.8,63.9,71.3,65.4,88.2,54.9,33.7,32.7,29.4,5.5,24.7
20261005,06,gangnam,4542.2,5.4,10.8,60.1,132.4,342,360.2,265.3,293.4,261,239.4,147,143.7,116.4,108.6,5.4,15.5,59.3,232.4,402.6,356.3,243.3,183.7,132.5,107.7,98.5,34,55.4,87.2
20261005,06,garosu,2545.4,0,55.2,74.5,58.2,129.8,138.8,64.1,121.2,120.5,106.4,105.6,59.8,43.6,124.5,21.6,48.2,67.6,98.2,130.1,138.1,104,83.4,131.3,89.9,84.7,76.5,56.7,209.7
20261005,06,haebangchon,6327.4,28.2,76.8,101.7,113.1,283.6,383.5,348,206,237.1,307.8,232.5,181.8,220.7,437.8,5.4,70.2,67.4,170.3,308.6,332.8,211.8,192.3,263,191.1,221.2,214.3,255,645.7
20261005,06,hannam,381.1,0,0,0,4.2,29.4,29,13.8,29.1,10.2,35.3,20.6,0,7.7,8.3,0,0,0,5.7,17,42.1,25.8,8.4,0,0,17.7,7.9,6.4,38.9
20261005,06,hongdae,3134.8,0,15.1,74.9,178.5,234.8,142.4,148.6,126.9,115.6,121.2,124,71.6,79.8,154.9,10.8,25.7,94.8,152.8,195.5,199,129.5,95.3,118.7,92.8,108,43.2,100.4,163.1
20261005,06,ikseon,704.4,0,7.3,17.6,7.4,23.9,31.8,66.5,30.6,47.2,44.3,23.8,26.7,19.8,56.7,0,6.6,4.2,8.2,27.7,33.1,23.9,34.6,17.6,28.1,34.7,30.3,14.9,37.2
20261005,06,itaewon,7262.9,16.2,5.4,128,517,967.6,824.1,488.1,232.4,156,172.6,121.8,179.4,116.8,257.2,16.2,39,123.7,380.1,711.1,401.1,237.3,150.4,106.9,88.1,190.3,160,173.9,298.6
20261005,06,kondae,5885.5,10.8,5.4,69.4,374.4,721.8,514.8,223,177.8,133.6,168.3,139.4,103.3,105.1,239.2,5.4,16.2,107,450.9,664.7,415.8,170.7,130.4,118.8,143,162.6,134.8,134.5,244.4
20261005,06,mangwon,6988.5,10.8,59.4,59,152.9,345,483.7,301.1,297.7,211.1,218.7,243.2,222.7,208.4,353.5,10.8,66,62.8,203.6,464.3,514.1,347.4,279.5,291,281.8,252.1,220.1,275.5,546.4
20261005,06,mullae,2354.3,5.4,70.2,22.4,29.3,54.8,81.4,71.1,86.6,108.6,103,94.4,157.2,118.1,224.6,10.8,54,59.8,34.3,51,39.5,68.5,74.2,99.9,86.6,86.4,90.9,100.4,252.8
20261005,06,myeongdong,1966.9,5.4,15.3,14.3,21.7,90.8,133.3,124.5,162.8,199.4,164.3,165.1,101.2,75.9,54.2,10.8,21.6,4.2,37.7,53.5,82.4,51.7,76.8,38.1,50.1,42.4,29.9,56.9,53.7
20261005,06,pocha,2862.7,0,22.7,38.8,79.9,209.1,247,144.8,159.7,143,114.3,110.6,119.9,125.9,276.4,12,25.7,35.3,111.4,170.7,131.5,71.7,106.1,70.2,95.6,89.9,42.3,23.7,79.7
20261005,06,samcheong,1012.4,0,0,27.8,10.6,14.9,46.3,31.7,36.3,24.2,39,39.6,38.3,37.1,98.9,0,13.4,7.2,20.2,19.8,37.9,27.7,35.1,27.7,28.5,49.8,40.5,43,128.1
20261005,06,seochon,865.7,5.4,5.4,4,13.4,52.4,45.3,45.5,4.8,53.8,36.4,43.5,56.7,57,52.9,0,5.4,7.8,10.4,35.8,21.7,29.7,27.9,30.1,24.6,41.2,34.9,26.7,73.1
20261005,06,seongsu,2384.4,5.4,19.6,8.7,47.8,166.3,202.8,196,107.3,91.4,142.2,192.5,150.2,141.9,90.2,0,10.2,29.5,55.2,116.9,92.9,57.9,48.5,57.1,65.2,71.3,41.5,66.9,71.9
20261005,06,sharosu,5074.5,10.8,41.3,23.8,194.8,624.5,556.1,240.1,104.6,109.5,121.4,147.5,117.8,84.2,191.9,0,25.7,34.3,307.5,655.4,376,176.1,101.6,84.8,132.3,127,81.1,126.6,276.4
20261005,06,sindang,5189,10.8,37.1,72.5,62.1,184.3,325.4,178.1,213.6,211.2,127.3,337.2,281.2,247.4,398.5,5.4,25.7,37.2,131.7,252.4,200.1,128.8,77.4,165.1,176.2,215.1,219.8,315.7,543.8
20261005,06,songridan,2587.9,0,36.3,23.1,58.7,163.8,199,155.4,98,88.7,81.6,80,111.5,57.7,145.2,0,33.6,43.5,51.1,107.1,184.8,154,114.3,71.1,102.1,80.4,94.4,70.9,181.8
20261005,06,yeonnam,5295.8,16.2,53.5,65.2,116.5,338.5,331.1,225.5,195,157.2,155.4,147.1,146.4,136.7,345.5,5.4,41.9,90.5,233.5,428.1,267.6,256.4,175.5,190.6,232.2,202.4,147.3,145.3,449.4
20261005,06,yongridan,5001.3,21.6,53.6,68.8,392.7,272.2,345.5,234.3,204,159.5,149.1,194.1,184.5,126.4,232,16.2,59.1,44.6,164,289.7,330.9,238.7,165.4,169.2,179,206.4,133.6,130.5,232.8
20261005,07,apgujeong,2168.6,10.8,25.2,24.8,42.6,107.9,102.4,60.9,75.7,93.2,107.5,124.7,71.1,82.8,127.2,5.4,5.4,52.1,57.9,81.9,115.9,62.5,104.6,108.6,84.3,90.9,84.8,100.5,132.5
20261005,07,euljiro,1209.7,0,12,0,12,50.9,63.3,94,85.4,67.4,108,59.8,59.5,50.2,58.9,0,4.1,9.4,18.2,66.1,76,54.6,88.2,42,33.7,35.9,27.6,5.5,18.2
20261005,07,gangnam,4725.1,5.4,10.8,57.8,141,329.5,357.7,252.2,297.9,266.5,250.4,151.1,172.8,120.9,143,5.4,15.5,57.9,234.9,402.3,367.9,249.7,189.8,134.4,121.1,105.1,44.4,79.8,122.3
20261005,07,garosu,2558.7,0,55.2,73,63.2,122,153.6,62.8,118.9,119.9,102,125.3,58.5,52.2,119.8,16.2,48.2,69.2,98.2,126.9,140.9,109.5,83.4,113.4,91.1,80.6,86.9,52.4,212.3
20261005,07,haebangchon,6301,28.2,76.8,106,108,288.9,394.5,347.2,191.7,237.4,295.7,220.5,174.4,216.4,439.3,5.4,70.2,67.4,190.5,316,344.7,235,185,248.6,183.8,206.4,211.9,254,636.9
20261005,07,hannam,476.6,0,0,4.6,0,27.5,42.8,17.1,27.2,12.9,53.3,27,8.7,26,10.2,0,0,0,10.2,26.1,50.1,25.8,11.7,7.9,4.3,21,7.9,6.4,41.5
20261005,07,hongdae,3296.4,0,15.1,56.9,162.2,197,138.6,169.4,156.2,141.9,128.4,133.4,98.5,88,153.6,10.8,20.3,84,186.2,204.7,204.5,130.5,112.7,129.9,113.9,104.7,60.8,111,172.4
20261005,07,ikseon,760.8,0,7.3,17.6,0,23.8,32.5,67.7,34.2,41.6,49.3,26.5,58.3,24,65,0,6.6,4.2,13.5,31.3,35.9,23.9,34.6,18.5,28.1,38,24.5,13.7,38.3
20261005,07,itaewon,5586.3,16.2,5.4,108.4,279.8,555.5,559.1,406,199.2,157.7,148.6,136,186.1,142.2,247.6,16.2,39,60.7,177.3,424.7,340.6,212.3,142.3,112.1,88.4,187,155.6,176.5,301.8
20261005,07,kondae,5638.6,10.8,5.4,53.3,328.9,687.4,484.6,221.1,170.9,129.6,173.1,118.3,97.9,104.3,231.9,5.4,16.2,93.9,424.4,625,417.4,173.5,119.2,119.9,143.4,164.8,132.9,134.4,250.6
20261005,07,mangwon,6946,10.8,59.4,59,149,344.4,463.9,309.2,295,201.1,214.4,231.1,229.5,212.4,344.7,10.8,60.6,62.8,207.3,468.2,516,343.7,282.6,291.3,281.8,244.6,231.2,268.1,543.4
20261005,07,mullae,2397.6,5.4,70.2,22.5,29.6,50.2,77.4,81.2,82.8,88.2,97.3,121.5,171.3,130.1,236.9,10.8,54,54.8,38.6,50.7,41.9,76.3,83.3,99.9,82.5,91.1,95.8,96.1,241.9
20261005,07,myeongdong,2462.5,5.4,15.3,9.2,20.6,115.5,170.8,166,175.2,204.7,212.4,209.4,159.9,57,49.6,10.8,21.6,10.7,49.6,86.5,116.4,66.9,99.8,60.3,63.2,71.3,48.9,83.7,76.8
20261005,07,pocha,2804.7,0,22.7,25.4,69,189.8,221.4,134,152.1,143.8,101.3,118.3,152.9,151.4,253.2,12,25.7,39,106.2,172.2,126.4,71.7,106.1,78.7,101.8,80,34.5,23.7,86.6
20261005,07,samcheong,1079.3,0,0,28.1,10.5,21.5,52.3,37.8,37.5,29.1,53.5,49.4,47.2,39.6,92.7,0,13.4,7.2,24.5,22.3,40.6,27.8,32.3,28,29.1,51,50.3,43.5,129.8
20261005,07,seochon,985.8,5.4,5.4,4,13.4,51.3,54.7,60.7,4.5,45,42.4,57.8,61.6,59.9,48.3,0,10.8,7.8,15.8,48.8,24.7,29.5,28.6,33.6,21.7,55.6,41.3,26.1,94.2
20261005,07,seongsu,2728.3,5.4,25,8.7,57.8,180.4,215,212.7,127.8,99.3,150.5,280.8,220.8,147.9,101.9,0,15.6,33.7,62.8,143,98,60.2,51.4,53.5,74.8,86.5,48.6,62.9,65.8
20261005,07,sharosu,5013.3,10.8,41.3,19.9,188.4,622.1,551.6,237.4,104.6,113.5,119.3,144,120.1,77.3,187.6,0,25.7,37.2,299.5,665,369.3,169.5,101.6,67.9,128.6,133.6,78,125.9,268.2
20261005,07,sindang,5344.8,10.8,31.7,68.4,66.4,188,324,181.7,192,245.3,136.9,340.3,290.9,270.9,419.6,5.4,21.1,37.2,123.7,255.6,209.1,133.6,75.8,162.5,185.8,231.9,245.7,330.9,551.8
20261005,07,songridan,2564.7,0,36.3,27.7,54.8,144,186.8,143.6,95.1,98.6,77.9,85.2,104.8,57.2,135.6,0,33.6,43.5,60.8,109.3,188.6,150.9,114.2,74.6,102.1,80.4,102.6,70.9,185.9
20261005,07,yeonnam,5273.9,21.6,53.5,69.5,114.1,326.9,337.8,217.8,192,150.9,156.1,159.5,143.6,141,332.1,5.4,41.9,85.7,221.3,435.4,274.4,248.4,168.7,191.8,232.2,197,155.8,150.1,444.6
20261005,07,yongridan,5755.4,21.6,65.6,63.4,431.9,291.1,368.6,239.1,245.5,201.9,192,248.8,204.6,144.8,237.9,16.2,83.8,71.2,184.2,344.2,376.3,266.2,218.4,232.7,208.6,197.6,173.1,159.4,263.9
20261005,08,apgujeong,2231.7,10.9,25.4,34.8,27.9,97.4,102.8,65.1,76.7,105.8,112.2,129.6,74.7,76.2,125.9,5.5,5.5,52.9,60.4,97.6,118.9,63.2,101.7,105.1,88.8,88.2,82.3,99.8,153.9
20261005,08,euljiro,1377.5,0,12.1,0,12.1,49.9,48.8,89.8,100.9,82,128.4,90.5,66.2,56.9,94.1,0,4.1,9.5,26.7,61.1,86,71,76.7,43,37.1,42.8,34.3,13.7,29.1
20261005,08,gangnam,5202.9,5.5,10.9,141.5,158.7,338.8,378.2,278.6,323.1,287.2,242.4,159.6,169.9,129.2,148.2,5.5,15.7,100.8,289.4,436.2,397.1,249.7,201.7,191.1,147,104.5,61,80.8,123.3
20261005,08,garosu,2690.7,0,55.7,69,58.6,123.1,176.1,69.1,127.5,145.5,99.8,126.9,73.5,53.1,123.9,16.3,48.6,59,107.8,139.3,148.8,114.5,89.9,118.7,97.8,81.3,84.9,61.6,217.2
20261005,08,haebangchon,6155.4,28.4,77.5,107.1,108.4,276.6,380.5,345.1,194.3,230.6,269.4,202.9,156.2,225.9,419.1,5.5,70.8,68,187.1,299.9,352.8,227,183.4,246.6,183.7,194.4,219.6,241.1,633.1
20261005,08,hannam,490.6,0,0,0,0,22.1,40.6,20,27.5,23.8,52.1,33.5,8.7,22.2,10.3,0,0,0,14.7,37.3,50.5,26,11.8,7.9,4.3,21.2,8,6.5,41.9
20261005,08,hongdae,3654,0,15.2,73.6,182.5,229.4,171.2,178.2,173.1,154.5,128.7,147.3,108.5,108.5,161.7,10.9,20.5,82.7,234,267.8,234.5,134.1,125.3,139.5,102,94.3,63.8,114,184.9
20261005,08,ikseon,855.2,0,12.8,17.7,0,39.9,39,70.7,40.3,47.7,57.7,31.9,63.4,27.6,62.7,0,6.7,4.3,11.7,38.3,39.3,24.1,39.1,18.7,30.1,44.6,32.5,15,37.4
20261005,08,itaewon,4845.2,16.3,5.5,90.2,186.5,394.1,398.4,386.6,195.2,142.8,156.5,132.8,183.3,143.2,274.2,16.3,39.3,33.2,104.7,275.1,312.9,199.4,147.2,114.5,88.8,185.5,151.2,155.5,310.3
20261005,08,kondae,5572.3,10.9,5.5,52.6,272.8,681.2,479.8,221.8,166.5,147.3,178.8,117.5,108.4,110.8,233.9,5.5,16.3,90.1,410.4,590.8,430.8,178.5,122.8,119.4,139.6,159.6,123,138.9,259
20261005,08,mangwon,6875.2,10.9,59.9,62.6,148.7,348.3,458.9,300.8,290.5,192.5,194.4,212.7,221.1,201.5,356.4,10.9,54.5,59.3,212.8,457.5,508.8,349.6,292.6,300.1,278.4,234.5,219.7,288.2,535.8
20261005,08,mullae,2655.4,5.5,70.8,17.2,29.9,61.9,75.3,92,116.8,109.2,108.1,195.3,214.1,148.4,272.8,5.5,49,56.6,34.6,47.7,51.9,83.3,87.4,96.5,87,83.8,101.4,104.1,238.5
20261005,08,myeongdong,3256.9,10.9,20.8,21.8,34,169.7,211,185.2,206.6,230.9,247.6,283,193,87.1,72.6,10.9,21.8,30,94.8,176.3,149,90,121.7,70.1,99.2,105.5,80.3,114.4,106.7
20261005,08,pocha,3053.1,0,22.9,25.7,63,187.3,221.2,146.6,130.1,142.5,112.5,131.6,176,198.8,314.8,12.1,27.1,42.7,118.6,173.9,134.7,77.1,120.9,81.6,108.6,84.1,56.1,39.4,100.8
20261005,08,samcheong,822.3,0,0,19.4,4.9,14.2,37.9,35.9,32.8,22.9,42.6,41.4,34.6,21.2,75.5,0,13.5,7.3,28.1,12.4,44.5,25.8,24.6,22.8,23,47.3,45.2,36.1,91.7
20261005,08,seochon,1303.5,5.5,5.5,20.2,13.5,57.4,82.8,62.8,12,54.1,49.9,77,71.6,69.9,77.1,0,10.9,7.9,44.2,60.9,35.4,61.2,39.9,50.4,36.6,66.4,46.9,53.5,108.5
20261005,08,seongsu,3191.9,5.5,25.2,19.5,76.4,216.3,239.1,252.9,156.7,142,181.6,298,228.1,156,112.6,0,21.2,41.1,87,181.7,115.1,70.7,73.8,63.3,79.1,117.9,52.1,77.7,74.5
20261005,08,sharosu,5113.6,10.9,36.4,16.6,193.9,629.7,553.3,252.2,101,110.3,113.4,143.7,132.9,87.3,197.3,0,25.9,36.1,311.3,660.3,358.4,182.4,102.7,80.6,139.7,149.1,81.8,130.9,273.1
20261005,08,sindang,5766.1,10.9,31.9,68.9,66.9,181.3,327.9,178.6,197.5,250,145.2,383.4,338.9,293,448.1,5.5,21.3,41.4,116.4,268.1,219.8,133.5,80.1,159.5,203.3,249.7,315.3,371,651.2
20261005,08,songridan,2536.7,0,36.6,28,55.2,144.8,188,137,92.8,101,78.4,93.3,96.2,57.7,138,0,28.4,43.8,57.9,106.7,190.1,148.9,106,71.2,110.3,81.4,93.5,59.1,192.6
20261005,08,yeonnam,5457.4,21.8,53.9,57.1,112.6,330,335.9,222.5,189.1,174.3,156.7,180.6,137.4,138.3,341.1,5.5,42.2,96.1,224.8,456.1,290.7,243.1,182.6,220,237.9,199,176.4,175,444.8
20261005,08,yongridan,6576.5,21.8,90.7,94.7,460.9,316.1,403.7,273.7,277.3,236.7,227.8,267.3,245.6,168.9,261.1,16.3,105,82.1,222.8,376.5,449.2,308,242.5,305.9,231.9,218.6,217.6,177.1,273.7
20261005,09,apgujeong,2630.7,11,25.6,20.1,29.4,123.2,122.2,80.4,106.4,126.2,128.2,146.7,81,80.6,130.7,5.5,5.5,57.8,98.6,140.7,169,87.1,122,130.5,92,108,92.4,118.5,159
20261005,09,euljiro,1632.5,0,17.2,0,19.5,63,56.5,110.3,115.5,89.4,142.1,104.6,100.6,56,113.5,0,4.2,14.7,28.9,71.3,87,70.7,76.4,46,62,52.7,37.2,24,63.7
20261005,09,gangnam,6913.4,5.5,17.7,161.5,232,402.3,493.9,348.1,360.4,376.4,283.7,216.4,183.9,161.5,184.7,5.5,15.8,154.2,451.4,759.7,561.9,354.5,303.1,215,174.2,130.4,100.5,110.6,130.2
20261005,09,garosu,2984,0,46.4,64.8,70.6,126.4,200.9,98,138,151,115.1,132.3,74.3,60.6,124.9,16.5,49,69.6,117.4,171.4,182.1,142,117.1,134.3,120.5,97.1,92.2,62.1,206.2
20261005,09,haebangchon,6030.3,27.5,78.1,108.1,117.7,265.5,401.6,335.3,199.1,226.9,269.3,201.4,131.8,202.5,417.5,5.5,71.4,66.9,193.5,283.4,315.4,221.7,194.2,230.6,189.3,168.6,224.1,224.6,637.6
20261005,09,hannam,555.9,0,0,0,0,37.7,36.8,20.1,31.3,21.7,44.6,40.6,25.4,22.4,10.3,0,0,10.1,14.8,52.2,55.8,26.2,23.3,8,0,14.2,9.7,7.7,37.6
20261005,09,hongdae,4908.3,0,26.6,116.1,229.5,307.2,257.3,226.9,223.2,189.7,180.7,158.1,154.2,138.8,190.3,11,20.7,102.5,387.2,432.3,333.2,206.7,155.9,187.4,130.7,122,83.4,121.3,211.6
20261005,09,ikseon,1020.9,0,12.9,17.9,0,39.3,55,75.7,35.7,52.6,71.1,36.6,78.7,39.9,71.9,0,17.4,7.9,19.5,43.7,42.6,25.2,45.8,24,52.4,50.5,35.6,24.8,42.3
20261005,09,itaewon,4481.8,16.5,5.5,74.2,120.9,312.4,355.5,367.6,215.1,140.4,187.5,143.3,175.2,132.9,251.5,16.5,39.7,29.9,83.4,211.3,288.2,211,143.9,110.4,81.7,179.5,147.7,143.9,284.6
20261005,09,kondae,5737.6,11,5.5,55.8,256.6,672.1,494.7,226.4,190,167.9,176.2,126.8,118.5,137.7,250.6,5.5,37.9,94.2,405.1,590,449.6,188,147.3,123.2,153.1,165.6,120.9,115.4,252.3
20261005,09,mangwon,6848.3,16.5,60.4,68.5,152.1,355.8,469.3,300.7,296.7,197.6,210.5,217.9,205.6,185,368.7,11,60.4,59.8,213.3,445,502.9,370.7,288.6,285.8,241.4,230.5,201.5,290.5,532.1
20261005,09,mullae,2854.3,5.5,65.9,21.7,31.4,82.8,91.3,109,117.3,126.5,119.9,184.9,254.6,164.7,278,5.5,49.4,67.9,38.5,62.7,60.3,81.8,92.2,106.3,92.8,93,82.8,100.7,255.5
20261005,09,myeongdong,4475.3,5.5,21,10.4,55.5,231.9,262.3,229.6,239,261.2,274.2,320.3,225.1,128.9,103.3,11,33.6,56,202.7,319.6,235.9,158.2,176.5,150,157.5,162.4,123.5,154.9,162
20261005,09,pocha,3598.3,0,24.6,21.6,77.9,192.7,207,147.8,137.7,174.3,172.2,159.1,193.8,229,423.5,5.5,26.1,58.5,138.7,209.6,150.9,88.6,108.5,91.7,134.9,108.5,81.9,72.9,159.6
20261005,09,samcheong,948.2,0,0,19.6,4.9,27.8,26.7,47,33.9,33.4,50.5,41.8,33.7,24.2,77.3,0,13.6,12,37.7,16.4,67.9,33,32.9,30.9,29,55.4,50.1,39.3,92.5
20261005,09,seochon,1900.7,5.5,11,29.9,14.3,100.9,135,83.5,40.9,46.5,62.9,90.9,64.2,83,83.9,11,23.2,35.8,106.9,107.1,103.5,83.4,59.7,72.5,51.9,130.3,75,60.1,109.5
20261005,09,seongsu,3849.2,5.5,52,57.1,106.9,281.6,269.1,265.9,196.1,168.4,196.9,321,229.8,153.6,111.5,5.5,59.3,88.4,129.3,265.5,162.6,86.9,96.1,77.8,114.9,130.3,45.7,82.7,74.6
20261005,09,sharosu,5184.2,11,36.8,16.7,196.4,622.1,560.2,249.6,117.3,110.1,118.8,151.8,118.5,86.7,208,0,26.2,41.4,305,655.9,364.2,179.6,116.7,91.6,150.7,155.9,73.2,128.5,286.9
20261005,09,sindang,6352.7,11,26.7,68.3,66.6,168.6,336,180.7,227.2,272.1,150.9,434.1,410.6,338.1,464.4,5.5,21.5,42.3,114.6,282.8,225,163,99.4,143.9,205.3,313.5,375.8,432.8,767.7
20261005,09,songridan,2581.1,0,36.9,28.2,61.1,158.9,189.3,143.6,93.5,102.9,94.1,95.3,101,53.4,136.4,0,28.7,40.8,75.7,107,183.8,135.7,110.5,74.1,110.8,85.6,101.5,55.7,176.9
20261005,09,yeonnam,5495.3,22,54.3,66.3,100.2,314.7,345.9,209.8,194.2,181.6,164,161.1,139.8,144.8,346,5.5,42.6,94.1,230.8,461.9,300.7,270.3,183,235.8,233,207.9,171,163.2,431.1
20261005,09,yongridan,7555,32.9,120.1,98.5,460.7,348.3,456.8,334.5,330.8,294.2,293.3,298.1,248.7,184.5,265.6,11,105.6,104.3,295.2,451.8,514.2,386.9,311.4,354.7,260.4,255.1,239.4,193.8,304.3
20261005,10,apgujeong,3197,11.1,24.6,26.8,41.6,154.5,161.3,98.8,128.8,159.9,127.6,172.8,92.1,77.3,131.9,11.1,11.1,74.3,144.6,206.8,217.6,112.8,183.4,146.1,106.7,124.8,105.9,133.8,185.4
20261005,10,euljiro,1880,5.5,8,5.5,24.5,60.2,62.8,84.7,111.5,103,158.3,123.6,120.2,69.6,175.5,0,9,9.1,51.3,97,90.2,88.6,78,65.2,64.4,71.2,31.7,43.1,65.2
20261005,10,gangnam,9107.9,5.5,17.8,222.4,312.8,495.4,692.4,442,443.3,423.4,323.9,284.9,210.8,155.7,190.2,11.1,59.3,261,671.7,965.4,759,480.7,448.7,277.9,225,190.5,174.3,161.9,190.1
20261005,10,garosu,3611.8,0,38.3,60.4,77.9,179.7,219.2,124.2,177.4,175.2,138.8,143.4,78,80.9,124.9,28.9,54.5,98.1,170.6,264.1,211.1,182.4,170.1,179.8,136,117.3,103.4,80,196.2
20261005,10,haebangchon,5875.5,27.7,73.2,98.7,118.3,264.4,393.9,326.9,190.1,207.6,269.4,183.7,159.5,173.6,405.6,5.5,72,72.5,195.2,258.5,312.5,233.4,175,217.4,200.8,183.6,209.1,219.9,604.1
20261005,10,hannam,742.9,0,5.5,0,9.1,71,53.9,33.4,33,18.9,39.7,39.8,22.3,26.6,10.7,0,0,10.2,31.9,98.8,63.7,33.7,15.7,20.9,15.3,16.9,9.8,7.8,46.8
20261005,10,hongdae,7139.1,0,33.2,142.9,311.5,391.8,408,311.2,306,251,228.7,208.4,148.3,160,218.2,5.5,99.1,247.6,570.7,797.6,569.7,276.6,256.1,250.2,187.6,160.6,134.8,169.6,294.2
20261005,10,ikseon,1291.8,0,14.6,21.4,17.1,70.6,87.6,74.5,59.4,51.5,79.1,38.6,85.2,45.2,76.8,0,16.4,12.6,33.3,61.2,61.2,37.1,59.7,40.4,66.7,62.7,37.2,37.5,44.1
20261005,10,itaewon,4546.2,16.6,5.5,69.7,90,300.1,365.1,358.6,214.3,151.4,190.4,142.4,170.9,145.8,279.6,16.6,34.5,24.6,82.1,221.1,298.5,210.3,149,102.2,88.6,202.2,149.8,141.4,299.4
20261005,10,kondae,6082.5,11.1,11.1,72.6,251.8,706,536.3,244.2,170.8,166.1,193.4,140.2,129.2,123.5,256.1,5.5,33.1,134.8,448.3,666.6,486.3,197.1,139.1,116.5,164.8,161.7,139.5,131.8,245.1
20261005,10,mangwon,6644.8,16.6,56.6,69.1,136.1,362.9,464.1,305.6,288.4,183.7,216.9,219,198.8,171.3,338.5,11.1,60.9,41.1,205.1,461.1,475.9,343.9,292.1,254.7,228.9,232.2,179.7,286.4,534.5
20261005,10,mullae,3106.4,5.5,49.8,26.2,43.3,101.2,109.4,124.9,122.3,143.8,150.2,202.5,290.3,190.9,292.7,5.5,49.8,63.2,42.2,59.5,84.3,87.2,93,108.9,94,115.6,82.6,109.8,250.2
20261005,10,myeongdong,5991.3,5.5,24.6,18.5,95.6,313,331,304.9,313.8,309.7,324.2,354.7,247.8,120.3,155.7,22.1,55.8,73.1,316.2,473,344.2,212.2,252.1,216.7,240.4,232.6,194.5,222.5,209.3
20261005,10,pocha,4335,4.8,26.8,14.7,101.4,215.8,244.2,165.5,162.2,175.1,198.9,194.6,249.8,276.8,477.9,11.1,47,59.6,167.8,215,182.9,80.6,138.9,101.1,166.2,153.7,144,103.9,254.8
20261005,10,samcheong,1120.7,0,4.7,19.7,9.6,39.4,33.5,53,32.4,30.2,44.4,39.3,41.8,34.2,78.8,0,13.8,28.5,39.8,23.7,65.7,34.7,63.8,45.5,37.7,77.4,60.1,43.5,103.2
20261005,10,seochon,2645.9,11.1,27.7,30.1,25.5,123.7,186.4,161,82.8,78.6,75.3,97.4,80.6,123.9,99.1,11.1,54.1,51.8,134.9,139.9,144.4,117.6,87,103.6,86.8,152.2,96.3,88.9,168.1
20261005,10,seongsu,5362.2,16.6,76.3,94.6,181.2,411.5,371,300,261,211.9,250.5,300.9,197,194.8,124,5.5,212.6,209.8,264.1,448,261.3,191.3,166.6,110.5,114,161.2,67.8,90.2,57.7
20261005,10,sharosu,5196.6,16.6,37.1,20.4,208.1,612.4,550.3,245.4,117.4,102.4,123.9,155.5,112.7,107.4,212.6,0,26.4,39.1,284.5,666,365.9,181,120.3,106.2,147,153.6,75.2,135.4,266.8
20261005,10,sindang,6800,11.1,32.5,59.9,81,195.5,336.3,192.8,266.4,265.6,191.6,448.3,431.4,330.9,541,5.5,26.3,28.9,122.3,298.2,216.1,170.3,111.5,159.6,193.3,352.9,402,449.8,861.4
20261005,10,songridan,2614.9,0,32.2,28.4,78.4,165.8,195.4,153.2,102.2,100.6,74.4,91.8,111.9,48.5,112.2,5.5,27.9,37.4,87.1,120,190.4,129.2,117.9,93.6,108.6,74.5,92.5,65.1,169.9
20261005,10,yeonnam,5748,22.1,60.3,57.8,113.3,340.2,358.3,242.6,207.4,188.7,199.8,167,150.7,158.6,317.9,5.5,58.4,102.2,248.4,495.1,312.8,277.5,215.6,229,222.1,218.9,186.3,150.6,429.8
20261005,10,yongridan,8737.6,49.8,163.5,135,495.5,444.6,526.3,396.2,362.2,344.9,340.9,321.5,210.8,186.5,276,16.6,138.3,103,359.2,588.8,635,480,386.6,392.8,304.6,289.8,243.4,211.1,331.4
20261005,11,apgujeong,3726.5,11.2,35.8,45.3,68.2,192.9,205.6,119.7,138.5,175.5,142.7,179,112.5,75.9,114.3,16.7,11.2,61.4,191.9,252.4,258.9,160.3,193.7,175.1,145,148.5,116.9,138.9,200
20261005,11,euljiro,2164.3,0,0,0,34.7,86.2,91.9,96.7,117.5,104.7,139.2,147.6,131.9,84.1,167.6,0,14.7,43,87.1,120.7,112,101.9,79.9,70.2,68.5,74.5,45.2,41,97.1
20261005,11,gangnam,10652.5,5.6,34.7,259,398.8,634.2,793.5,476.2,504.9,481,370,310.8,204,175.1,216.9,16.7,70.7,349.3,831.2,1139.8,890.9,525.2,502.4,327.1,305.1,248.5,168.8,185.7,216.6
20261005,11,garosu,4281.3,4.8,54.6,64.9,115.9,241.7,295.3,153.1,197.9,194.9,147,145.6,67.3,84.7,129.5,29.1,69.2,122.3,188,326.8,265.7,233,226.5,226.4,158.2,156.9,117.2,74.4,188.9
20261005,11,haebangchon,5771.8,27.9,68.2,89,120.3,266.2,382.7,337,190.8,197,272.3,204.1,152.8,165.5,369.9,5.6,65.3,81.7,201.7,295.5,296,234.6,154.6,233.1,217.9,204,191.9,183,563.2
20261005,11,hannam,1075.8,0,11.2,0,24.7,103.5,84,43.6,42.7,15.7,58.7,34.3,20.6,26.8,20.5,0,5.6,18.2,60.4,162.8,98.9,55.2,32.4,8.4,28.1,27.7,9.9,4.9,58.3
20261005,11,hongdae,10202.4,5.6,59.2,253.6,476.2,600.1,589.4,404.8,391.3,317.1,270.5,277.9,158.5,193.4,227.1,27.9,283,462.7,842.8,1163.9,831.1,451.7,396.5,337.2,298.4,209.3,189.1,205.3,278.8
20261005,11,ikseon,1797.2,0,20.3,25.2,28.7,93.6,101.4,97.8,68.3,73.6,81,60.4,104.3,53.6,100.8,0,27.9,18,53.5,99,97.2,61.6,85.5,53,125.4,120.8,45.3,43.3,57.7
20261005,11,itaewon,4847.9,16.7,11.2,78.2,100.8,299.5,404.8,377.8,208.8,191.7,188.9,171.5,182.8,143.6,310.5,22.3,40.3,32.7,77.8,245.5,275.1,213.5,190.8,113.1,93.1,219.8,171.6,171.7,286
20261005,11,kondae,6701.5,11.2,33.5,92.1,287.1,728.7,542.2,263.7,195.1,197.7,201.1,162.2,126.4,119.2,262.8,5.6,48.9,168.1,523.4,721.5,546.4,242.7,179.6,159.9,156.2,180.6,140,130.9,274.9
20261005,11,mangwon,6655.6,16.7,57,79.7,182.6,390.3,480.6,315.8,276.9,178.9,200.7,238.5,184,151.7,317.6,11.2,55.8,42.8,210.3,491.1,500.5,357.3,284.2,251.5,233.6,208.3,185.2,256.3,489.4
20261005,11,mullae,3649.1,5.6,61.4,26.4,52.5,137.5,132.3,149.9,159.4,168.3,165,226.3,288.6,176.4,283.4,5.6,67,67.2,72.7,107.5,163.1,127.2,130,147.6,121.2,148.9,101.6,98.9,254.2
20261005,11,myeongdong,8713.9,16.7,57.1,39.7,121.2,398.6,438.4,361.4,442.7,403.2,433.5,434.6,321.3,206.9,251.6,44.6,120.3,117.4,437.1,601.8,436.1,310.7,374.3,378.9,347.2,413.4,331.3,360.9,511.9
20261005,11,pocha,5888.6,11.2,18,16,136.8,270.3,273,176.5,170.3,220.1,246,265.5,301.9,352.4,803.5,0,42.8,111.4,198.7,278.7,226.7,143.6,194.5,189.5,230.2,232.4,236.2,163.8,379
20261005,11,samcheong,1716.2,0,14.1,29.6,22.7,56.3,52.9,74.3,52.8,44.1,63.8,78.6,57.5,29.1,89.4,0,19.4,52,50.2,70.3,93.4,87.1,96.2,86,94.8,135.4,73,55.6,107.2
20261005,11,seochon,3889.1,27.9,27.5,39.4,63.1,123.6,237.2,201.4,142.4,167.2,129.9,125.3,94.8,140,126.4,33.5,59.1,91,207.9,225.3,206.3,180.5,174.4,183.3,189.2,226,157.9,113,189
20261005,11,seongsu,7487.3,16.7,119.2,160.8,232.3,568.6,446.2,355.4,310.6,312.6,291.4,298.1,205.4,195.8,145.4,29.1,406.1,395.6,448.9,650.9,475.7,250,297.7,212.7,171.1,200.7,108.2,106.7,67.7
20261005,11,sharosu,5320,16.7,37.3,20.6,213,619.6,575.2,242.5,152.2,117.2,141.6,153.3,97.7,96,228.8,5.6,21.3,28.2,293.6,643.9,369.4,185.6,103.7,113.8,149.2,171.4,91.2,140.2,284.4
20261005,11,sindang,6941.5,11.2,43.9,75.8,78.7,208.4,348.6,205.6,268.4,286.7,207.2,443.7,438.3,330.1,579.1,5.6,21.8,47.3,109.8,276.2,233.4,183.1,120.7,156.5,202,369.7,422.3,418.8,838.2
20261005,11,songridan,2971.7,0,27.5,44.6,87.8,200.9,229.3,170.4,108.9,101.2,87.2,116.1,121.6,59.3,105.9,5.6,28.2,40.9,106.7,178.5,212.3,169.7,108.5,116.3,130.5,89,92.1,66.4,166.4
20261005,11,yeonnam,5908.7,11.2,59.7,64.2,118.6,373.1,365.7,253.6,222.9,210.6,193.4,173.2,141.2,151.2,292.6,0,58.9,94.3,265.8,488.9,346.7,308.4,230.1,238.7,242.7,226.7,184.8,156.4,423.3
20261005,11,yongridan,10608.9,63.9,199,187.3,537.3,598.6,646.1,505.5,452,375.2,370.6,359.8,252.4,188.4,304,40.3,163,171.6,507.3,828.3,773.9,634.4,477.2,478.1,351.1,301.2,262.2,244.9,335.4
20261005,12,apgujeong,4420.3,11.3,36.1,38.4,91.9,243.7,256.9,147.5,153.8,247,166.3,187.5,120,77.3,126,16.9,26.9,93,210.8,349.8,356.6,205.2,209.4,215.4,168.8,152.4,138.6,142.2,199.6
20261005,12,euljiro,2543.8,0,0,14.9,49.1,117.7,128.6,112.7,139.1,106.3,153,147.2,121.1,95.5,245.7,0,4.3,49.5,113.2,148,176.3,92.9,59.8,60.6,71.4,88.2,66.6,55.5,121.1
20261005,12,gangnam,11854.5,11.3,35,321.1,496.4,738.4,884.6,497.3,549.9,488.6,396.2,332.3,201,199,230.2,16.9,76.1,421.4,943.5,1271.1,1019.9,565.6,524.8,366.4,334.9,284.6,202.2,200.3,240.7
20261005,12,garosu,4818.3,4.9,66.3,73,129.9,263.5,334.9,193,218.8,216.4,133.1,143.5,71.4,79.4,156.7,29.4,64.1,120.7,224.7,417.1,347.5,319.3,249.3,225.4,171.6,159.5,124.9,67.7,212.4
20261005,12,haebangchon,6473.7,28.1,85.4,90.4,152.2,288.4,389.7,364.2,215.7,239,288.2,242.8,171.9,167.1,368.4,5.6,67.5,112.6,245.7,349.4,373,282.6,197.6,268.9,241,207.1,211.5,189.3,611.9
20261005,12,hannam,1459.9,0,5.6,0,39.6,109.1,100.1,65.6,59.3,32.7,56.6,40.3,16.7,28.3,17.7,0,0,30,102.6,233.6,153.9,106.6,41.9,46,54.6,38,9.9,13.1,40
20261005,12,hongdae,12387.1,16.9,92.2,348.1,621,786.5,739.4,475.4,420.5,404.5,312,255.5,197,164.7,238.9,63.1,358.7,631.4,1106.1,1496.1,1066.1,489.6,420.3,448.1,373.4,245.2,188.2,176,252.2
20261005,12,ikseon,2547.3,0,14.9,34.6,64.6,137.2,129.9,104.1,92.7,81.8,113.1,70.8,148.8,58.3,123.9,0,32.2,43.4,102,198.9,166.4,97,106.5,67.4,176.4,167.7,86,61,68.2
20261005,12,itaewon,5020.4,16.9,10.6,74.7,118,294.7,385.5,331.2,212.3,191.7,204.6,179.1,192.7,141,299.9,16.9,51.9,35.6,90.2,263.5,319.7,239.1,204.2,115.6,110.2,226.3,219,173.9,293.4
20261005,12,kondae,7110.8,16.9,33.8,106.7,350.1,733.5,547.6,256.3,198.5,210.9,192.9,177.8,163.6,136.1,240.2,11.3,46.2,279,599.8,738.8,595.8,242.6,194.2,151.9,148.5,181.6,147.8,144.2,264.5
20261005,12,mangwon,6727.3,16.9,51.9,66.2,183.4,380.1,479.8,317.5,271,195.1,215.5,232.1,185.9,151.5,326.7,11.3,50.6,49.3,240.3,507.7,537.4,348.2,289.8,265.6,251.5,175.9,198.6,225.6,488.2
20261005,12,mullae,4514.4,5.6,67.5,32.2,72.6,205.9,195.4,202.1,195.5,172.4,156.9,233.7,308.2,188.8,300.4,11.3,67.5,78.3,132.8,267,259.2,182.4,183.8,176.2,138.1,164.9,111.7,114.9,281.3
20261005,12,myeongdong,11128.7,16.9,81.4,67.7,179.2,469.1,583.7,415.4,536.7,468.7,487.1,491.4,383,264.2,317.1,33.8,199.9,183.8,531.6,822.2,646.1,441.6,491.8,485.5,469.3,501.3,406,444.2,705.5
20261005,12,pocha,7714.7,22.5,37.8,15.8,145.5,311.3,317.2,208.9,226.3,240.7,275.4,310.8,356.4,488.7,1077.6,11.3,64.8,134.5,267.5,414.5,343.3,205.3,234.4,331.6,351.3,328.2,269,257.6,466.9
20261005,12,samcheong,2210.3,5.6,11.3,16.1,23.2,59.5,79.2,119.4,72.7,64.5,77.8,67.5,75.5,56.9,102.5,0,31.1,57.3,68.2,106.9,104.5,120.1,129.6,135.8,122.3,151.1,95.7,68.5,126.3
20261005,12,seochon,5291.2,28.1,41.6,68.8,100.6,173.4,284.3,217.4,203.3,241.8,146.5,166.5,119.7,158.8,168,50.6,94.2,99.1,343.7,378.7,333.7,280.2,275.9,254.9,205.8,237.8,163.1,194.4,260.2
20261005,12,seongsu,9886,33.8,164.4,235.7,334.9,701.7,623.1,409.4,421.2,343.4,349.4,355.8,229.5,184.8,161.2,45,621.9,578.1,669.1,893.5,629.5,349.8,395.3,319.5,248,229.4,126.1,123.5,100.2
20261005,12,sharosu,5443.4,11.3,26.9,28.9,214.8,625.6,580,251.8,144.3,125,146.1,143.6,119.3,116.8,253.5,5.6,27.1,32.1,273.7,709.2,377.8,195.2,114.4,111.6,164.8,164.5,88.8,114.5,274
20261005,12,sindang,7116.8,11.3,33,67,85.7,223,356,268.1,249.4,307.3,208.5,425,446.9,324.9,648.5,5.6,27.4,43.2,110.7,273.6,263.2,205,137.1,171.4,187,363,410.7,408.4,849.3
20261005,12,songridan,3537.6,0,27.7,44.9,121.2,274.8,287.6,202.4,125.1,114.5,105,120.6,127.3,63.2,114.8,5.6,39.5,62.6,125.7,256.2,320.3,196,116.3,107.3,127.4,100.9,100.3,67,183.6
20261005,12,yeonnam,6399.2,22.5,50.7,65,140.5,406,401,265.7,235,225.5,198.9,169.5,124.3,174.7,299.7,0,62.5,135.8,311.3,579.7,400.2,364.9,245.4,254.3,261.7,217,163.1,176.2,432.3
20261005,12,yongridan,12161,70,184.8,192.1,598.8,668.9,776.4,612.8,495.6,421.3,368.9,398.2,255.9,213.5,304.1,74.4,194.1,187.3,634.1,1096.5,936.6,741.6,492.1,506.9,447.9,347.4,292.7,266.4,381.8
20261005,13,apgujeong,4637.1,5.6,13.8,38.4,105.8,268.4,296.4,167.4,158.3,250.2,186.4,207.3,127.9,80.3,124.8,11.3,16.9,87,213.1,438.6,423.3,206.6,207.7,203.2,143.5,177.9,135.4,137.3,170.5
20261005,13,euljiro,2771.3,0,6.3,14.9,62.6,111.7,136.3,104.1,117.1,122.9,163.7,154.8,128.6,95.4,291.2,5.6,4.3,69.9,116.6,165.1,208.8,109.9,72.9,90.6,82.1,95.4,60.1,57.8,116.8
20261005,13,gangnam,12819.6,5.6,61,381.5,565.7,809.7,936.1,572.4,570,496.6,418.4,315.5,219.4,203.6,279.6,11.3,97.6,513,1035.2,1350.9,1066.4,625.2,528,388.1,356.7,287,220.2,227.4,274.9
20261005,13,garosu,5228.2,0,53.3,74,141,314.8,363.3,213.5,217.1,275.3,151.6,154.2,69.1,69.9,145.4,18.1,50.2,164.4,273.9,484.2,416.7,327.6,294.3,227.7,180.2,166.7,106.7,69.1,202.9
20261005,13,haebangchon,6960.4,22.5,75.6,76.3,173.2,356.9,404.4,380.1,230.9,233.4,259.2,237.2,160.9,142.1,397.7,5.6,71.7,158.6,359.8,493.9,456.5,267.3,224.5,280.1,240.6,207,212.7,194.2,618.8
20261005,13,hannam,1668.5,0,5.6,10.7,49,135,134.6,73.4,57.4,34.9,45.6,42.9,9.4,14.9,21.2,0,0,40,160.1,291.7,192.6,114.1,61.5,36.6,45.5,32.2,13.5,4.6,35.3
20261005,13,hongdae,14819.7,11.3,139.1,449.8,753.2,1082.4,864.1,522.8,447.5,445.5,347.5,294.9,219.3,167.8,221.8,74.4,462.4,899.3,1517.1,1737.7,1198.4,580.3,585.1,490.5,405.2,264.2,249.3,148.5,240.4
20261005,13,ikseon,2984,0,0,48.2,82.1,154.7,176.4,108.7,89.8,91.3,103.5,68.6,172.4,53.6,113.2,0,56.5,92.4,138.4,269.5,214.1,146.6,144.5,63.8,184.8,165.1,106,63,73.1
20261005,13,itaewon,5406.3,28.1,42.7,85.2,134,285,433.6,328.8,222.7,213.6,203.3,217,199.8,137.1,310.6,18.1,35,33.7,132,313.6,352.1,245.6,192.5,140.8,151.6,234.2,207.7,176.4,322.2
20261005,13,kondae,7676.2,11.3,37.1,170.5,390.1,789.1,575.9,269.1,225.4,227.3,207.4,198,152.3,139.1,241.6,5.6,86.4,313.7,718.6,769,619.4,263.6,209.4,138.1,181.5,191.7,112.6,171.5,258.5
20261005,13,mangwon,6825.3,16.9,63.1,77.6,165.5,389.1,492.1,310.1,265.9,197.2,225.7,225,212.4,155.5,332.1,11.3,50.6,52.9,247,570.6,541.4,309.2,296.1,261.9,286.9,182.9,172.4,218.2,481.9
20261005,13,mullae,5105.9,0,56.3,26.6,107.6,260.6,343.7,192.7,223.8,179,162.1,226.7,281.3,171.1,289.6,11.3,60.1,97.5,198.5,410.2,400.8,214.8,219.1,179.3,146.4,166.1,102.6,104.4,266.3
20261005,13,myeongdong,13430.4,22.5,81.6,90.5,244.8,650.8,609.8,449.4,606.7,562.5,559.6,545.4,423.2,271.9,392.7,45,283.8,245.7,693.5,1048.1,785.1,619.5,636.6,601,523.2,606.5,462.3,584,783.6
20261005,13,pocha,9672.8,16.1,52.7,28.5,183.3,441.1,397.5,299.5,269.4,283.6,367.2,373.7,471.6,501.9,1220.3,33.8,55.8,195.3,476.2,624.6,373.9,316.7,315.1,363.4,425.7,404.2,334.7,284.5,562.4
20261005,13,samcheong,2827.1,11.3,5.6,16.1,34.7,63.7,118.6,125.2,90.2,93.1,90.3,68.3,73.2,78.9,102.3,0,44.5,50.8,85.1,144.3,203.2,180.9,159.1,190.6,165.7,177.7,133.5,113,150.2
20261005,13,seochon,6246,28.1,76.1,75.2,153.3,229.6,325.6,237.1,222.9,228.5,194.3,200.1,163.2,177,179.9,51.9,122.6,89.2,435.8,543.4,364.9,314.4,298.4,324.2,250.7,289.1,186.4,203.2,280.8
20261005,13,seongsu,12156.6,50.6,200.3,310.9,475.7,893.3,705.2,440,432.2,366.7,358.4,342.7,223.1,180.9,168.4,56.3,750.8,763.3,1006.9,1156.9,766.2,445.7,551.7,475.2,290.9,287.7,190,147.1,114.4
20261005,13,sharosu,5569.5,11.3,27.2,21,193.7,661.4,586.5,284.3,123.6,127.7,159.6,151.8,124.1,94.3,275.5,0,27.1,52,281.1,702,420.4,194.6,117.3,142.6,164.9,142.7,77.7,126.8,278.7
20261005,13,sindang,7185.8,5.6,27.4,62,93.2,251.6,352.8,255,241.3,260.5,247.5,446.7,390.8,368.5,648.9,11.3,37.8,71.9,122.1,282.7,258.4,212.9,134.8,154.3,185.1,370.2,420.5,409.2,854.9
20261005,13,songridan,3943.5,0,17.6,49,128.6,262,333.6,197.5,121,110,106.4,113.4,119.3,61.1,121.1,16.9,34.4,86.6,240,297.1,395.7,247,151.9,104,141.3,127.4,97,67.3,196.4
20261005,13,yeonnam,6897.2,22.5,56.4,62.5,179.5,476.5,412.1,288.5,261.8,212,202.4,194,129.5,156.1,323.6,11.3,94.9,165.1,379.1,589.7,494.2,378.4,264.1,288.2,252.3,212.8,168.1,183,419.3
20261005,13,yongridan,13294.5,67.5,215,175.3,646.2,755.3,882.5,658.9,509.8,420.4,391.9,342.7,281.8,237.4,307.6,80,174.5,267.2,790.9,1477,1073.6,764.4,563.3,466.4,455.7,367,268,250.9,403.2
20261005,14,apgujeong,4890.3,5.6,24.3,45.2,108.8,286.7,292.7,165,166.4,244.1,184.3,227.3,132.6,78.6,131.4,11.3,21.9,82.3,274.9,474.1,443.9,222.2,202.9,202.9,179.7,185.7,161.4,134.4,184.2
20261005,14,euljiro,3156.7,0,6.3,24.8,79.9,127.1,156.2,121.6,114.7,142.3,164.7,176.7,138.3,104.5,277.5,5.6,4.3,117.4,203.8,243.3,208.6,120.9,89.1,91.1,85.6,89.5,68.4,61.2,125.1
20261005,14,gangnam,13650.9,5.6,66.4,388.1,663.6,927.6,956.9,617.7,554.1,497.6,404.9,315.1,242.1,212.4,378.3,16.9,100.2,576.1,1109.2,1545,1119.5,636.1,487.9,403.9,372,294.4,227.3,233,299.2
20261005,14,garosu,5595.7,5.6,65.1,83.1,154,367.3,414.5,229,228.1,246.5,171.4,170.1,78.7,65.4,114.4,12.5,71.9,201.9,326.1,530.8,480.6,343.7,271,216.1,193.5,160.2,123.7,68.7,198.8
20261005,14,haebangchon,6793.7,22.5,70,105.4,205,375.3,372.6,363.7,176,237.6,266.6,192.1,163,135.5,346.2,5.6,56.3,170.1,425.8,554.5,448,251.6,187,246.4,220.1,176.9,217.9,193.6,607
20261005,14,hannam,1945.4,0,5.6,10.7,67.3,145.5,152.6,79,61.8,52.7,58.6,31.3,8.1,11.9,22.8,0,0,51.4,164.6,359.6,239.4,114.3,60.8,44.2,65.3,46.5,19.2,13.5,53.1
20261005,14,hongdae,16847.2,23.8,183.6,593.8,915.6,1231.6,981.9,593,455.1,493.3,383.7,285,214.7,179.7,205.2,90,628.7,1237.6,1697.6,2018.4,1369.3,653.7,592,511.3,380.8,270,245.9,152.3,259.8
20261005,14,ikseon,3211,5.6,9.2,28.1,104.1,163.4,188.5,107.3,98.1,124.9,98.2,58.5,154.5,74.5,106.2,0,47.2,88.9,160.1,329.2,234.9,176.6,150.4,93.2,185.1,175.3,122.4,51.6,75
20261005,14,itaewon,5643.4,28.1,49.3,97.8,140.5,298.7,432.9,362.7,205,261.6,244.1,209.1,193.2,121.4,303.4,16.9,34.4,34.2,173.1,345.9,355.1,266.6,224.4,170.2,146.8,203.3,224.1,171.8,325.5
20261005,14,kondae,8056.2,16.9,59.3,237.1,413.3,767.3,603.5,290.1,248.9,235.7,196.5,174.5,139.3,132.3,295.1,5.6,102.8,358.5,786.9,837.3,608.7,232.4,211.4,153.4,193.1,210.5,136.5,161.4,248.1
20261005,14,mangwon,6798,16.9,57.5,68.2,179.2,412.1,473,305.2,257.6,214.4,201,213.1,197.7,162,338.1,11.3,45,59.5,277.2,578.2,532.6,345.9,283.6,234.1,270.1,217.2,168.9,216.5,451.2
20261005,14,mullae,5652,0,56.3,26.6,124.5,365.9,367.5,208.2,228.4,200.7,175.6,245.8,289.2,189.2,239.4,5.6,43.2,113.5,282.6,539.9,493.1,251.8,196.4,169.3,176.8,158.1,105.5,112.5,275.4
20261005,14,myeongdong,14762,23.8,129.3,137.1,323.9,636.3,698.5,487.2,647.6,552.8,609.4,598.2,435.1,308.8,410.1,73.1,398.2,402.4,912.8,1177.8,862.7,626.6,665.7,612.7,597,688,534.6,511.6,697.2
20261005,14,pocha,10727.5,16.1,30.2,50.3,227.1,543.1,481.7,323.2,288,321.3,373,396.6,534.9,512.6,1299.4,29.4,41.7,283.2,607,729.6,400.2,373,363.6,383.4,448.9,411.6,327.9,358.3,572.2
20261005,14,samcheong,3103.1,11.3,5.6,20.1,28.4,91.9,143.6,138.7,93.9,92.4,124.8,85,78.5,75.8,98.8,6.9,39.6,76.1,79.3,197.7,255.4,191.1,192.3,168.5,164.8,203,108.8,118.1,164.7
20261005,14,seochon,6730.1,40.6,61.7,53.5,152.7,277.4,383.6,295.8,181.1,234.2,145.1,194.1,182,174,173.4,40.6,128.7,120.2,508.5,654.1,483,379.9,305.6,321.7,312.4,268,194.5,207,252.6
20261005,14,seongsu,13789.3,56.3,234.1,361.4,570.6,1016,811,481,450.9,404.5,387.8,356.6,231,206.8,173.6,39.4,819.6,1010.2,1200.3,1368.1,924.4,477,540.9,571.1,296.2,320.7,192.7,147.7,127.6
20261005,14,sharosu,5679.3,11.3,26.9,26.6,197.8,630.5,598,281.7,130.6,133.7,154.8,155.8,129.9,102.4,295.4,0,27.1,54.4,254.6,687.9,426.2,196.2,137.2,149.4,181,163.2,94.5,137.4,291.9
20261005,14,sindang,7429.5,11.3,26.1,71.4,80.4,228.1,325.2,238,234.9,310.8,251.1,477.9,409,355.4,723.2,5.6,43.6,62.9,118,299.5,241.8,230.9,145.4,194.8,221.2,392.6,482,425.4,812.1
20261005,14,songridan,4283.1,0,18.9,53.8,168.8,273.3,341.1,181.3,100.6,130.7,105.3,101.7,100.4,86.6,124.8,11.3,76.8,127,313.6,347,434.8,259.7,170.6,137.3,136.2,119.9,94.8,65.8,201.3
20261005,14,yeonnam,7279.7,22.5,57.4,74.6,203.5,510.7,474.8,330,255.9,193.6,202.7,205.8,144.9,142.8,326.5,11.3,76.2,203.1,413.2,693.6,552.2,362.9,269.3,278.6,257.5,205.3,167.5,197.3,427.6
20261005,14,yongridan,13607.7,67.5,203.9,166.1,689.3,820.6,946.4,693.3,575,414,388.9,385,249.6,218.1,272.1,64.4,153.5,283,800.9,1473.9,1139.5,753.6,613.2,486.9,484.9,330.7,280.5,258.2,394.7
20261005,15,apgujeong,4923.9,5.6,25.4,48.3,143.5,286.6,295.8,190.2,166.3,222.3,219.6,215.3,127.9,74.4,139.2,11.3,22.4,107.3,325.9,448.8,451.9,237.2,173.2,193,152.7,160.3,141.9,134.8,188.4
20261005,15,euljiro,3320.6,0,13.8,6.9,77.6,191.9,160.3,120.1,124.4,110.8,157.9,190.1,141.8,93.7,268.4,11.3,11.2,105.4,255.1,331.2,224.6,139.9,86.7,76.9,100.1,88.9,54.8,64.3,107.4
20261005,15,gangnam,13610.2,5.6,44.8,435.3,694.9,979.8,1045,549.9,540.3,486.3,405.9,312.5,221.3,186,329.4,16.9,87.5,598.2,1167.5,1579.3,1149.4,623.2,442.7,362.9,361.3,301.2,216.9,184,282.2
20261005,15,garosu,5701.4,5.6,56.3,98.7,148.7,391.3,427.8,219.9,249.8,257.1,182.6,155.3,69.5,63.1,139.6,23.8,55.4,181.3,298,587.5,504.1,333.4,270.6,248.2,189.4,154.2,104.8,85.8,199.9
20261005,15,haebangchon,7241.4,28.1,80,116,231.7,383.4,419.1,372.9,173.3,221,297.9,197.3,154,148.9,371.8,5.6,56.3,156,488.9,683.6,462.7,266.2,199,265.1,221.9,193.6,220.5,206.2,619.2
20261005,15,hannam,2253.6,0,10.6,19.2,91.7,194.9,175.8,89.6,59.4,57.2,51.6,56.3,10.9,16.5,19,0,5.6,26,187,414.9,277.9,115.1,94,63.5,64.8,46.4,27.4,18.8,55.4
20261005,15,hongdae,18385.2,29.4,175.7,723.9,1029,1444.8,1132.5,603.1,482,495.8,381.6,316.8,201.5,173.4,213.7,84.4,639.9,1421.8,1976.6,2195.1,1410.5,651.5,600.5,521.6,451.9,322.3,246.9,178,277.8
20261005,15,ikseon,3390.7,0,9.2,30,91.9,217.8,223.8,106.4,132.7,143,80,66.2,111.4,70.2,113.3,0,52,127.8,236.7,391.2,223.8,190.6,121.4,101.6,166.3,173.5,97.5,42.8,69.5
20261005,15,itaewon,5729.4,22.5,27.1,94.9,151.9,308.5,445.4,413.3,183.8,218.5,227.8,236.1,167.9,130.7,282.7,16.9,40.1,33.6,154.7,375.1,379.2,276.8,217.7,168.8,150.6,231.9,237.1,180.3,350.4
20261005,15,kondae,8394,11.3,75.9,259.4,485.5,834.3,633.4,316,256.3,237,203.4,192.3,138.5,145.8,291.6,11.3,173.3,446.7,865.9,755.2,570.9,229.7,188.8,166.7,219.9,186.6,125.9,146.2,226.4
20261005,15,mangwon,7018.5,16.9,63.1,76.3,183.3,399.4,541.8,297.5,254.2,227.5,200.6,218,204.2,157.4,303.2,11.3,61.8,88.8,296.3,619.4,570,364,299.3,241.6,256,192.8,162.8,215.1,479.2
20261005,15,mullae,5880.8,0,45,21,130.6,414.3,386.1,240.1,238.8,191.2,156.9,239.3,237.1,150.9,233.3,0,33.8,137.6,373.1,640.7,542.5,253.7,190,173.7,154.9,150.4,110.1,133.8,289.7
20261005,15,myeongdong,15305.1,45,121.4,174,380,671.6,740.6,503.9,585.9,626,538.4,614.7,412.4,295.1,411.7,61.9,354.7,408.7,1086.2,1321.2,957.5,646.3,665.2,626.7,716.2,656.6,469.1,550,664
20261005,15,pocha,11372.6,39.9,36.8,95.7,300.7,581.6,519.1,345.1,269.9,317.1,432.8,412.2,545.7,508.9,1190.9,18.1,85.1,349.7,662,807.4,500.6,394.2,363.8,392.5,461.2,451.4,372.1,371.6,546.6
20261005,15,samcheong,3154.1,11.3,5.6,20.1,47.7,109.8,150.7,115.3,101.7,86.8,117.5,69.7,48.5,70.5,81.1,18.1,44.4,54.3,107.1,246.9,288.2,184,186.6,157,190.9,192.9,122.1,126.2,150.9
20261005,15,seochon,7148.9,30.6,44.8,59.8,197.1,336.2,427.4,303.8,184.9,254.8,175.5,189,198.4,166.1,157.4,18.1,105.7,126.7,623.8,692.1,595.7,379.3,292.1,329,312.5,288.7,234.1,196.2,229.1
20261005,15,seongsu,14526.7,45,219.5,420.8,691.7,1060.2,882.3,554.9,429.2,402.5,350.1,368.9,255.2,189.8,177.8,33.8,932.1,1075.1,1330.6,1548.3,991.5,483.6,517.3,543.3,284.4,314,151,147.9,119
20261005,15,sharosu,5642.2,11.3,32.5,41.2,182.4,612.3,631.2,275.6,132,117.7,166.7,131.3,122.7,99,291.4,0,27.1,78.6,282.1,699.9,386.8,203.1,135.5,136.7,163.6,160.9,84.9,147.6,287
20261005,15,sindang,7194.2,5.6,47.4,75.3,80.1,244.8,339.1,245.8,220.8,294.3,225.3,471.3,406,336.3,697,5.6,27.8,53.3,113.9,323.3,232.3,217.8,136.9,194,222.7,396.2,430.6,416.5,721.6
20261005,15,songridan,4085.7,0,18.9,31.4,191.2,251.6,325.8,184.5,120.7,138.3,86.7,112.8,99.6,77.6,125.7,0,60.4,119.7,356.1,432.1,391.9,199.9,116.2,116.8,107.4,79.5,100.9,48.6,191.8
20261005,15,yeonnam,7488.5,28.1,53.8,75.9,202.7,536.6,512.3,315.7,274.1,181.5,207.4,195.6,123.6,141.9,344.9,6.9,107.7,224.2,486.1,774.4,565.3,342.4,255.2,259.7,239.7,232.8,157.8,191.1,442.5
20261005,15,yongridan,13450.4,73.1,177.8,177.1,778.5,869.7,949.9,669.2,552.9,412.3,393.2,395.9,273.3,208.2,287.8,51.9,170.4,254.4,855.2,1414.7,1127.5,720.6,493.2,456.2,426.9,309.7,315.3,259.1,376.5
20261005,16,apgujeong,5073.5,5.6,58.7,68.9,128.2,334.9,293.6,203.6,168.3,256.7,239.6,234.5,132.6,93.2,139,11.2,23.6,125.9,287.7,474.1,423.4,193.9,171.5,193.5,182.4,146.9,136.4,145.7,192.9
20261005,16,euljiro,3511,0,6.8,5.6,86,246.6,243,132.8,142.6,110.3,130.3,163.7,102.5,118.2,210.7,11.2,16.7,91.6,289.4,404.6,268.9,122.1,87.3,77.6,107,108.8,50.7,84.5,87.1
20261005,16,gangnam,13626.6,5.6,27.3,424.8,732.1,1025.1,1041.5,575.4,552,481.5,381.2,299.8,214.6,149.3,307.4,11.2,66.1,602.7,1180.7,1594.5,1184.2,658.5,468.8,362.7,370.5,289.2,231.3,125.4,256.6
20261005,16,garosu,5532.1,5.6,59.9,88.4,161.3,406.6,409.3,215.3,245.4,264.2,174,151.5,87.4,54.8,116.3,18,50.7,172.5,322.7,602.1,425,343.5,220.7,231.1,181.1,143.4,98,84.1,199.4
20261005,16,haebangchon,7477.9,27.9,90.5,112.5,283.8,414.1,448.3,368.3,184.8,225.7,271.5,194.4,157.3,145.6,380.1,5.6,61.4,182.9,563.7,700.4,472.3,287.2,201.2,264,190.2,213.1,222.4,193.3,606.8
20261005,16,hannam,2376.7,0,0,16.4,114.5,222.3,173.4,57.8,61,64.7,59.8,47.4,10.8,16.3,13.5,5.6,5.6,13,242.7,493.8,273.5,119.4,71.3,77.3,56,59.3,22.3,13.4,62.7
20261005,16,hongdae,18757.5,23.6,218,720.7,1082.1,1503.5,1142.2,604.2,460.8,508.1,401.2,311.5,183.3,186.3,217.6,83.7,643.3,1616.6,2058.4,2264.9,1354.9,657.6,576.7,453.3,506.7,311.4,229.2,200.7,237.2
20261005,16,ikseon,3181.5,0,14.1,44.3,106.4,231.9,252.3,105,110.3,120.5,63,68.5,92.2,59.7,83.9,0,35.6,149.5,207.4,371.6,235.6,143.1,106.7,112.3,156,129.4,86.8,37.7,57.9
20261005,16,itaewon,6038.4,16.7,43.6,82.4,151.8,330.8,451.6,423.9,218.7,217.5,243.2,233.8,188.5,147,309.3,16.7,54.6,46.5,182.6,372.4,376.5,265.7,245,186.9,168.7,261,235.7,199.1,367.1
20261005,16,kondae,8898.6,16.7,47.3,329.2,626.7,847.4,664,297.6,258.8,256.2,213,209.2,118.6,122.2,269.4,11.2,176.9,477.4,1006.7,832.8,579.1,252.1,229,149.5,193.6,201.3,128.2,150.7,233.9
20261005,16,mangwon,7116,16.7,79.4,61.2,197.3,381.2,513.2,293.6,273.4,223.2,212,211.7,196.1,162.9,303.9,16.7,68.2,60.6,316.1,567,588,398.2,298.1,270.2,278.4,218.5,171.4,213.6,508.3
20261005,16,mullae,6123.2,0,57,22.1,170.5,501.8,412.4,244.4,224.1,203.3,187.5,197,204.1,136.6,226.4,0,27.9,145.5,490.8,677.4,580.3,225.2,166.9,191.4,141.3,141.9,89,144.9,301.4
20261005,16,myeongdong,14493.2,50.2,122.8,150.5,364.9,730.1,707.3,483.7,540.9,648.5,518.4,541.4,393.4,277.3,291,44.6,320.9,418.8,1132.9,1435,923.2,636.7,640.4,555.3,647.5,553.5,400.8,433.2,530.1
20261005,16,pocha,11377.9,29.1,33.2,109.4,352,654.6,568.5,360.5,300.3,316,443,412.5,565.3,494.7,1047.3,6.8,67.7,330.3,766.1,877.4,489,353.3,324.8,367.7,431.4,460.1,333,320.5,563.4
20261005,16,samcheong,2928,16.7,11.2,30.8,69,140.4,138.1,101.9,97.7,78.3,110.9,64.7,38.5,47.4,70.5,5.6,44.2,41.3,148.6,210.4,279.5,167,141.1,165.9,159.7,155.3,109.5,96.8,128.9
20261005,16,seochon,6990.1,30.4,47,44.9,189.7,407.5,416.7,295.8,194.2,244.2,168,167.5,168.4,191.5,150.4,23.6,94.8,222.2,625.7,707,635,313,244.1,254.8,280.1,298,199.7,173.1,203.2
20261005,16,seongsu,14357.6,22.3,232.8,421.9,778.8,1118.8,885.4,506.8,383.7,366.9,340,301.9,200.3,168.7,144.4,50.2,778.4,1138.6,1496.5,1669.5,1015,500.1,465.4,422.1,323.6,261.2,127,132.9,88.7
20261005,16,sharosu,5567,5.6,37.6,65.8,196.9,584.4,613.6,305.7,118.9,110.8,161.3,146.2,125.9,105.2,280.8,0,49.2,86.5,267.4,668.7,372.7,203.8,116.7,125.7,155.5,148.8,97.8,125.6,290.2
20261005,16,sindang,7160,5.6,47.2,55,73.8,248,374.9,253.1,243.2,308.6,226.1,466.2,450.2,306.5,662.7,11.2,33,45.2,116.7,338,241,221,142.4,198.4,226.7,369.1,404.4,375.1,702.4
20261005,16,songridan,3983.5,0,28.1,31.5,169.3,292,316,176.8,103.3,122.6,96.9,94.2,81.3,58.4,123.8,0,76.6,121.4,341.8,461.3,370.3,186.4,117.5,112.2,95.7,71.5,93.3,59.3,182.1
20261005,16,yeonnam,7540.2,22.3,57,52.3,213.8,484.3,547.4,327.6,262.6,194.5,229.4,229,126.7,148.9,349.3,6.8,83.5,222.8,541,760.9,547.6,336.1,273.8,249.3,255.4,238,168.1,172.9,435.1
20261005,16,yongridan,13356.3,55.8,156.3,185.3,739,989.8,957.7,586.4,529,404.5,447.6,417.6,258.3,189.1,271.2,58.3,132.2,275.3,936.5,1467.9,1072.2,733.3,438.8,427,393.8,310.2,319.1,225.5,378.5
20261005,17,apgujeong,4931,5.5,47.5,80,165.1,333.8,309.8,192.4,170.8,216.3,206.1,224.6,93.8,93.2,157.1,12.2,23,131.2,298.2,426.2,399.6,196.5,156.5,207,153,139.9,132.3,168.9,175.2
20261005,17,euljiro,3792.1,0,10.1,10.6,162.9,318.8,261,145.3,93.7,128.3,115.7,147.1,102.7,110.2,174.3,5.5,11,99.2,359.5,482,307.4,145.2,90.8,80.6,119.8,116.2,59,65.1,68.7
20261005,17,gangnam,13655.8,11,26.8,460.9,757.4,1091.4,966,605.8,534.9,454.6,382.4,287.6,192.5,152.8,257.9,11,116.6,607.3,1270.6,1625,1215.6,638.7,473.6,335.2,359,279.7,191,135.3,215.3
20261005,17,garosu,5201.3,0,32.9,100.8,163.7,381.6,399.3,204.7,229.6,229.1,158.2,153.1,64.1,56.2,121,17.7,40.8,163.3,317.4,581.1,399.5,306,184.4,231.8,146,137.1,98.9,83.7,199.2
20261005,17,haebangchon,7527,27.5,78.1,116,291.7,423.3,474.1,362.8,189.2,239.3,267,194.6,141,144.6,393.1,5.5,65.9,216.4,535.9,672.8,478.7,244.9,256.8,286.3,181.1,208.3,201.2,218.6,608.8
20261005,17,hannam,2288.4,0,11,15,106.7,266.8,179.5,63,55.6,48.9,29.7,26.1,7.9,0,14.5,5.5,5.2,17.4,231,483.2,297.3,108.6,71.6,48,47.8,45.9,22.7,5.7,58.5
20261005,17,hongdae,18750.8,11,255.3,799.3,1169.2,1523.1,1160.6,562.7,395.1,513.2,354.6,319.8,187.6,176.4,190.7,54.9,613.2,1719.6,2147.8,2162.3,1357.5,680.5,534.2,457.8,430.5,348.4,191.8,181.2,252.7
20261005,17,ikseon,3093.8,0,13.9,39.8,127.3,220.5,243.5,126.5,105.5,92.1,86.6,78.5,61.8,54,76.5,0,30,135.4,225.2,378.3,194,148.2,89.8,133.1,160.3,91.2,78.5,37.2,66.3
20261005,17,itaewon,6032.2,27.5,21.5,85.9,177.1,366,465.2,389.2,212.4,244.5,251.3,222.5,176,164,279.2,16.5,53.7,60.4,228.7,392.9,369.4,268.3,215.3,148.9,161.8,244.2,215.8,194.9,372.8
20261005,17,kondae,9159.1,11,44.2,306,700,861.7,694.1,326.3,237.5,238.9,224.4,227.2,138.5,127.8,271.4,11,121.1,519.4,1118.8,814.5,632.1,222.5,215.5,157,218.6,199,127.3,126.7,266.8
20261005,17,mangwon,7084.6,16.5,72.6,64.1,196.7,379.8,452.9,307.8,264.5,221.1,207.6,229,217.9,138.8,327.1,16.5,72.6,56.7,372,560,567.9,338,308.6,252.3,264.8,233.8,184.3,215.6,532.2
20261005,17,mullae,6356.2,0,60.4,42.6,201.4,588.8,482.8,256.8,196.9,209.6,209.1,151.2,155.7,120.5,236.3,5.5,32.9,148,505.7,771.2,558.2,250.6,177.9,190,158.9,115.5,86.8,134,293.2
20261005,17,myeongdong,12970.9,65.9,134.7,188,359.3,704.4,727.9,402.2,561.4,554.8,472.8,477.1,350.6,220.9,280.7,59.2,261.1,382.1,1023.9,1288.6,840.9,542.4,585.9,472.2,524.7,447.7,374,329.8,334.1
20261005,17,pocha,11840.7,16.5,43.7,147.9,438.8,776,703.3,373.1,337.6,354.7,402.1,444.2,545.8,516.8,920.3,11,71.6,360.7,937.2,1015.2,629.3,328,293.7,360.3,368.5,396.8,295.8,309.8,442.1
20261005,17,samcheong,2373.9,11,16.5,32.8,39.2,125.6,138.1,60,79.6,72.7,71.1,62,40.2,23.7,65.5,0,35.2,52.8,137.3,195.5,213.7,109.5,103.4,124.3,108.7,120.1,71,86.9,127.4
20261005,17,seochon,6483.2,24.4,45.3,48.2,213.9,446.3,390.7,263.3,160.4,220,148.9,194.1,142.3,150.6,147.3,27.5,96.9,232.6,563.3,659.7,556.3,292.2,254.2,253.3,209.6,232.8,200.1,146.1,159.3
20261005,17,seongsu,12994.7,27.5,159.9,382.4,727.3,1029.2,786.6,451.6,358.3,277.9,286.1,242.9,146.9,137,130.7,60.4,631.7,1192.8,1510.2,1554.4,954,429.5,413.5,348.6,226.2,218,100.8,113.9,76.7
20261005,17,sharosu,5789.3,5.5,37,58.2,219.9,653.9,635,293,124.3,113.9,166.2,172.8,137.3,110.8,268.1,0,31.6,92.3,292,687.7,365.5,202.3,130.2,114.9,163.7,158.3,104.7,139.4,296.3
20261005,17,sindang,7097,5.5,42,58.2,88,257.6,393.5,279.2,243.8,312.8,229.1,433.7,433,312.7,598.3,5.5,27,47.2,119.4,375.8,284.3,208.8,137.4,192.8,173,350.7,423.6,379.8,663.5
20261005,17,songridan,4102.6,0,33.8,49.1,169.7,303.6,315.5,193.8,97.6,115.8,98.8,98.4,98.5,67.7,114.3,0,49.6,114.6,358.6,505.1,343,192.1,120.8,111.3,102.1,83,91.9,78.7,195.4
20261005,17,yeonnam,7503.6,22,61.6,78.3,258.3,480.7,538.1,325.3,263.1,205.1,263.5,227.4,132.8,127.8,327.2,12.2,74.1,204.3,502,756.1,523.5,314.3,247.8,252.9,272.4,242.6,169.4,171.5,446.8
20261005,17,yongridan,13698.2,54.9,109.6,218.5,805,1156.5,952.3,614.1,472,387,459.5,399,247.4,217.9,292.2,57.3,124.4,288.3,1042.3,1546.7,1178.1,666.7,433.6,380.2,383.9,334.3,312.5,230.5,333.4
20261005,18,apgujeong,4931.3,5.5,24.2,128.4,159.9,347.8,322,215,167.3,214.4,214.6,218.2,107.5,93.6,143.2,12.1,13.1,131.5,293.3,414.9,372,214,165,214.9,139.4,142.2,130.3,143.9,167.5
20261005,18,euljiro,4042.9,0,10,24.5,220,409.5,332.3,185,90.7,114.2,119.1,142.6,90.9,74.4,112.8,0,10.9,116.9,429.7,511.3,340.7,160.9,92.4,74.8,105.6,109.9,47.7,59.8,56.4
20261005,18,gangnam,13632.7,5.5,42.8,493,849.5,1122.8,1043.8,668.6,534.3,439.6,380.2,257.8,223.5,130.8,278.5,10.9,104.2,644,1282.7,1656.6,1133.2,572.9,414.6,304.2,337.4,225.1,161.1,118.5,189.8
20261005,18,garosu,4833.7,0,32.7,96.5,179.2,337.2,365.5,187.1,230.3,212,137.3,141.5,61.8,45.8,134.6,17.6,51.4,152.6,340.5,512.4,373.6,281.7,155.8,150.7,138.9,124.5,91.5,83.1,198.1
20261005,18,haebangchon,7428.8,27.2,77.5,110.4,257.2,411.3,445.4,384,208.4,258.7,257.4,187.4,143.1,153.7,411,5.5,72.4,202.9,545.9,606.5,467.2,232,260.6,290.4,177.6,208.7,202.7,227,596.9
20261005,18,hannam,1936.3,0,5.5,28.3,89.2,205.2,152.4,47,56.4,34.4,26.7,27,7.9,0,6,5.5,5.5,19.9,215.8,394.9,234,100.1,59.9,44.8,23,25.2,26.4,10,67.4
20261005,18,hongdae,18184.7,10.9,198.5,789.8,1271.4,1478.7,1073.9,573.2,367.6,485.5,351.3,331.9,177.1,127.2,197.3,76.2,464.7,1650.8,2272.4,2198.6,1319.8,621.9,458.5,450.9,338.5,339.6,170.5,154.2,230
20261005,18,ikseon,2849,5.5,8.9,45.6,154,199.5,211.7,115.7,106.3,81.6,95.2,60,53.2,42.4,79,5.5,15.9,139,216.2,339.9,177.2,128.3,78.5,129.1,125.7,80,57.6,44.7,52.9
20261005,18,itaewon,6131.7,27.2,16.3,109.2,180.8,437.7,494.2,363.8,205.5,223.5,239.2,211,171,146.9,284.2,21.8,38.1,75,301.4,491.5,373.3,277,201.1,143.9,126,240.2,190.2,173.9,358.5
20261005,18,kondae,9551.8,10.9,34.7,345.9,759.7,1001.2,757.4,356.4,229.1,220.1,221.1,222.3,138.4,133.9,284,21.8,90.4,503,1123.7,911.4,641.6,256.2,231.1,137.1,237.1,170.8,120.1,134.9,257.8
20261005,18,mangwon,7085.7,16.3,61.1,51.7,221.5,381.9,457.4,299.3,246.7,209.5,213.5,231.4,205.3,150.5,339.7,10.9,65.4,57.3,334.7,585.3,548,340.3,314.8,241.3,282.9,256.9,174.5,234.7,536.2
20261005,18,mullae,6530.4,10.9,66.6,53.6,255.1,649.9,517.3,273,257.4,202.5,197.7,111.7,150.5,111.1,222.9,10.9,42.3,140.5,571.4,812.5,507.6,267.3,177.9,173.2,148.3,113.6,86.7,131.9,249.5
20261005,18,myeongdong,11653.2,27.2,87.5,185.3,427.3,665.2,680.4,376.4,517.8,454.7,414.5,409.4,295.6,172.3,256.7,42.4,207.8,367.9,986.4,1198.1,821.7,478.9,504.7,390.6,432,420.5,323.8,248,260
20261005,18,pocha,12274.8,10.9,37.6,135.6,572.3,879.9,799.8,444.8,379.4,376.1,413,439.1,538.2,445.8,754.1,5.5,69.7,379.5,1163.3,1233.6,722.9,349.1,267.4,323.5,315.7,349.2,256.9,254.7,357.5
20261005,18,samcheong,1965.2,0,5.5,28.6,33,109,106.8,41.3,64.7,61.3,56.2,56.9,34.5,34.8,54.3,0,31.3,34.9,96.3,191.5,153.1,71.7,84.2,142.9,103,101.9,56.1,56.5,124.4
20261005,18,seochon,5861,17.6,15.8,71.5,190.7,408,398.2,254.2,137.3,171.6,138.7,153.6,125.6,169.7,151.5,21.8,83.3,210.3,534.7,556.2,466.2,278.7,198.1,197.1,215.3,209,183.4,144.3,148.3
20261005,18,seongsu,11367.6,10.9,132.7,375.9,646,911.7,766,410.9,277.8,250.2,225.2,207.5,121,123.6,109.9,44.8,483.1,1003.6,1359.8,1376.5,758.7,359.3,362.3,339.5,217,195.9,79.7,106.2,91.1
20261005,18,sharosu,6078.6,10.9,31.2,76.5,294.4,669.6,670.1,302.5,137.1,129.9,166,160,129,135.5,257.1,5.5,31.6,91.1,361.1,681.6,408.6,216.4,142.7,113.8,157.3,155.5,119.2,127.6,286.3
20261005,18,sindang,7549.8,5.5,25.3,66.8,102.9,290.3,451.5,248.3,263.2,329.6,222.6,450.4,472.1,341.8,573.4,5.5,31.1,62.7,163.2,476.3,359.2,219.7,133.8,240.6,192.5,388.4,420.6,347.6,647.5
20261005,18,songridan,4087.6,0,31.7,70.1,182.6,340.9,325.5,210.3,101.2,113.4,80,87.1,88,62.2,108.7,0,43.9,138.4,425.5,439,359.1,167.6,97.2,94.3,95.2,74.5,87.1,67.6,196.6
20261005,18,yeonnam,7460.6,21.8,44.8,81.3,287.5,521.7,567,285.6,249.4,242.7,233,214.6,141,135,327.1,6.7,74.1,205.8,529.9,706.1,507.8,293.2,231.2,266.6,254.6,235.6,169.9,171.9,445.3
20261005,18,yongridan,13346.2,38.1,97.4,185.5,815.9,1137.9,978.1,620.1,469,350.9,418.2,353.2,285.5,208.3,285.1,51.4,92.8,319.8,1097.7,1650.9,1120.6,599.1,325.2,371.3,378.4,309.8,270.7,198.9,316.8
20261005,19,apgujeong,4592.3,5.4,31.3,133.5,128.4,330.2,321.5,176.8,160.1,186.1,189.2,188.8,83,90.2,133.7,11.9,12.5,143.9,256,446.2,312.3,178.3,147.6,211.8,117.6,128.5,134.2,141.3,166.9
20261005,19,euljiro,3941.4,5.4,0,36.8,226.8,443.4,357.1,163.9,90.1,107.6,117.2,98.1,79.2,63.3,81.1,0,4.8,92.9,424,554.4,350.8,170.9,92.4,89.4,77.5,73.8,46.5,49.8,40.3
20261005,19,gangnam,12624,0,47.4,461.8,790.4,1100.6,1061.9,623.6,492.1,402.6,356.5,250.2,183.3,121.5,213.1,10.7,56.6,648.4,1292.2,1500.6,960.2,514.3,334.4,324.1,285.9,218.2,119.9,97.7,145.1
20261005,19,garosu,4391.6,0,37.5,80,172.8,322,341.9,168.9,197.1,168.6,156.2,122.4,46.6,38.2,138,10.7,47.9,115.4,291.9,472.2,301.6,263.7,160,157,107.7,115.7,93.1,69.8,194.9
20261005,19,haebangchon,6981.2,26.8,49.4,86.7,253.3,368,421.3,351.3,207.1,234.3,259.9,182,156.1,188.7,417.1,5.4,71.2,140.7,476.8,560.3,417.6,224.5,245.8,253.6,162.9,186.1,203.4,241.5,581.5
20261005,19,hannam,1673.8,0,5.4,11,93.9,158.4,139.1,51.9,40,27.4,27.1,32,8,5.1,11.1,0,5.4,10.1,185.2,333.1,194.8,82.2,58.6,51.5,21.4,16.6,21,17.4,56.3
20261005,19,hongdae,16731,5.4,131.8,741.8,1225.5,1408.2,1019.6,571,343.6,411.9,325.8,315.3,182.7,120.8,196.9,48.2,321,1499.3,2068,2073.6,1241.1,521.2,442.8,385.5,282.8,304.4,168.2,166.6,208
20261005,19,ikseon,2494.7,0,8.8,48.5,144.1,187.3,227,109,104.3,69.2,76.9,55.7,37.8,52.3,72.3,0,4.9,108.6,190.5,308.8,151.7,122.7,56.8,69.5,77.3,62.8,55.8,41.9,50
20261005,19,itaewon,6041.2,26.8,16.1,90.5,199,458.2,482.4,360.3,186.4,212.3,226.2,170.1,171.6,162,266.1,21.4,26.8,85.3,336.1,516.3,407.9,274.6,197.8,148.2,110.2,209.6,200.6,151.5,322.7
20261005,19,kondae,9715.8,10.7,24.6,417.7,780.9,1115.8,746.1,376.1,214,200.5,241.1,222.4,156.9,133,277.7,16.1,87.9,432.1,1133.6,937.4,651.6,285.8,206.9,155.9,207.2,170.1,145.7,109.2,258.8
20261005,19,mangwon,7099.1,16.1,65.5,57,196.2,375.1,508.3,287.9,239,203.5,214.4,217.1,183.7,163.3,358.8,10.7,75,57.8,324.4,586.2,536.8,323.6,314.1,234.7,289.8,257.1,195.1,250.8,544.4
20261005,19,mullae,6349.3,10.7,60.1,58.1,287,653.9,545.2,291,228.2,144.7,177.5,107.6,150.7,103,218.1,10.7,52.3,116.3,534.2,819.3,487.7,256.3,141.8,174.9,131.4,120.8,82.4,129.7,246.3
20261005,19,myeongdong,9974,37.5,62.1,155,446.6,664.5,571.4,356.5,394.7,398.9,382.5,353.4,245.3,145,190.5,21.4,108.7,380.9,889.9,1073.7,738.7,374.7,341.3,293.9,322.5,373.5,265.2,183.5,200.9
20261005,19,pocha,11595.3,16.1,34.3,149,727.8,835.9,782.3,451.7,355.3,373.8,361.4,408.2,492.1,425.6,610.5,16.1,42.5,362.5,1191.6,1188.6,763.7,295.6,223.8,289.9,277.8,260.2,189,193.4,276.7
20261005,19,samcheong,2088.1,0,5.4,34.8,48.8,115.8,106.8,67,80.8,61.2,57.6,66.5,45.4,35.4,97,0,28.1,29.4,115,181.9,145.6,71.3,86.6,126.6,72.8,87.7,56.4,57.9,150.1
20261005,19,seochon,4637,10.7,15.5,33.6,158.2,328.4,327.6,191.8,124.7,116.7,126.2,103.5,127.3,146.3,149.6,10.7,67.8,138.2,434.1,478.9,327.7,230.2,126.4,179,146.6,159.9,149.9,101.5,126
20261005,19,seongsu,9301,5.4,120.1,313.2,538.2,761.7,655.6,360.5,254.8,185.1,207.8,152.6,78.4,85.6,95,21.4,260.4,833.5,1184.4,1177.5,624.3,325.5,272.6,232.5,173.8,133.5,72.6,84.5,74.9
20261005,19,sharosu,6350.7,10.7,30.7,76.1,351.4,685.5,678.2,344.7,130.3,144.5,149.4,168.2,122.6,120.3,246.9,5.4,40.4,108.7,416.7,754.4,438.8,221.9,135,135.8,165.2,130.7,126.6,122.9,278.7
20261005,19,sindang,7344.2,10.7,31.4,63.2,117.1,286.1,507.9,296.5,282.1,295.1,249.2,431.1,424.1,330.8,498.1,5.4,31.3,58.9,161.5,421.9,385.6,232.1,122.3,221.7,198.8,377.8,360,341.8,583
20261005,19,songridan,4048.5,0,31.2,83.3,162.8,318.3,310.4,207.7,102.9,121.2,92.4,93.1,91.4,57.9,110.9,0,44,136.2,392.4,415.6,381.9,182.5,97.5,103.6,102.1,59.7,88.6,67.2,193.9
20261005,19,yeonnam,7204.4,21.4,49.4,106.1,239.7,509.4,530.3,272.1,249.3,219,246.6,192,157.3,127.9,325,5.4,66.9,217,486.1,665.5,455.8,324.9,217,242.7,263.7,226.9,158.8,181.3,431.7
20261005,19,yongridan,12431.9,42.9,83.9,175.7,816.1,1083.6,1009,569.6,405.1,302.8,386.4,293.9,241.4,196.5,300.7,38.7,97.7,291.6,1051.5,1539,930,556,298.5,339,319.3,323.3,227.1,201,308.5
20261005,20,apgujeong,4134.3,10.6,22.4,121.3,107.9,312.6,307.8,161.9,154.4,147.2,195.9,184.1,82.6,79.9,127.7,11.8,5.3,118.7,183.7,405.3,259.6,184.4,136.9,179.2,98.1,112.3,107.3,116.5,180
20261005,20,euljiro,3613.5,0,0,27.1,217.2,456.3,345.4,149.2,98.7,77.5,107.8,80.7,58.9,46.4,54,0,10.1,78.8,353.2,503.6,349.2,141.1,100.6,74.5,92.9,63,47.5,40.1,35.8
20261005,20,gangnam,11052.2,0,36.6,445.4,787.4,1022.1,920.1,538,428.9,392.2,328.4,207.4,163.4,125.1,149.5,5.3,25,541.4,1172.9,1215.6,812.6,415.9,267,285.1,250.7,175.5,101.5,93,136.2
20261005,20,garosu,3858.4,0,37.2,76.2,138.1,284,303.5,146.5,169,160.7,125.6,110.3,54,40.6,127.3,15.9,52.9,86.4,259.9,357.1,268.4,193.5,138.3,149.1,111.2,108,89.8,73.4,181.6
20261005,20,haebangchon,6722.8,26.6,59.6,102.8,208.3,344.3,383.8,311.5,207,247.6,274.9,198.5,161.2,187.4,420.8,5.3,69,119.5,409.8,484.8,370,239.2,233.5,261.2,179,184.5,199.9,244.3,574.8
20261005,20,hannam,1224,0,0,10.3,74.7,126.3,76.8,38.8,31.4,15.9,25.7,19,0,7.6,5.9,0,5.3,5.2,144.9,225.6,150,64,51.2,21.9,18,10.4,15.9,9.3,51.5
20261005,20,hongdae,14512.7,5.3,87.8,677.2,1175.6,1328.2,931,459,291.1,369.5,297.5,249.4,160.5,106.3,188.6,26.6,183.9,1302.4,1887.2,1781.5,992.4,425.5,284.8,297,248.9,244.5,148.5,160,192.7
20261005,20,ikseon,2057.8,0,0,30.5,126.3,215.2,178.6,125.6,89.2,51.6,59,41.9,37.7,46.3,58.1,0,0,72.8,197.6,231.6,117.2,91.1,35.6,44.1,56.1,33.5,38.6,35.8,40.7
20261005,20,itaewon,5777.7,26.6,10.6,99.5,231.3,447.2,443.2,343.7,196.3,180.7,195.7,113.3,165.1,158.3,257.9,21.2,26.6,94.8,366.8,503.9,344.8,272,201.8,142.2,96,192.4,174.7,154.7,309.3
20261005,20,kondae,9557.3,10.6,24.4,365.5,835.7,1141,713.1,342.5,212.1,198.3,214.8,195.7,148.7,108.8,276.6,10.6,64.4,412.1,1204.4,912.5,619.7,267.7,205.5,157.9,209.7,183.9,144,108.7,268.6
20261005,20,mangwon,7079.7,15.9,70.2,62.1,176.9,333.6,486.9,280.5,264.2,227.2,210.7,223,195,182.5,368,10.6,74.3,52.6,316.1,566.1,511.1,335.4,321,246.3,270.1,253,204.6,261.5,547.7
20261005,20,mullae,5746.3,10.6,64.9,57.2,236.7,588.2,459.8,244.1,215.8,133.4,163.2,98.2,126.7,115.2,217.2,5.3,42.5,121.6,514.4,711.8,416.6,227.1,127.7,150.9,128.7,111,79.2,133.3,235.5
20261005,20,myeongdong,8089.9,15.9,31.8,146.3,359.3,552.6,543.4,328,342.9,299.1,300.8,280.4,220.2,117,115,10.6,86.6,256.2,805.3,905.7,631,307.3,267.7,198.2,240.4,248.1,172.4,120.5,179.8
20261005,20,pocha,10042.6,21.2,15.9,120.6,744.8,815.5,781.8,385.4,302.2,287.4,360.4,319.2,379.6,325.6,520.2,10.6,15.5,300,1097.1,1080.1,667.6,236.8,176.3,174.8,231.9,197.3,169.7,131.2,173.8
20261005,20,samcheong,1477.5,0,5.3,29.8,23.9,71.2,76.2,58.5,51.3,55.4,44.7,30.4,40.9,36.7,88.1,0,18.5,24.4,74.1,108.8,98.4,45.7,44.4,58.2,46.4,63.2,50.8,49.2,127.6
20261005,20,seochon,3531.2,10.6,9.5,43.1,110.7,270,318.2,169.2,103,114.4,62.5,76.7,84,101.8,123.9,5.3,34.8,86.9,369.2,360.6,244.1,143.7,74.9,90,117.5,118.5,104.9,69.4,101
20261005,20,seongsu,7221.6,5.3,76.8,230.2,420.1,640.3,533,300.2,177.3,161.3,152.6,128.7,83.3,92,90.5,5.3,115.4,627.2,919.2,973,495.8,238.3,172.8,129.9,121.6,115.1,63.3,76.1,65.5
20261005,20,sharosu,6376.1,10.6,35.6,96.5,349.8,707.7,686.6,325.6,128.7,168.3,154.8,173.2,138.8,116.5,227.8,5.3,29.6,121.4,392.3,786.3,448.9,222.7,125.9,112,157.5,129.4,122.9,107.7,281.6
20261005,20,sindang,6783.1,10.6,41.8,73,116.1,306.8,505.2,256.2,268.1,265.6,216.2,377,370,270.1,483.1,5.3,25.9,51.3,167.8,408.1,354.2,175.3,124.7,191.8,189.7,327.2,318,310.7,562.9
20261005,20,songridan,3580.6,0,30.9,63.4,130.3,287.3,279.3,184.8,106.8,117.7,80.4,92,90.2,55.3,113.9,0,38.3,115.1,271.6,299.8,324.3,168.9,104,108,80,59.6,104.7,66.6,207.3
20261005,20,yeonnam,6797.9,15.9,33,81.8,242.4,463,541.3,257.8,230.5,208.3,243.7,184.1,142.5,149.4,320.4,5.3,45.9,181.2,418.3,661.3,435.4,300.9,213.4,190.8,233.8,210.3,166.6,175.3,433.9
20261005,20,yongridan,11262.7,42.5,70.4,160.3,806,999.3,987.5,544.9,336.6,276.8,317.6,277,211.7,179.4,259.8,33,87.6,236.8,902.8,1451.6,838.8,484.9,292.8,279.6,274.9,267.4,227.8,150.9,264
20261005,21,apgujeong,3697.1,10.5,27.5,109.1,97.4,278.8,252,139.6,146.8,149.2,185.9,169.2,76.4,80,103.1,11.7,5.3,92.8,143.9,331,240.9,151.5,137.7,142.9,95.5,105.8,110.2,116.6,161.1
20261005,21,euljiro,3121.4,0,0,16.4,209.7,403.6,297.1,136.9,93.6,74.7,83.9,53.8,46.1,42.7,39.7,0,5.3,45,341.5,422.6,289.2,123.2,93.5,74.5,75.2,45.1,40.3,32.7,30.9
20261005,21,gangnam,9545.6,0,25.7,387.8,674.3,878.5,747.9,492.7,380.9,332.3,322.9,216.6,143.5,108.9,127.7,5.3,24.8,463.9,1037.5,952.5,716.4,346.1,217.3,258.8,219.7,156.5,99.2,70.5,128.5
20261005,21,garosu,3353.1,0,47.4,61,135.7,211.6,226.1,131.9,129.7,141.4,111.8,106.1,55.1,43,134.6,15.8,47.1,55.3,250.3,295.3,207.2,153.4,125.2,120.2,102.1,105.8,93.6,54.7,187.8
20261005,21,haebangchon,6384.7,26.3,64.4,97.7,158.8,331.4,356.3,318.8,220.5,253.2,273.9,200,156.2,202.2,415.3,5.3,63.2,101.2,318.1,373.1,353.7,231,209.9,251,175.8,182,209.9,251.2,575.9
20261005,21,hannam,757,0,0,0,53.3,70.2,56.5,30,28,8.7,22.9,15.2,4.9,7.5,5.8,0,0,0,71.2,130.7,102.6,30.6,22.6,0,9.1,17.2,7.1,0,51
20261005,21,hongdae,11789.7,5.3,51.4,474.3,1041.7,1033.5,773.4,369.5,293.5,308.1,261.3,223.3,127.9,99.7,171.2,26.3,105.8,1042.1,1611,1389,782.2,349.3,215.9,230.7,182,172.8,123.9,133.1,182.3
20261005,21,ikseon,1621.7,0,0,18.1,100.4,167.7,165.2,113.4,64.8,50.9,50.4,38.7,33,35.9,52.7,0,0,39.7,124.5,177.5,92.4,51.5,27.5,26.4,47.8,26.4,40.8,30.8,41.7
20261005,21,itaewon,5493,15.8,5.3,74.9,214,435.8,432.9,350.8,180,168,196.8,110.7,168.8,130.6,253.3,15.8,26.3,69.9,359.5,488.7,346.5,226.1,183.8,132.1,93.9,179.3,151.4,153,320.6
20261005,21,kondae,9057.4,10.5,5.3,313.6,795.9,1081.8,690.6,296.6,206,171.6,170.8,222.6,135.7,120.3,263.3,10.5,56.3,384,1109.3,930.8,602.2,229.6,197.7,143.3,214.7,173.5,137.4,113.6,266.7
20261005,21,mangwon,6940,15.8,69.6,57.7,137.8,316.9,474.9,300.4,271.2,212.1,207.8,214.4,199.7,198.4,372.6,10.5,63.2,47.5,260.6,552,518.7,342.3,305.7,250.7,257.6,252.2,216.2,259.3,542.3
20261005,21,mullae,4867.3,15.8,68.5,41,218.3,490.8,360.5,207.5,191,129.3,138.4,74.2,102.1,118,208.9,5.3,52.6,117.4,388,541.2,329.4,163.1,130,136.4,124.9,100.6,77.8,108.2,221.1
20261005,21,myeongdong,6317.2,10.5,16.4,108,311.8,459.4,453.1,221.5,287,236.5,233,253.2,180,95.2,85.8,10.5,24.6,211.2,645.2,748.9,465.9,200.1,185.6,117.6,194.8,201.9,117.9,90.4,140.3
20261005,21,pocha,8344.4,21.1,10.5,121.9,655.7,848.7,712.6,320.5,245.9,259.5,306.4,286.7,262.1,228.2,362,5.3,10.1,219,950.8,908.2,495.6,172.9,148.1,132.1,166.4,112.2,128.4,108.7,144.9
20261005,21,samcheong,1166.6,0,0,27.6,18.6,51.1,50.7,44.4,35,30.9,37.3,28.6,43.8,31,87.2,0,13.1,19.3,45.7,66.1,66.6,38.8,22.9,27.7,41.4,53.8,45.4,46.7,119.3
20261005,21,seochon,2658.2,10.5,0,30.2,114.6,214.4,242.1,120.7,70.9,83.4,55.6,73.5,63.3,83.3,89.3,0,0,57.9,224,263.4,182.1,105.7,56.6,81.4,85.9,108.1,78,50.9,97.7
20261005,21,seongsu,5121.2,5.3,36,138.9,338.8,477.7,435.8,246.1,142.5,108,121.1,124.9,76.8,86.1,85.8,0,32.4,372.2,647,605.5,299.4,175.9,105.4,82.5,77.7,102.1,46.7,61.8,62.2
20261005,21,sharosu,6371.6,10.5,35.2,106.3,355,713.7,674.7,305.1,141.4,159.4,141.1,148.8,151.5,102.2,225.7,0,39.8,112.6,425.1,831.8,419,220.2,130.4,118.4,136.4,138.2,109.6,113.6,296.9
20261005,21,sindang,6235.4,10.5,30.9,67.3,94.7,319.9,430.2,232.7,283.3,248.9,195.2,329.1,325.9,257.3,430.8,5.3,25.7,53.9,163.9,376,335.9,157.5,117.2,137.5,160.1,291.6,304.6,257.7,569.5
20261005,21,songridan,3101.3,0,24.8,39.7,120.5,250,235.6,153.9,94.2,93.1,72.5,79.4,93.3,54.8,114.3,0,33.9,91.6,165.3,241.6,268.1,169.2,98.4,101.4,85.5,68,95.3,62.3,194.6
20261005,21,yeonnam,6260.7,15.8,32.8,69.8,205.1,400,506.2,236,234.6,165.8,214.9,196,145.4,135.7,313.1,5.3,50.8,106.2,319.5,587,393.4,270.3,221.5,210.9,225.2,225,168.2,167.4,429
20261005,21,yongridan,9763.2,36.9,72.9,147.2,711.5,851.6,934,454.3,311.9,242.2,290.8,269.4,190.5,149.6,242.7,22.2,75.2,189.3,686,1145.9,732.2,416.1,271.4,230,214.8,255.7,210.3,153.1,255.6
20261005,22,apgujeong,3256.7,10.5,22.2,66.3,84.3,211.2,217.6,117.5,132.3,132.1,172.5,139.5,64.9,92.1,92.6,11.7,5.3,77.6,145.8,260.8,201.9,129.4,133.6,124.5,99.8,97.3,95.4,116.4,162.5
20261005,22,euljiro,2512.8,0,0,11.6,139.4,329,248.2,138.1,98,60.7,76,32.3,30,28.8,33.7,0,0,27.7,285.4,361.5,219.4,96.6,70.4,36.2,51.1,39.2,38.6,25.2,25.7
20261005,22,gangnam,8051.1,0,9.9,298.4,572.9,761.7,676.1,411.9,331,310.2,291,198.9,123.9,103.6,122.9,5.3,18.5,312.1,833.3,795.6,579.7,283.1,204.8,226.5,188.6,142.9,80,62.2,99.9
20261005,22,garosu,2920.9,0,47.4,56.6,111.6,164.4,151,102.9,130.9,137.1,104.6,97,61.6,42.2,136.6,21.1,52.3,61.6,206,208,150.3,139.5,95.1,112.9,104.8,99.5,79,55.9,187.8
20261005,22,haebangchon,6225.5,27.5,69.6,93.4,142.8,291.8,346.2,319.5,209.2,244.4,264.3,208.6,190.9,217.7,418.6,5.3,63.2,75,225.5,348.7,327.3,234.3,199.1,250.1,184.6,199.2,220.2,242.3,594.5
20261005,22,hannam,476.9,0,0,0,23.6,47.1,38.2,19,24.6,5.2,27.1,15.2,0,0,5.8,0,0,0,32.6,60.7,56.9,14.1,16,7.7,0,17.2,7.1,0,46.1
20261005,22,hongdae,9098.8,0,34,376.1,807.9,812.8,590,300.4,225.3,268.9,205.3,186.2,94.2,79.7,160.3,21.1,67.9,755.7,1242.5,994.8,578.7,262.4,196.8,183.6,123,144.4,78.6,115.4,181.3
20261005,22,ikseon,1193,0,0,14.9,64.5,105,123.9,75.8,64.2,44.7,38.1,40.8,27,20.7,47.7,0,0,20.5,82.9,106.2,84.3,41.6,24.3,20.8,28.6,23.7,31.1,16.9,41.4
20261005,22,itaewon,5479.9,15.8,5.3,86,247.7,399,510.2,370.6,180.7,156,214,117.3,162,114.1,241,15.8,31.6,76,373.1,477.3,335.4,200.4,160.8,122.8,95.2,173,151.4,143.5,295.3
20261005,22,kondae,8182.2,10.5,5.3,228.8,805.9,989.2,641,266.6,179.4,154.8,149.5,190.8,126.9,110,259.3,5.3,13.1,289.6,981.6,850.9,563.5,194.6,154.5,141.2,185.6,164.5,132.1,122.3,262.4
20261005,22,mangwon,7130.6,15.8,69.6,73,137.2,318.7,491.3,300.4,297,223.7,203,218.9,206.9,217.7,373.2,10.5,68.5,61.4,245,499.1,545.2,354.9,310.2,264.2,267.4,278,227.3,272.3,566.2
20261005,22,mullae,4056.3,15.8,73.7,43.5,163.8,386.4,228.9,188.9,171.8,135,149.1,62,102.7,103.8,185.7,5.3,47.4,99,319.4,340,226.7,141.9,126,124.9,105.1,100.2,81.2,96.8,220.4
20261005,22,myeongdong,4860.6,10.5,11.7,84,264,363.7,336.3,213.3,249.1,247.9,220.6,215.8,159.3,76.9,86.3,0,17,141.5,501.4,530.3,308.5,121,77.7,85.5,132.1,147.4,71,70,109.4
20261005,22,pocha,6570.8,10.5,5.3,102.8,521.9,731,585.4,291.9,203.7,227.9,275,229.3,196.2,174.2,330.8,5.3,5.3,185,681.9,668.7,351,111.1,110.4,76.3,131,77.8,81,78.8,121.5
20261005,22,samcheong,1009.5,0,0,28.7,11.2,30.3,41.6,36,33.5,21.9,36,29,36.4,26.6,94.5,0,13.1,16.2,19.9,41.9,38.3,34.8,22.6,29.4,36.4,54.1,40.1,40.7,115.3
20261005,22,seochon,1878.4,10.5,0,19.1,78.3,160.3,149.6,84,61.5,63.6,51,61,45.8,62.4,76.9,0,0,46.3,135.9,163.7,106.7,71.6,47.3,52.6,52.4,79.9,52.3,33.2,89.4
20261005,22,seongsu,3392.3,5.3,30.8,74.5,206.7,267,294.9,200.9,118.1,89,91.7,126.9,62.9,89.8,85.8,0,15.2,171.6,345,337.4,164.3,122.3,84.4,70,55.9,84.8,33.5,64,69.7
20261005,22,sharosu,6147.9,10.5,35.2,82.5,298.4,690.2,681.8,286.5,141.4,165,143.4,144.8,129.1,76.7,205.5,0,40.9,104.4,398.8,833.7,418.3,200.6,135.7,120.3,143.3,130.7,100.6,127.2,293
20261005,22,sindang,5969.7,10.5,36.2,71.7,88.5,315.2,396,221.7,272,252.8,167.9,316,288.4,249.1,408.1,5.3,25.7,64.1,146.7,388.8,285.9,160,102.4,140.2,167.5,267.5,275.2,276.7,552.6
20261005,22,songridan,2772.7,0,29.5,35.2,71,199.2,207.3,149.8,90.4,84.4,72.9,87.7,90.3,61.7,126.1,0,28.7,53.9,90.3,168.7,235.1,160.9,106.3,91.5,92.6,84.8,94.2,69.8,190.7
20261005,22,yeonnam,6045.1,26.3,38,83.9,170.5,370.5,452.8,219.7,232.2,171.8,208,181.5,149.2,154.8,338,5.3,42.1,95.2,312.9,525.6,361.1,260.3,199.6,197.7,237.1,217.2,178.9,170.1,437.4
20261005,22,yongridan,8073.1,31.6,61.7,129.9,664.8,635.2,727.1,391.9,267.4,235.5,260.7,232.9,171.3,117.3,233.5,22.2,73.8,152.1,499.7,859.1,589.7,342.5,226.8,202.4,192.6,214.9,162.6,120.2,253.7
20261005,23,apgujeong,2932.2,10.4,22,59.5,79.8,201.8,185.5,106.7,125.3,124.5,154.5,127.1,59.8,88.9,88.2,11.6,5.2,76.4,130.2,200.4,152.8,113.7,130.1,114.1,91.1,84.6,80.4,111.4,168.5
20261005,23,euljiro,1996.7,0,0,16.1,113.2,255.3,182.4,115.2,82.7,63.6,61.8,28.3,20.7,27.4,33.4,0,0,16.7,206.2,267.3,160.7,96,68.7,35.8,41.9,24.3,39.4,10.6,22.1
20261005,23,gangnam,6636.2,0,15.1,210.1,402.4,605.2,591.9,368.9,306.2,291.4,241,170.8,114.6,84.7,107.4,5.2,13.1,141,603.5,702.5,498.2,257.6,205.9,197.2,153.8,134.1,41.3,47.3,106.5
20261005,23,garosu,2686.9,0,47,49.2,90.4,134.7,126.1,88,122.2,135.4,113.1,87.3,66.4,42.9,127,20.9,41.4,61.7,147.8,193.3,146.7,132.5,79.1,114,96.4,99.1,74.6,56,190.8
20261005,23,haebangchon,6083.8,27.3,69,92.5,119.7,256.9,347.6,324.4,196.4,229.7,281.2,211.1,185.7,221.2,415.3,5.2,62.6,75.8,207.8,306.8,311.2,214.1,208.7,240.3,191.4,205.5,218.4,249.1,597.2
20261005,23,hannam,348.6,0,0,0,7.4,34.8,25.4,18.7,21.6,10.1,25.7,16.2,0,0,5.8,0,0,0,7.4,21.1,39.5,16.6,15.9,7.6,0,13.7,4.4,6.2,45.7
20261005,23,hongdae,6677.8,0,23.3,262.9,572,568.2,444.4,235.4,194.4,222.6,178.6,154.4,89.1,72.5,149.4,15.7,42.9,438.5,867.7,655.8,408.6,184.3,138.8,157.1,105.4,114.6,73.5,126,167.5
20261005,23,ikseon,874.4,0,0,27.1,22.3,71.7,86,63.7,42.6,38.2,24.1,35.2,22.9,18.4,51.3,0,0,10.3,47.4,68.9,50.5,25.4,33.5,16.9,22.8,19.2,25.2,11.8,35.9
20261005,23,itaewon,5135,15.7,5.2,64.2,255.2,413.5,486.2,330.5,192.8,125.9,192.4,105.4,152.4,116.7,225.3,15.7,20.9,57.4,301.5,416.5,310.6,194.1,160.7,125,89.7,155.1,159.1,139.1,302.4
20261005,23,kondae,7365.7,10.4,5.2,180.8,747.4,897.5,587,246.3,181.6,153.4,162.4,165.6,114.2,89.3,260.6,5.2,5,253.6,818.9,724.1,483.9,164.9,166.7,123.1,165.3,154.3,132.9,121.9,241.1
20261005,23,mangwon,7106.8,15.7,69,71.3,159.3,347.8,471.1,315.4,316.5,213.7,185.6,237.3,209.3,211.1,372.1,10.4,62.6,58.4,241.6,507.7,517.6,342,303.5,265.8,269.5,273.1,224.4,274,547
20261005,23,mullae,3379.8,15.7,73.1,38.8,131.1,282,171.5,147.2,158.7,131.8,124.2,64.4,104.8,102.9,185.3,5.2,47,94.5,220,221.2,143.5,113.4,106,127.8,96.4,83.8,75.9,88.2,210.7
20261005,23,myeongdong,3491.9,5.2,6.4,43.9,177.3,258.8,285.9,169.8,207,219.2,178,182,134,55.4,57.5,0,0,75.9,309.6,351,190.1,95.7,46.1,59.4,109,95,61.5,34.3,62.1
20261005,23,pocha,5141.7,5.2,5.2,88.6,386.8,629.2,431.3,250.4,167.3,176.5,232.2,204.4,170.7,142.9,280.1,5.2,5.2,111.7,457.2,486.7,264.2,95.5,93.9,65.9,91.8,64.6,61.5,63.6,104.4
20261005,23,samcheong,959.7,0,0,31.9,9.9,27.6,43.2,26,32.7,23.7,34,27.7,39.4,25.8,96.9,0,13,5.2,19.5,32.7,36.7,30.7,19.7,29.2,27.4,52.7,41.9,34.9,114
20261005,23,seochon,1349.9,10.4,0,12.8,35.7,115.5,108.4,48.2,47.2,60.5,52.4,59.8,41.5,48.4,69.9,0,0,36,80.1,102.5,59.4,40.2,24,42.6,27.2,44.6,43.8,25.2,86.7
20261005,23,seongsu,2442.9,5.2,25.3,36.9,109.2,202,236.3,161.4,96.9,67.4,92.5,121,69.2,88.7,82.6,0,15.1,80.9,155.5,205.2,91.4,82.9,62,49.9,51,69.4,33.2,60.4,61.1
20261005,23,sharosu,5752.7,5.2,25,52.5,265.8,679.9,661.9,272.3,128.1,146.7,142.2,145.1,122.1,72.1,199.9,0,25.1,76.1,400.7,755.1,389.6,192.6,121.9,115.8,125.4,122.6,92.7,116.4,286.3
20261005,23,sindang,5627.4,10.4,35.8,62.3,84.7,320.3,380.2,190.9,236.8,253.8,163.1,287.3,275.4,216.3,389.2,5.2,20.4,55.3,139.1,357.9,273.8,138.9,85.5,140.6,176.1,236.6,264.3,272.6,537.7
20261005,23,songridan,2566.5,0,24.6,22.3,60.7,167.1,193.1,142.7,90.4,97.9,68.8,83.6,96.2,64.6,125,0,33.6,42,44.5,139.6,221.6,131.3,108.4,81.4,91.8,81.1,102.5,69.2,182.5
20261005,23,yeonnam,5640.6,20.9,42.9,80.1,143.7,326.6,391.3,196.4,223.6,171.2,187.5,160.8,134.3,146.1,332.3,5.2,41.8,91.8,273.4,470.8,333.8,250.4,194,198.9,218.1,205,173.9,166.1,441.9
20261005,23,yongridan,6993,31.3,61.2,126.6,571.3,541.8,609.8,346.3,242.6,203.2,221.9,216.9,152.4,105.9,224,16.8,55,109.8,432.7,645.9,481.3,322.7,220.5,170,187.1,209.7,151.4,109.5,225.4
