ymd,tt,id,spop,m00,m10,m15,m20,m25,m30,m35,m40,m45,m50,m55,m60,m65,m70,f00,f10,f15,f20,f25,f30,f35,f40,f45,f50,f55,f60,f65,f70
20260802,00,11110615,25121.29,67.38,179.90,336.57,978.03,2011.80,2443.71,1693.67,1368.40,1227.08,1208.33,853.41,778.34,625.97,975.69,61.55,326.23,264.35,861.22,1507.95,1352.08,937.53,937.22,857.98,817.48,674.21,575.15,521.55,678.51
20260802,01,11110615,23861.37,61.89,180.00,324.83,819.14,1826.27,2190.71,1578.39,1330.63,1194.14,1206.14,798.00,752.24,622.87,977.60,61.47,326.08,246.46,794.28,1459.22,1255.75,893.87,905.21,847.50,802.39,674.14,561.32,508.32,662.51
20260802,02,11110615,22283.47,61.89,180.00,295.24,734.19,1607.27,1861.40,1424.62,1269.79,1129.59,1135.18,769.00,708.54,608.19,971.28,61.47,326.01,243.72,713.94,1272.39,1151.13,872.28,879.33,826.10,792.36,680.49,547.31,495.79,664.97
20260802,03,11110615,20909.59,61.89,180.00,283.58,641.29,1413.35,1567.78,1300.18,1231.47,1069.61,1047.42,735.98,646.73,595.64,980.30,61.47,330.27,237.57,646.48,1191.20,1045.08,849.26,841.69,818.47,780.15,647.38,542.56,495.29,667.50
20260802,04,11110615,19884.13,61.94,185.49,281.97,577.51,1265.40,1392.32,1217.02,1124.51,1041.07,1005.82,715.28,653.86,582.03,972.77,61.47,330.27,223.88,591.13,1072.43,969.38,801.82,829.80,819.35,772.44,644.12,542.07,486.58,662.40
20260802,05,11110615,19148.62,61.94,185.39,280.45,495.31,1072.09,1231.55,1179.54,1058.14,991.90,1004.99,714.31,655.38,591.74,983.00,61.47,324.99,220.86,552.45,1005.08,896.25,783.30,824.47,821.65,768.51,638.11,541.05,506.60,698.10
20260802,06,11110615,19401.25,61.87,185.32,269.02,438.99,996.61,1168.59,1112.80,1053.82,998.78,1020.00,786.80,693.42,694.84,1050.89,61.42,324.77,225.60,530.14,1029.08,885.41,797.65,827.43,824.13,792.72,664.50,584.91,566.24,755.50
20260802,07,11110615,20563.08,62.41,192.63,282.00,453.49,1007.49,1192.73,1137.18,1094.82,1080.53,1087.63,885.38,781.78,784.59,1219.55,61.94,333.22,232.71,545.63,1034.91,943.76,803.87,856.62,872.67,834.68,715.65,612.75,638.44,814.02
20260802,08,11110615,22219.39,56.62,203.31,284.18,512.45,1050.61,1241.84,1225.56,1216.33,1112.31,1175.13,979.35,893.71,912.21,1376.77,61.94,341.67,240.24,577.78,1046.89,1011.70,857.14,937.20,901.17,875.94,780.21,680.33,726.17,940.63
20260802,09,11110615,26630.67,85.39,197.03,315.43,670.70,1227.21,1353.20,1331.91,1411.78,1223.66,1513.38,1190.81,1045.73,1100.18,1773.66,67.99,334.90,279.51,809.55,1275.90,1213.22,1015.97,1045.79,1105.71,1072.55,989.02,897.84,892.28,1190.37
20260802,10,11110615,33027.07,97.55,270.35,415.39,796.86,1506.86,1644.02,1540.09,1537.54,1446.41,1787.14,1480.15,1243.05,1283.73,2249.04,108.54,417.56,350.36,1042.15,1699.25,1545.39,1255.33,1333.62,1349.29,1386.17,1288.11,1184.95,1144.17,1624.00
20260802,11,11110615,40964.61,99.37,363.20,525.47,949.07,1788.44,1997.24,1730.46,1768.12,1721.91,2084.05,1829.66,1468.14,1587.46,3025.32,154.85,468.72,463.98,1376.10,2068.50,1947.23,1586.80,1581.71,1756.72,1735.71,1629.21,1576.75,1517.70,2162.72
20260802,12,11110615,47607.38,135.77,438.09,617.53,1065.79,2099.88,2407.92,1956.64,1942.05,1860.77,2253.44,1988.87,1666.51,1803.45,3957.06,138.41,538.91,544.81,1751.49,2429.73,2378.40,1835.77,1776.51,2016.59,1994.07,1877.14,1866.14,1763.49,2502.15
20260802,13,11110615,54783.84,126.73,464.58,701.19,1327.59,2484.48,2697.40,2209.73,2086.90,2058.31,2373.52,2219.31,1894.62,2054.04,4564.21,157.26,618.22,773.58,2109.08,3063.65,2898.61,2126.77,2196.37,2354.64,2258.68,2064.72,2069.34,1938.00,2892.31
20260802,14,11110615,59017.79,131.89,503.39,790.03,1457.50,2729.46,2925.48,2372.96,2221.02,2201.44,2442.23,2314.95,2042.43,2175.20,4815.71,189.57,619.52,909.51,2641.25,3619.61,3111.22,2226.28,2455.70,2373.78,2398.87,2134.96,2132.68,2095.14,2986.01
20260802,15,11110615,60279.68,113.36,520.43,869.61,1639.97,2935.84,3065.94,2551.85,2320.01,2361.10,2377.08,2172.00,2013.05,2154.29,4860.29,192.19,686.21,1026.20,2916.62,3981.61,3254.48,2131.49,2412.20,2476.27,2318.88,2088.50,1973.84,1989.07,2877.30
20260802,16,11110615,60758.45,96.13,493.04,899.87,1769.13,3196.79,3190.26,2633.50,2375.89,2409.76,2448.55,2124.34,2137.79,2137.09,4430.61,188.57,675.68,1111.81,3203.16,4262.94,3353.01,2207.34,2361.77,2440.97,2228.42,2154.59,1878.30,1738.92,2610.22
20260802,17,11110615,58831.18,143.34,430.19,924.84,1855.52,3307.13,3249.53,2584.25,2358.52,2315.83,2344.61,2004.42,2013.27,1974.80,3933.08,198.42,717.36,1201.27,3286.55,4369.66,3215.66,2258.76,2332.27,2269.30,2046.94,2024.33,1709.34,1619.73,2142.26
20260802,18,11110615,53306.69,153.42,498.01,878.71,1796.44,3280.11,3107.73,2458.43,2184.02,2041.19,2071.62,1793.28,1747.13,1755.16,3064.06,165.14,604.92,1147.65,3237.23,4157.41,2898.36,2087.90,2080.27,2034.30,1797.94,1657.76,1454.42,1428.18,1725.90
20260802,19,11110615,48686.82,128.56,372.84,838.95,1790.74,3079.29,3058.62,2288.86,2058.91,1776.39,1950.81,1559.23,1527.51,1470.94,2440.44,116.54,567.30,1030.48,3306.07,4028.82,2660.91,1850.03,1843.04,1840.81,1646.11,1491.21,1289.46,1201.55,1472.40
20260802,20,11110615,42451.75,128.94,304.86,715.30,1769.20,2834.34,2673.30,2059.54,1875.41,1550.39,1718.00,1400.88,1300.97,1236.08,1873.53,98.14,555.40,884.83,2905.99,3632.56,2328.61,1568.07,1530.61,1570.01,1480.09,1312.61,1039.28,941.92,1162.89
20260802,21,11110615,34759.37,107.01,275.23,638.00,1604.95,2381.14,2370.16,1727.90,1539.18,1350.37,1427.66,1120.72,1053.95,1020.10,1482.80,83.08,474.33,687.36,2386.64,2854.79,1754.55,1251.84,1241.04,1265.61,1183.76,1026.58,774.61,742.37,933.64
20260802,22,11110615,28086.20,78.88,260.01,517.20,1310.34,1934.01,1924.70,1457.75,1328.50,1228.20,1197.08,897.35,813.45,830.40,1238.30,60.43,379.41,454.66,1843.24,2110.68,1338.84,959.97,1000.68,1108.48,1005.77,790.13,619.51,608.70,789.53
20260802,23,11110615,23577.20,72.83,237.48,395.30,999.66,1487.95,1618.52,1303.50,1225.02,1124.03,1095.44,798.12,709.65,697.70,1076.77,54.58,358.57,318.61,1301.63,1589.91,1076.89,882.99,864.84,920.93,844.60,736.86,557.26,532.45,695.11
20260803,00,11110615,20202.38,67.09,231.64,308.34,625.32,1095.39,1302.74,1130.66,1178.02,1092.22,1089.01,822.47,622.72,630.70,998.42,66.76,369.50,259.38,655.63,995.83,785.72,749.65,872.73,914.77,841.57,709.30,590.52,526.93,669.35
20260803,01,11110615,19832.43,72.54,239.81,297.40,601.70,1018.44,1226.41,1108.88,1164.45,1077.29,1100.49,800.17,612.26,627.89,999.66,66.76,374.55,251.63,618.24,945.08,766.92,743.97,878.38,906.48,848.63,700.48,592.56,524.75,666.61
20260803,02,11110615,19242.16,72.54,234.17,285.80,544.57,935.56,1134.26,1063.94,1143.72,1051.87,1068.03,774.69,602.43,632.55,988.62,66.76,374.44,240.30,587.20,889.52,742.00,734.38,865.05,897.72,829.06,693.79,586.14,524.66,678.39
20260803,03,11110615,18769.38,71.90,232.21,275.60,500.13,883.27,1087.95,1005.99,1137.72,1043.04,1045.95,734.00,582.28,632.84,999.65,66.35,371.31,228.21,555.81,853.00,705.21,722.77,855.11,891.28,817.65,695.03,577.47,528.82,668.83
20260803,04,11110615,18920.07,72.54,234.32,276.04,481.58,863.77,1056.51,991.81,1132.53,1052.39,1067.92,756.89,596.46,621.55,1010.36,66.87,374.48,226.30,545.33,838.93,723.98,730.90,860.83,915.94,830.87,719.18,621.87,561.47,688.45
20260803,05,11110615,19954.82,72.44,239.76,267.93,460.24,840.77,1042.37,1051.26,1133.73,1087.41,1095.35,826.32,698.66,681.73,1096.79,66.87,374.49,214.35,533.38,855.19,743.58,752.80,859.16,905.14,856.45,778.52,801.07,755.53,863.53
20260803,06,11110615,23217.66,76.52,239.42,272.78,469.45,923.52,1165.66,1232.22,1362.27,1319.40,1511.68,1162.76,941.15,894.97,1278.99,66.71,383.83,223.53,580.61,945.65,825.90,827.97,914.91,983.50,931.69,902.59,957.56,841.52,980.90
20260803,07,11110615,32602.65,82.64,236.16,272.47,540.80,1311.37,1603.22,1839.32,2197.51,2359.99,2524.68,1995.44,1220.21,1111.48,1605.97,67.25,381.63,273.65,739.86,1331.10,1330.41,1223.17,1231.27,1353.66,1286.54,1146.62,1138.63,1028.20,1169.40
20260803,08,11110615,60316.07,84.09,239.84,331.18,739.19,2319.14,3661.15,3687.68,4560.97,4648.34,5148.58,3690.21,1924.69,1545.06,2176.46,72.62,393.14,402.36,1266.09,3193.59,3390.42,2827.46,2590.10,2606.04,2520.96,1904.77,1499.37,1361.80,1530.77
20260803,09,11110615,95921.85,87.63,265.58,549.98,1288.85,4086.68,6114.07,6002.15,6790.09,6793.87,7034.50,4989.32,2667.79,2133.23,3263.57,86.76,410.10,566.40,2343.12,6157.26,6633.18,5163.46,4645.06,4352.88,3977.18,3140.37,2313.52,1972.19,2093.06
20260803,10,11110615,112652.63,94.56,333.41,678.51,1778.92,4820.18,7170.13,6708.01,7434.44,7406.73,7699.53,5711.06,3229.31,2671.22,4671.08,94.60,419.72,719.83,3140.22,7159.47,7764.71,5855.86,5504.78,4954.11,4635.82,3897.62,2890.51,2422.43,2785.86
20260803,11,11110615,120468.84,106.18,327.14,744.34,1945.42,4977.24,7473.03,6986.45,7547.85,7599.12,7673.67,6067.39,3708.42,3212.68,5954.69,93.41,423.41,803.39,3502.16,7502.81,8060.65,6200.53,5756.03,5214.77,4963.86,4252.50,3281.35,2707.39,3382.96
20260803,12,11110615,129967.50,108.03,298.90,863.53,2189.64,5457.20,7981.30,7233.05,7910.48,7903.76,7938.02,6359.83,3857.40,3613.52,7171.63,136.55,376.20,971.76,3931.29,8262.32,8662.25,6684.64,6136.06,5529.58,5327.13,4590.01,3585.86,3032.66,3854.90
20260803,13,11110615,129066.73,95.37,309.25,854.29,2186.34,5327.00,7660.14,7141.22,7812.85,7825.96,8029.96,6134.62,3887.18,3790.05,7636.39,112.03,339.22,938.33,3887.85,7969.56,8500.59,6498.61,5987.66,5562.57,5411.33,4559.57,3642.37,3055.76,3910.66
20260803,14,11110615,130099.90,118.57,376.53,899.17,2095.25,5465.68,7714.87,7279.43,7797.65,7808.50,8174.27,6185.14,3983.04,3767.23,7871.96,144.52,400.63,1014.87,4072.84,8000.79,8420.62,6356.57,5963.60,5671.86,5388.81,4540.11,3563.42,3113.93,3910.04
20260803,15,11110615,126638.80,101.51,318.90,874.46,2146.11,5385.83,7592.92,7131.14,7510.91,7809.21,8064.31,6059.03,3769.01,3687.27,7388.59,130.32,400.07,1169.13,3944.88,8083.83,8225.94,6126.75,5778.37,5545.40,5177.74,4390.77,3449.50,2856.24,3520.66
20260803,16,11110615,126298.94,104.60,301.92,924.06,2216.25,5473.23,7747.79,7249.97,7540.11,7916.15,8172.58,6099.17,3631.84,3614.28,6718.52,115.99,439.20,1222.58,4141.07,8302.70,8308.95,6211.05,5801.05,5650.15,5183.22,4218.92,3123.67,2768.33,3101.59
20260803,17,11110615,119669.10,114.13,347.97,977.37,2222.58,5480.29,7531.16,6955.70,7453.58,7590.53,7939.03,5679.67,3438.73,3381.87,5612.86,114.98,425.47,1222.51,4026.99,8018.62,8009.43,5895.55,5601.79,5328.66,4871.97,3898.31,2638.28,2378.08,2512.99
20260803,18,11110615,105683.78,122.80,297.11,889.19,2188.56,5163.73,6981.85,6348.20,6572.53,6830.47,7067.68,4946.19,2970.23,2777.21,4360.31,105.72,399.51,1261.87,3917.32,7182.58,6932.18,4989.09,4737.39,4555.76,4240.08,3385.59,2302.66,2078.16,2079.81
20260803,19,11110615,77782.68,107.39,321.70,777.88,2046.67,4109.30,5108.36,4492.07,4633.23,5063.53,4991.33,3524.30,2277.32,2096.72,3181.39,105.34,361.55,1216.74,3444.12,5247.31,4644.80,3180.10,3046.62,3111.26,2925.33,2375.01,1893.42,1754.60,1745.29
20260803,20,11110615,61172.67,100.06,345.83,688.29,1890.71,3440.95,4003.50,3454.06,3534.50,3795.97,3610.73,2723.67,1976.88,1673.12,2337.58,98.93,317.79,1101.71,3172.64,4138.90,3462.32,2307.29,2163.22,2301.45,2228.59,1842.37,1564.12,1472.68,1424.81
20260803,21,11110615,48414.63,104.59,306.49,579.35,1618.71,2893.85,3189.62,2742.26,2752.07,3056.72,2742.65,2063.20,1541.69,1276.90,1804.17,92.81,283.76,874.20,2656.33,3258.32,2595.17,1714.33,1698.79,1863.32,1805.39,1448.53,1163.88,1092.40,1195.13
20260803,22,11110615,35917.74,87.78,244.69,467.99,1364.14,2200.28,2416.68,2077.02,2095.95,2303.55,2012.52,1492.68,1130.06,950.57,1403.81,80.96,256.02,634.98,1832.91,2262.41,1744.55,1245.75,1328.72,1346.31,1312.31,1086.84,827.62,781.05,929.59
20260803,23,11110615,28088.05,87.78,235.65,354.52,1008.69,1661.86,1814.82,1601.36,1636.18,1797.56,1616.40,1152.33,941.06,790.59,1185.50,75.51,291.25,447.87,1278.40,1493.25,1208.62,965.82,1078.42,1117.30,1059.81,933.44,722.89,665.90,865.27
20260804,00,11110615,21227.93,81.65,228.00,247.36,581.73,1123.85,1267.16,1289.25,1240.49,1368.79,1305.81,846.56,736.73,668.11,1057.45,80.15,269.92,272.79,630.68,933.94,768.09,746.65,898.87,959.86,899.09,788.03,653.30,549.57,734.05
20260804,01,11110615,20445.64,81.63,228.00,216.16,532.31,1035.73,1198.78,1208.98,1220.30,1331.77,1280.10,818.42,708.08,646.37,1033.64,80.15,269.83,247.21,567.51,866.07,749.93,747.39,875.71,926.23,895.39,765.87,637.81,548.44,727.83
20260804,02,11110615,19957.37,81.63,233.36,206.18,497.80,991.35,1146.96,1174.52,1217.24,1298.74,1247.19,785.50,672.87,619.30,1035.21,80.08,275.24,250.03,551.46,827.74,730.48,721.00,861.22,903.23,869.69,769.92,637.48,532.59,739.36
20260804,03,11110615,19557.98,81.63,233.34,205.88,460.17,950.77,1101.14,1154.15,1194.04,1272.98,1232.22,771.10,642.53,607.13,1025.83,80.08,280.61,247.09,523.34,789.89,709.22,716.28,843.20,916.37,870.16,764.85,627.87,519.62,736.49
20260804,04,11110615,19431.54,81.63,238.72,208.82,422.51,914.53,1066.38,1111.90,1191.96,1267.08,1204.59,769.42,646.97,621.58,1043.96,80.08,280.70,251.75,497.54,779.43,693.13,715.90,828.57,906.95,863.85,770.92,664.66,553.50,754.51
20260804,05,11110615,20351.83,81.63,238.81,213.97,399.90,876.22,1047.84,1135.65,1186.66,1278.99,1234.31,798.95,731.17,661.60,1116.67,80.15,280.61,239.46,497.27,793.23,702.92,731.60,857.69,895.61,894.73,858.39,845.22,751.34,921.24
20260804,06,11110615,23761.99,82.27,240.50,215.80,422.31,948.30,1150.08,1286.61,1360.67,1515.20,1550.23,1131.89,966.05,906.06,1308.03,80.79,282.51,254.04,577.61,909.24,836.58,845.35,903.39,1016.34,997.75,977.59,1015.39,891.96,1089.45
20260804,07,11110615,33728.80,77.51,242.57,231.08,548.01,1261.30,1614.90,1957.42,2271.21,2496.20,2655.85,1960.35,1356.25,1203.97,1775.72,81.52,283.45,288.48,773.05,1362.55,1386.70,1269.94,1201.85,1388.78,1342.98,1214.11,1150.46,1087.11,1245.48
20260804,08,11110615,61505.70,90.05,248.94,344.55,779.91,2343.95,3575.60,3876.58,4423.02,4699.86,5152.30,3707.66,2036.80,1684.27,2368.94,82.80,308.55,421.12,1362.88,3212.75,3532.81,2890.90,2720.55,2676.59,2525.83,1968.05,1489.26,1438.36,1542.82
20260804,09,11110615,97529.91,89.51,287.91,514.55,1330.22,4098.46,6197.84,6205.48,6612.34,6870.47,7154.46,5033.00,2815.43,2302.42,3464.50,85.70,325.09,558.09,2404.73,6394.04,6885.67,5208.18,4764.36,4482.06,3889.45,3166.56,2248.00,2007.61,2133.78
20260804,10,11110615,113117.98,73.72,323.09,609.07,1716.69,4768.99,7087.48,6917.02,7315.80,7418.43,7795.50,5603.85,3381.66,2958.99,4805.06,90.05,322.62,675.75,3087.68,7208.47,7843.66,5875.10,5483.48,5048.72,4490.92,3829.39,2954.27,2642.18,2790.34
20260804,11,11110615,123867.83,62.16,310.53,643.52,2017.12,5238.10,7670.43,7363.81,7815.99,7805.47,8094.17,6098.84,3704.08,3329.44,6064.00,109.26,316.09,757.93,3559.28,7801.14,8238.17,6323.17,5940.67,5455.62,5071.74,4196.48,3446.35,3034.79,3399.48
20260804,12,11110615,130851.75,68.81,306.95,742.78,2137.08,5307.82,8035.03,7616.38,8104.56,7950.73,8187.46,6374.10,4020.30,3749.80,7037.59,136.29,306.65,869.38,3748.68,8242.97,8656.09,6593.75,6247.18,5691.59,5428.18,4492.63,3629.30,3348.54,3821.13
20260804,13,11110615,133347.40,99.11,328.92,760.23,2146.03,5411.67,7933.31,7570.92,8050.17,7768.89,8400.40,6353.75,4147.21,3915.55,7858.01,171.34,327.62,930.31,4065.88,8286.50,8889.70,6534.90,6198.12,5701.54,5431.37,4701.67,3790.93,3444.32,4129.03
20260804,14,11110615,130895.68,91.38,284.55,825.94,2276.47,5421.93,7874.74,7288.81,7950.01,7569.37,8267.75,6140.15,4033.68,3826.60,7987.62,151.35,312.08,1033.79,4039.21,8052.36,8607.65,6383.49,5958.99,5496.37,5256.66,4660.70,3743.57,3321.02,4039.44
20260804,15,11110615,132243.03,92.50,228.96,822.82,2374.44,5645.34,8011.84,7481.93,8016.99,7708.87,8325.25,6173.47,3969.90,3875.57,7957.97,136.33,321.37,1076.24,4235.53,8308.86,8669.73,6497.48,6158.51,5581.78,5162.05,4680.90,3631.78,3173.10,3923.52
20260804,16,11110615,127643.89,91.88,237.28,887.28,2427.09,5692.97,7884.01,7383.05,7827.65,7559.23,8223.70,6102.46,3625.38,3582.89,6905.08,134.09,317.38,1115.27,4165.38,8220.77,8491.16,6354.98,6054.76,5440.03,5095.05,4388.02,3319.66,2837.97,3279.42
20260804,17,11110615,120635.65,72.63,275.32,852.77,2390.62,5515.81,7768.02,7194.25,7642.92,7246.61,7923.36,5859.44,3466.91,3317.91,5586.40,127.30,337.03,1067.13,4115.96,7992.03,7977.81,6041.85,5678.22,5117.21,4847.73,4190.27,2900.18,2448.98,2680.98
20260804,18,11110615,108920.03,88.57,269.28,863.15,2317.33,5286.55,7286.03,6727.14,7010.32,6716.64,7050.18,5153.53,3151.63,2826.29,4512.83,128.94,314.47,1122.18,3933.75,7321.72,7180.37,5256.29,4902.31,4488.79,4455.23,3600.60,2693.52,2077.68,2184.71
20260804,19,11110615,82609.86,109.47,246.46,722.03,2147.74,4269.88,5584.04,4996.93,5172.97,5145.75,5321.12,3857.42,2440.49,2133.24,3386.11,113.56,338.71,1012.11,3416.07,5427.07,4986.14,3578.17,3302.89,3226.65,3229.04,2709.41,2267.09,1696.09,1773.21
20260804,20,11110615,64847.53,106.55,233.35,661.84,1806.72,3538.87,4540.39,3993.17,3962.45,3859.25,4130.62,2886.54,2037.11,1713.28,2421.17,72.31,278.44,894.25,3031.43,4210.07,3832.55,2639.05,2432.81,2391.47,2401.67,2094.36,1823.35,1358.29,1496.17
20260804,21,11110615,52295.99,90.57,232.62,593.03,1680.36,3007.60,3866.74,3239.75,3194.48,3096.19,3187.19,2222.32,1584.14,1319.39,1778.05,55.29,265.83,742.05,2606.79,3502.07,3063.34,2091.45,1861.90,1881.30,1902.06,1602.57,1301.35,1073.18,1254.38
20260804,22,11110615,39226.01,83.21,211.55,468.05,1320.12,2295.99,2962.71,2533.76,2499.61,2388.07,2325.32,1518.19,1189.64,1042.23,1416.05,42.79,240.53,536.25,1884.08,2509.25,2199.05,1482.46,1377.70,1348.12,1462.79,1191.32,941.46,784.53,971.18
20260804,23,11110615,29585.39,77.00,207.55,326.85,925.27,1836.78,2212.33,1954.14,1909.10,1824.43,1852.48,1128.38,935.91,787.43,1171.74,58.48,216.14,357.22,1187.21,1654.87,1405.32,1075.65,1050.35,1084.45,1154.54,953.32,775.08,640.63,822.74
20260805,00,11110615,22070.05,77.02,200.98,249.46,544.74,1278.89,1399.26,1447.16,1330.82,1412.98,1419.95,946.49,698.61,711.05,1040.46,65.07,220.49,215.70,588.00,980.82,910.26,790.00,897.08,889.64,967.21,829.71,676.90,557.47,723.83
20260805,01,11110615,21264.34,77.02,201.14,229.62,517.05,1202.85,1348.87,1359.05,1288.06,1369.24,1364.11,920.03,657.45,693.67,1032.22,65.07,220.35,215.51,557.66,925.45,845.58,765.13,857.56,885.12,962.66,799.77,662.82,529.25,712.03
20260805,02,11110615,20489.69,77.02,206.53,223.33,502.58,1102.79,1233.31,1283.85,1248.39,1316.06,1334.74,893.81,639.77,678.04,1007.05,65.15,220.30,212.34,512.97,878.68,798.55,724.25,832.90,875.46,961.88,793.50,645.27,524.43,696.74
20260805,03,11110615,20135.15,77.00,206.53,211.08,459.75,1044.14,1202.54,1223.22,1213.15,1301.12,1313.84,889.15,653.70,671.55,1014.24,65.15,220.44,214.92,509.79,844.73,757.10,722.99,819.70,866.81,961.74,793.13,649.26,526.77,701.61
20260805,04,11110615,20028.56,77.00,201.19,207.37,441.71,1006.86,1166.80,1192.16,1190.35,1285.15,1314.44,888.63,659.49,692.34,1035.34,65.15,220.46,215.03,485.69,825.41,731.67,734.14,820.10,865.33,952.93,801.43,685.25,549.95,717.19
20260805,05,11110615,21022.26,76.91,201.19,205.68,455.92,985.32,1157.19,1209.08,1201.90,1302.94,1338.72,916.97,731.30,783.40,1139.25,65.15,225.74,230.59,459.24,814.89,715.72,749.33,829.97,864.88,975.96,863.16,863.21,764.60,894.05
20260805,06,11110615,23966.90,82.24,200.96,206.61,474.09,1040.82,1235.08,1299.46,1412.40,1512.77,1609.26,1205.82,981.60,958.66,1334.23,65.09,225.41,245.64,488.03,930.03,830.68,857.24,881.76,953.45,1052.94,980.76,1003.15,867.59,1031.13
20260805,07,11110615,33281.61,77.47,208.28,210.81,560.97,1286.36,1668.30,1907.36,2195.47,2392.03,2643.89,2093.14,1364.03,1312.87,1671.77,65.66,235.61,279.91,640.50,1317.94,1301.51,1253.78,1215.52,1305.40,1385.50,1273.43,1154.74,1057.29,1202.07
20260805,08,11110615,60084.62,91.11,212.62,264.71,754.11,2419.04,3542.53,3732.70,4399.05,4548.79,5186.26,3727.24,1999.17,1842.36,2210.83,66.76,245.47,409.54,1226.73,3046.59,3322.33,2769.36,2684.19,2588.83,2395.71,2050.75,1413.80,1445.68,1488.36
20260805,09,11110615,97399.61,82.36,245.71,499.86,1351.50,4225.34,6081.08,6144.48,6642.57,6811.72,7203.50,5147.74,2939.29,2602.83,3181.59,81.25,230.12,515.11,2282.74,6180.11,6797.83,5224.92,4788.76,4278.96,4007.20,3463.48,2315.29,2086.92,1987.35
20260805,10,11110615,115695.87,66.07,303.71,624.16,1857.58,5047.56,7144.07,6912.62,7308.86,7585.73,7936.05,5888.08,3492.13,3250.63,4777.26,82.95,298.65,655.74,3025.95,7219.54,7816.45,6037.39,5681.39,5112.62,4763.38,4262.33,3050.04,2730.63,2764.30
20260805,11,11110615,127910.51,74.35,327.62,649.91,2090.21,5400.60,7722.74,7320.87,7782.39,8024.13,8341.64,6442.89,4077.21,3916.97,6109.00,124.24,328.62,819.80,3569.79,7819.26,8487.40,6513.81,6207.63,5561.72,5317.52,4713.25,3564.02,3216.68,3386.24
20260805,12,11110615,134387.52,90.74,324.12,774.46,2240.70,5591.35,8003.18,7511.35,7888.47,8080.29,8430.31,6616.06,4310.51,4254.80,7227.31,94.52,424.96,982.63,3892.69,8101.85,8933.33,6756.31,6392.26,5779.65,5698.22,4893.41,3862.98,3412.30,3818.76
20260805,13,11110615,133900.35,106.96,299.50,903.88,2277.98,5478.98,7789.03,7394.91,7769.12,7945.85,8441.99,6535.18,4282.87,4338.79,7775.53,104.70,433.88,1107.37,3974.19,8015.38,8642.98,6568.84,6177.07,5721.73,5669.81,4910.87,3870.71,3466.23,3896.02
20260805,14,11110615,133959.71,90.20,265.02,897.49,2390.08,5578.55,7945.10,7406.42,7771.16,7803.05,8302.32,6431.31,4269.74,4393.15,7947.33,93.11,443.25,1147.10,4020.71,8171.59,8651.91,6529.58,6128.07,5682.53,5581.25,4819.19,3786.62,3467.67,3946.21
20260805,15,11110615,134323.48,68.93,271.58,911.77,2446.00,5636.62,8138.38,7445.58,7882.61,7818.20,8373.65,6315.25,4194.57,4298.65,7936.22,55.37,431.58,1207.00,4141.44,8440.94,8608.17,6605.85,6249.35,5697.33,5613.65,4774.51,3671.71,3270.43,3818.14
20260805,16,11110615,130861.56,68.57,250.43,972.21,2487.00,5724.26,8172.80,7399.22,7726.26,7730.70,8317.36,6186.16,4008.37,4063.37,7084.41,49.12,426.75,1258.38,4234.15,8303.69,8549.07,6480.33,6099.27,5690.52,5359.90,4631.21,3305.12,2971.67,3311.26
20260805,17,11110615,124448.64,96.09,251.78,974.13,2424.07,5770.46,7988.15,7229.62,7480.78,7382.81,8098.12,5902.17,3762.49,3708.78,6091.06,37.30,408.08,1299.16,4246.34,8167.08,8303.44,6169.73,5787.23,5393.21,4921.82,4285.79,2896.33,2624.46,2748.16
20260805,18,11110615,107618.05,101.68,223.21,904.21,2391.12,5411.31,7319.93,6320.96,6657.46,6469.30,6984.87,5085.27,3269.35,3099.91,4528.83,46.80,345.28,1288.38,4076.05,7252.34,6994.58,5042.43,4770.22,4522.73,4156.67,3619.05,2431.22,2127.19,2177.70
20260805,19,11110615,83566.81,107.54,230.92,759.12,2160.50,4526.38,5949.47,4690.68,5102.56,5005.94,5102.80,3820.13,2648.38,2414.17,3413.89,74.52,299.27,1253.72,3608.32,5689.35,5041.44,3449.85,3352.15,3287.60,3133.42,2804.80,2004.13,1821.90,1813.86
20260805,20,11110615,67513.65,94.80,216.35,699.61,2060.22,3869.33,4971.33,3816.84,4034.84,3836.39,3970.67,2916.41,2223.23,1905.41,2460.25,84.00,287.83,1114.99,3271.23,4747.36,3989.88,2614.95,2532.56,2564.49,2422.73,2174.54,1608.16,1507.92,1517.33
20260805,21,11110615,54372.94,72.38,177.07,615.60,1873.88,3344.90,4045.11,3217.85,3216.28,3139.50,3111.61,2231.36,1750.19,1388.47,1750.26,56.25,252.24,883.29,2848.51,4029.09,3249.80,2053.94,1960.92,2008.89,1950.49,1675.07,1169.10,1150.57,1150.32
20260805,22,11110615,40687.95,71.23,159.77,454.23,1475.19,2686.60,3127.14,2517.03,2438.82,2489.81,2286.08,1619.66,1226.27,1019.72,1370.96,55.99,234.74,623.22,2092.21,2760.79,2331.47,1532.53,1393.88,1503.77,1338.09,1162.42,905.78,846.01,964.54
20260805,23,11110615,30325.41,64.97,149.59,336.56,1062.89,1966.06,2343.43,1905.93,1839.92,1886.91,1775.94,1243.18,938.48,828.22,1096.65,50.09,222.97,449.07,1373.67,1789.08,1531.19,1166.60,1106.32,1091.87,1030.13,866.82,708.86,690.16,809.85
20260806,00,11110615,22689.61,60.97,157.04,219.45,690.74,1319.43,1491.73,1374.65,1397.61,1409.61,1468.35,922.44,831.46,671.58,1032.15,51.77,236.43,288.80,613.67,1031.25,903.09,857.04,924.59,984.38,964.86,763.27,637.93,600.51,784.81
20260806,01,11110615,21514.22,60.49,155.71,206.35,631.76,1258.63,1383.60,1253.84,1316.41,1365.11,1389.85,885.87,779.09,637.03,1007.88,51.36,234.46,269.33,571.98,951.12,815.19,821.35,881.86,964.76,923.94,740.99,621.73,579.38,755.15
20260806,02,11110615,20743.11,65.93,151.77,205.97,594.11,1149.71,1282.52,1176.26,1262.43,1319.17,1333.55,850.42,749.43,627.20,1014.15,51.36,234.13,261.27,553.11,879.67,765.75,792.78,870.20,959.94,913.21,743.90,612.87,573.48,748.82
20260806,03,11110615,20257.18,65.93,151.77,191.54,572.91,1062.43,1195.24,1114.47,1221.00,1283.86,1339.53,852.63,719.44,636.34,1022.11,51.36,234.31,264.87,536.09,843.73,730.28,775.28,874.71,939.14,913.57,734.81,599.63,577.03,753.17
20260806,04,11110615,20214.31,65.93,151.77,182.07,572.31,1019.97,1139.75,1096.36,1214.54,1300.58,1314.48,882.40,723.12,660.63,1041.93,51.54,234.12,264.54,528.97,827.08,718.02,770.70,875.57,918.15,903.66,751.24,644.14,605.39,755.35
20260806,05,11110615,21288.73,66.13,151.77,178.50,544.90,987.73,1138.13,1133.94,1226.56,1310.59,1367.22,933.40,788.64,718.06,1115.21,51.54,234.12,262.95,515.10,850.09,733.63,769.39,889.23,925.82,925.92,833.49,824.55,832.36,979.76
20260806,06,11110615,24778.48,60.92,153.04,179.90,560.86,1007.20,1243.61,1300.41,1440.85,1522.15,1745.35,1270.28,1060.75,1002.31,1344.97,51.90,229.33,276.37,579.10,972.13,839.51,840.07,965.60,1017.17,1002.98,954.21,1018.02,986.14,1153.35
20260806,07,11110615,35653.29,68.22,158.16,176.53,645.29,1328.04,1720.18,1940.59,2331.62,2525.39,2973.74,2249.10,1621.93,1499.62,1852.35,52.36,231.93,316.68,710.12,1399.23,1354.90,1248.90,1261.09,1423.59,1418.74,1275.79,1207.06,1221.51,1440.63
20260806,08,11110615,66111.87,74.74,166.61,245.19,877.37,2616.79,3756.97,3892.37,4732.89,4899.24,5696.95,4262.21,2571.00,2176.03,2664.72,58.71,246.85,474.98,1273.41,3157.92,3528.01,2908.64,2731.39,2782.75,2596.14,2220.34,1712.69,1747.07,2039.89
20260806,09,11110615,105477.89,64.90,184.79,479.03,1444.03,4417.82,6327.03,6433.22,7029.76,7122.41,7930.82,5833.80,3626.88,3023.30,3993.43,59.67,260.21,610.36,2269.18,6311.58,6911.60,5390.70,4879.94,4592.68,4427.61,3763.17,2679.65,2612.54,2797.78
20260806,10,11110615,126899.59,65.96,232.45,568.17,1969.33,5335.16,7568.20,7251.91,7920.39,7953.98,8821.27,6908.64,4448.81,3853.89,5683.47,60.81,311.91,757.69,3015.12,7493.45,8158.11,6231.73,5902.36,5610.30,5383.08,4770.48,3572.67,3410.66,3639.59
20260806,11,11110615,139710.22,78.02,229.27,647.57,2257.64,5782.18,8073.81,7732.63,8357.95,8404.73,9332.96,7403.85,4756.56,4496.03,7106.54,85.08,289.47,830.72,3510.09,8060.07,8739.03,6893.98,6618.81,6109.48,5950.32,5352.90,4153.51,3978.80,4478.22
20260806,12,11110615,146139.71,95.63,287.37,694.79,2378.10,5970.65,8545.24,7875.85,8503.57,8609.25,9488.61,7665.89,5090.76,4850.89,8077.11,125.51,326.89,915.23,3841.77,8465.10,9019.00,7055.80,6720.69,6335.68,6226.14,5721.70,4448.65,4140.79,4663.05
20260806,13,11110615,148968.43,96.06,261.18,727.76,2368.75,6031.77,8532.35,7884.88,8722.20,8655.40,9646.16,7768.75,5285.14,5136.66,8716.56,127.58,310.32,1033.96,3987.69,8552.44,9227.64,7143.85,6687.19,6387.53,6444.59,5876.41,4445.53,4081.48,4828.60
20260806,14,11110615,150229.74,101.57,258.23,802.38,2490.47,6301.21,8581.09,7923.00,8749.02,8646.52,9639.03,7682.05,5420.84,5253.96,9064.81,103.58,296.25,1089.80,4058.96,8681.77,9356.56,7086.07,6724.68,6389.80,6491.15,5942.86,4405.36,3978.22,4710.50
20260806,15,11110615,147155.53,99.79,225.63,881.16,2478.73,6255.30,8487.03,7905.46,8536.74,8602.08,9462.95,7673.68,5169.79,5154.97,8718.14,49.29,297.39,1136.65,4129.30,8584.91,9167.59,6984.44,6540.12,6335.14,6250.49,5702.12,4135.89,3719.89,4470.86
20260806,16,11110615,143390.68,99.92,213.08,934.89,2528.51,6156.21,8482.24,7872.64,8417.88,8517.13,9335.76,7407.53,4967.36,5030.59,8168.79,38.13,319.62,1216.90,4112.76,8545.05,9090.21,6895.31,6399.53,6130.81,6116.29,5489.71,3835.85,3363.05,3704.93
20260806,17,11110615,135796.09,105.15,239.67,976.50,2491.69,6106.16,8299.68,7619.88,8094.28,8139.95,9009.31,7207.79,4739.67,4555.98,6718.73,22.32,315.91,1143.98,4097.96,8377.98,8778.57,6495.21,6057.81,5977.00,5755.56,4971.52,3510.53,3006.77,2980.53
20260806,18,11110615,120953.36,104.73,189.07,983.61,2468.70,5757.02,7744.27,7126.67,7314.69,7329.77,8034.38,6285.05,4212.31,3731.39,5260.05,39.34,288.90,1201.04,4006.30,7839.73,7569.98,5566.41,5278.91,5383.64,5048.31,4148.13,3095.36,2478.36,2467.24
20260806,19,11110615,92110.88,79.94,185.93,847.53,2176.52,4720.49,6193.14,5340.99,5442.80,5527.80,6016.73,4632.30,3238.28,2849.38,3757.83,38.50,237.20,1114.73,3715.07,5983.50,5586.99,3886.30,3737.51,3756.86,3715.77,3022.18,2400.70,1931.31,1974.60
20260806,20,11110615,71207.62,83.19,186.79,740.62,1931.02,3867.59,4911.21,4225.45,4137.21,4129.81,4432.33,3397.72,2475.35,2162.38,2524.11,25.13,215.74,1038.96,3295.39,4790.13,4256.81,2905.49,2730.68,2678.40,2706.83,2300.63,1815.88,1585.39,1657.38
20260806,21,11110615,57470.22,98.63,156.43,650.94,1811.51,3435.76,4135.88,3564.65,3373.22,3294.48,3583.10,2603.79,1940.24,1503.48,1817.35,30.43,190.91,894.54,2775.60,3904.97,3325.20,2406.23,2152.51,2170.46,2088.85,1698.38,1315.62,1257.75,1289.31
20260806,22,11110615,42423.53,70.87,135.75,453.19,1419.62,2656.99,3299.65,2732.14,2547.08,2421.12,2563.72,1885.30,1301.34,1023.22,1500.71,35.69,175.75,656.97,1945.50,2773.89,2420.24,1793.66,1609.71,1512.69,1500.13,1203.13,928.12,899.04,958.31
20260806,23,11110615,31485.63,59.46,144.04,298.88,1111.83,2008.31,2448.46,2123.15,1863.56,1798.17,1863.36,1381.19,1037.69,800.17,1193.39,31.15,173.17,465.55,1290.11,1866.94,1551.55,1319.43,1161.37,1162.95,1121.75,974.82,759.30,674.71,801.17
20260807,00,11110615,22819.15,67.39,123.91,222.96,701.31,1309.12,1667.96,1448.60,1316.74,1306.02,1443.73,1063.56,829.00,691.55,1051.90,29.86,205.07,258.34,585.79,1043.02,957.13,886.78,856.95,938.64,924.61,856.20,706.58,610.66,715.77
20260807,01,11110615,22039.91,68.57,127.57,209.13,664.17,1197.88,1534.12,1354.58,1273.73,1305.04,1418.75,1011.07,787.46,672.62,1061.02,30.72,209.39,255.91,549.49,987.54,881.72,860.75,845.24,935.72,928.30,846.58,698.89,608.96,714.99
20260807,02,11110615,21066.38,68.57,127.43,197.60,591.32,1132.85,1429.90,1274.97,1234.87,1222.10,1365.77,950.01,751.30,646.67,1056.17,30.72,209.50,254.07,521.30,911.63,810.18,808.18,833.20,913.98,897.07,815.57,697.80,605.06,708.59
20260807,03,11110615,20491.61,68.57,127.46,200.62,589.95,1036.54,1317.52,1195.23,1208.08,1223.85,1337.81,910.52,708.02,632.98,1061.96,30.72,209.50,247.92,498.87,876.48,791.23,783.39,834.90,890.83,892.54,817.91,682.67,610.14,705.40
20260807,04,11110615,20284.19,68.57,127.14,195.81,543.87,985.67,1228.06,1179.42,1180.04,1212.15,1300.25,937.08,722.49,654.38,1084.19,30.72,209.66,248.00,494.13,861.26,763.38,757.37,824.53,883.40,888.89,828.21,716.61,632.56,726.35
20260807,05,11110615,21176.37,68.57,127.14,190.47,504.47,946.32,1186.92,1204.99,1193.80,1204.22,1331.76,982.09,821.64,738.95,1136.63,30.72,209.66,250.67,472.62,882.14,759.07,760.40,831.37,867.21,924.01,902.55,914.05,841.42,892.51
20260807,06,11110615,24283.90,68.51,127.04,200.94,488.17,958.04,1261.88,1373.57,1301.54,1414.29,1665.60,1320.36,1063.24,971.37,1357.88,30.68,209.60,263.77,521.08,996.15,823.12,875.58,893.51,972.01,1006.31,1018.03,1078.65,973.16,1049.82
20260807,07,11110615,33390.37,73.40,119.41,209.82,572.65,1277.07,1682.98,1941.67,2067.08,2240.72,2743.16,2114.93,1562.07,1439.67,1799.89,30.20,206.82,294.49,649.21,1372.15,1218.80,1202.87,1127.97,1289.10,1296.94,1258.53,1257.82,1132.12,1208.83
20260807,08,11110615,60198.16,80.17,142.59,274.55,819.56,2355.62,3419.92,3747.80,4183.75,4600.90,5143.43,3915.29,2309.83,2041.63,2425.95,30.90,215.59,399.26,1195.60,2987.14,3149.66,2622.46,2462.78,2554.75,2401.34,2078.12,1624.34,1442.29,1572.94
20260807,09,11110615,96146.92,77.15,162.74,503.78,1321.85,4162.25,5924.14,5985.06,6320.40,6728.69,7174.56,5374.41,3237.76,2680.74,3712.44,35.49,215.51,505.58,2156.74,5853.89,6322.44,4800.58,4412.15,4221.04,3998.85,3412.43,2508.32,2121.20,2216.73
20260807,10,11110615,116315.16,78.43,217.89,606.84,1812.70,4982.23,7105.49,6725.84,7052.77,7532.37,7930.38,6269.13,4063.85,3652.48,5426.90,53.17,268.34,654.33,2932.98,6929.78,7463.16,5700.57,5477.16,4970.64,4914.89,4356.67,3385.60,2800.31,2950.26
20260807,11,11110615,129124.26,73.50,316.41,684.77,2085.45,5391.88,7606.01,7249.01,7505.17,8043.23,8232.20,6797.07,4536.19,4257.71,6730.82,66.23,348.61,761.85,3409.99,7439.81,8076.88,6205.73,5979.23,5667.12,5612.59,5061.16,3969.34,3368.62,3647.68
20260807,12,11110615,136715.84,96.56,325.75,744.21,2202.37,5712.35,7919.56,7386.21,7713.56,8316.90,8512.02,7088.89,4824.57,4668.48,7811.07,89.29,410.97,808.00,3722.80,7855.10,8580.16,6426.66,6401.21,5922.68,5974.07,5362.83,4320.47,3542.55,3976.55
20260807,13,11110615,139498.21,87.03,366.05,757.51,2262.66,5841.42,7958.84,7237.61,7678.28,8310.55,8629.48,7108.49,4992.54,4896.35,8313.40,77.33,370.22,900.43,3896.07,8071.20,8646.32,6452.82,6353.08,6103.07,6215.64,5566.09,4402.26,3682.76,4320.71
20260807,14,11110615,140599.63,95.38,361.57,782.43,2382.73,5924.23,8073.91,7307.28,7872.02,8199.49,8573.22,7096.62,4919.17,4933.61,8535.18,94.59,395.15,1066.92,4100.58,8011.24,8746.36,6442.00,6430.15,5997.46,6246.77,5435.05,4310.30,3802.35,4463.87
20260807,15,11110615,138607.66,123.09,349.71,851.73,2484.03,5912.86,7973.93,7243.90,7850.91,8053.77,8596.15,6971.69,4925.24,4807.01,8069.31,94.61,404.23,1077.07,4240.09,7992.53,8794.36,6279.57,6209.26,5800.36,6160.28,5329.13,4168.20,3651.48,4193.16
20260807,16,11110615,137097.75,83.74,271.76,956.52,2596.30,6102.95,7977.03,7256.60,7729.17,8004.13,8612.68,6935.76,4986.74,4762.72,7486.51,78.99,332.37,1139.67,4266.05,8203.08,8668.22,6286.84,6026.92,5842.98,6188.88,5203.78,3897.31,3447.29,3752.76
20260807,17,11110615,126129.67,82.30,223.41,966.51,2633.07,5755.41,7832.14,6781.26,7248.57,7319.27,7957.18,6428.36,4671.64,4206.88,6208.30,66.26,313.28,1144.09,4031.28,7903.34,8072.61,5727.48,5414.92,5385.55,5617.27,4713.01,3348.44,2953.53,3124.31
20260807,18,11110615,113706.04,97.41,226.88,935.30,2639.91,5656.20,7295.01,6084.59,6546.06,6472.18,7065.26,5673.28,4127.06,3717.64,5105.72,82.53,388.03,1240.18,4076.91,7755.70,7389.79,5036.86,4594.45,4753.71,4768.33,4213.29,2932.92,2425.99,2404.85
20260807,19,11110615,92417.69,84.02,254.32,846.62,2494.47,5265.04,6161.71,4830.86,4989.34,4909.85,5558.91,4561.50,3360.05,2859.41,3792.88,58.37,372.65,1290.89,3829.71,6742.46,5899.81,3718.03,3586.99,3708.42,3659.96,3320.36,2443.50,1944.94,1872.62
20260807,20,11110615,75848.44,83.50,233.35,818.81,2272.63,4866.53,5371.21,4048.96,3910.92,3684.38,4189.12,3509.87,2806.19,2197.47,2700.42,64.26,346.72,1201.53,3460.14,5923.09,4875.82,2990.03,2895.25,2930.55,2824.64,2563.46,1957.62,1576.01,1545.96
20260807,21,11110615,63031.27,52.49,191.85,742.52,2048.58,4476.48,4821.22,3481.68,3352.10,2952.90,3328.40,2751.72,2150.40,1611.73,1942.70,52.87,246.43,1039.81,3000.30,5289.55,4163.62,2422.26,2399.75,2328.93,2210.21,2006.69,1516.17,1265.89,1184.02
20260807,22,11110615,49390.44,46.95,162.53,534.42,1714.02,3899.15,4074.00,3040.27,2681.13,2359.79,2587.49,2058.69,1620.10,1141.94,1512.13,23.81,186.15,698.93,2315.02,4151.66,3233.48,1825.83,1841.24,1697.55,1611.46,1457.20,1066.39,907.80,941.31
20260807,23,11110615,37977.37,46.54,169.87,385.26,1355.08,3095.01,3329.96,2585.04,2050.46,1912.48,2003.49,1498.55,1147.64,874.45,1247.86,23.67,176.70,456.84,1564.21,3034.54,2310.42,1389.66,1358.15,1297.38,1243.02,1072.92,830.65,705.11,812.41
20260808,00,11110615,24156.94,34.18,158.81,245.69,800.84,1790.57,2062.34,1811.74,1403.16,1219.51,1353.16,977.64,768.59,672.32,1018.89,39.48,184.50,260.67,706.30,1367.03,1227.04,863.00,926.62,862.27,784.27,745.39,641.72,547.45,683.76
20260808,01,11110615,22761.82,34.18,158.76,221.01,762.87,1627.86,1900.25,1660.22,1299.91,1131.99,1275.51,903.12,757.00,643.11,1008.97,39.48,184.55,261.80,597.01,1256.02,1130.87,840.64,892.60,843.14,786.10,713.51,631.08,541.35,658.91
20260808,02,11110615,20998.81,39.53,158.77,228.94,678.42,1389.84,1599.76,1459.87,1198.34,1094.03,1204.06,834.66,721.08,615.88,1012.87,34.03,184.71,241.40,497.80,1161.91,978.00,796.62,836.01,795.93,765.40,683.96,607.78,528.02,651.19
20260808,03,11110615,19795.66,40.72,158.85,213.42,602.54,1190.82,1444.31,1265.81,1078.33,1070.52,1164.00,820.46,703.55,611.80,1005.90,34.03,179.34,243.67,444.84,1062.84,875.68,756.77,810.00,787.19,771.02,678.29,596.45,538.71,645.80
20260808,04,11110615,18921.54,40.72,158.85,209.11,541.32,1081.12,1273.69,1160.26,1025.76,1033.26,1141.51,803.44,691.18,606.96,1001.86,34.03,179.34,245.05,399.18,976.97,785.55,738.23,792.93,765.08,765.18,678.76,593.05,539.00,660.15
20260808,05,11110615,18454.98,40.72,158.85,199.15,466.18,960.64,1190.68,1083.11,999.45,998.95,1123.45,797.80,712.62,635.07,1064.12,34.03,179.26,237.37,378.50,911.99,722.86,708.76,778.66,757.49,766.30,673.83,619.73,575.38,680.03
20260808,06,11110615,19374.40,41.07,160.12,190.98,418.20,921.55,1166.22,1087.14,1037.37,1002.35,1179.29,954.71,840.53,781.89,1233.47,34.30,180.77,228.67,406.18,928.05,738.01,724.85,783.14,773.95,786.38,699.06,669.49,629.78,776.88
20260808,07,11110615,21865.48,41.07,152.95,209.52,434.13,1042.91,1218.09,1135.88,1134.87,1147.08,1334.62,1128.33,1035.03,978.80,1597.07,39.70,191.66,251.19,446.24,990.18,839.80,796.63,840.71,840.59,836.64,787.86,739.25,735.88,938.80
20260808,08,11110615,25496.80,41.38,150.84,220.98,457.33,1099.77,1341.83,1214.38,1289.15,1308.20,1518.57,1331.71,1220.95,1170.39,1989.76,40.02,203.84,293.54,535.44,1178.32,999.89,962.78,990.12,979.12,1040.31,945.35,881.23,935.45,1156.15
20260808,09,11110615,32847.50,41.94,172.96,270.43,665.78,1405.68,1644.94,1512.81,1470.30,1567.38,1824.69,1566.65,1566.66,1480.12,2586.00,51.57,207.23,339.51,880.66,1612.56,1410.33,1252.11,1212.46,1235.16,1423.19,1319.21,1168.87,1249.71,1708.59
20260808,10,11110615,44620.05,54.03,214.82,384.90,963.02,1798.31,2221.17,1896.50,1855.95,1955.18,2271.68,2127.03,1901.64,1931.35,3723.64,87.55,250.93,446.12,1351.26,2237.83,2071.34,1745.99,1652.93,1755.97,2117.31,1932.47,1579.70,1743.70,2347.73
20260808,11,11110615,55322.81,94.51,273.56,474.04,1149.30,2235.50,2588.26,2298.95,2075.58,2221.46,2527.70,2430.11,2423.90,2417.66,5050.26,106.90,337.32,592.34,1765.48,2712.94,2641.34,2055.78,2058.92,2236.61,2525.40,2504.31,2129.08,2220.23,3175.37
20260808,12,11110615,65546.94,91.17,317.59,549.65,1409.55,2659.62,3100.37,2545.12,2382.45,2354.09,2845.01,2744.45,2800.80,2859.21,6510.59,84.28,436.97,714.58,2145.42,3412.67,3240.82,2506.99,2386.38,2577.17,3012.77,2808.58,2479.61,2662.76,3908.27
20260808,13,11110615,73113.24,104.70,445.13,600.95,1622.35,3037.96,3563.18,2724.01,2661.11,2606.60,2957.30,2999.38,3055.68,3199.33,7360.76,139.20,486.14,879.63,2604.61,4091.20,3701.60,2786.22,2751.41,2835.14,3171.30,2914.54,2605.98,2929.20,4278.63
20260808,14,11110615,78004.00,99.85,433.47,710.57,1919.31,3440.15,3788.46,2901.89,2869.65,2671.88,2947.30,3061.60,3175.59,3350.75,7599.37,234.06,491.70,888.70,3151.36,4629.90,4126.38,3025.83,2958.53,2986.35,3428.58,3140.09,2693.08,2996.89,4282.71
20260808,15,11110615,80046.17,134.70,424.48,817.40,2093.75,3817.91,4080.33,3087.40,2935.45,2706.88,2883.92,3028.95,3129.81,3356.06,7322.41,193.73,567.67,1041.53,3527.81,5072.98,4406.78,3092.83,3061.34,3078.62,3456.31,3121.39,2668.68,2813.41,4123.64
20260808,16,11110615,79502.15,152.49,376.39,846.10,2146.68,4104.15,4316.92,3102.46,2830.22,2639.71,2891.03,2933.89,3150.95,3332.66,6807.46,196.97,589.79,1206.60,3672.27,5455.72,4530.90,3043.24,2956.87,3032.73,3385.08,2965.52,2610.57,2646.97,3577.81
20260808,17,11110615,79151.33,150.69,415.17,830.32,2272.88,4492.34,4664.12,3202.68,2885.57,2745.75,2987.15,3046.43,2972.09,3301.37,5821.65,202.80,659.84,1346.28,3824.55,5890.43,4845.74,3029.76,2942.62,2882.33,3112.25,2790.42,2397.61,2404.37,3034.12
20260808,18,11110615,76951.79,113.75,403.06,857.31,2382.06,4863.57,4931.04,3436.85,2906.19,2666.12,2911.75,2952.25,2753.05,3001.59,4776.37,169.32,672.02,1369.36,3941.30,6035.13,4994.62,2953.41,2866.29,2827.18,2893.81,2572.86,2287.24,2018.40,2395.89
20260808,19,11110615,70933.19,108.49,357.44,837.03,2360.24,4851.97,5005.33,3462.69,2780.36,2552.65,2706.30,2627.40,2425.14,2645.39,3713.96,118.84,618.00,1326.67,3800.05,5998.33,4651.10,2711.41,2473.85,2600.73,2396.79,2163.18,1953.08,1707.26,1979.51
20260808,20,11110615,63593.36,103.27,343.50,749.47,2259.79,4752.62,4949.71,3278.25,2576.87,2343.50,2498.97,2239.49,2040.95,2156.87,2735.93,88.26,529.07,1162.65,3667.55,5653.97,4282.87,2379.34,2175.81,2237.29,2013.69,1795.63,1603.46,1409.50,1565.08
20260808,21,11110615,55040.09,84.16,286.04,685.65,2232.47,4543.68,4589.49,3089.41,2347.98,2073.39,2222.98,1831.61,1706.03,1628.84,1863.03,59.63,408.39,914.26,3430.18,5138.14,3652.45,2084.52,1807.68,1846.14,1734.87,1404.87,1198.21,1034.74,1141.25
20260808,22,11110615,44379.35,64.15,228.85,521.27,1973.81,3984.17,4100.55,2794.40,1991.18,1715.99,1819.01,1432.81,1316.18,1170.94,1407.56,42.30,279.65,676.37,2608.47,4175.67,2774.95,1673.76,1418.52,1375.82,1271.03,1061.31,890.01,713.67,896.95
20260808,23,11110615,35793.80,59.69,191.43,444.04,1613.01,3293.05,3456.47,2449.16,1752.46,1496.74,1603.85,1155.56,995.94,895.48,1195.39,19.78,238.95,485.58,1774.45,3011.35,2123.90,1378.83,1139.25,1110.83,1041.41,821.99,701.78,567.41,776.02
20260809,00,11110615,24943.60,46.98,152.35,285.51,961.04,2070.75,2426.13,1794.47,1406.40,1152.68,1227.13,867.40,774.04,691.21,977.13,25.25,181.34,225.19,827.24,1598.75,1274.06,997.61,843.78,856.46,835.68,674.05,612.27,482.43,676.27
20260809,01,11110615,23569.08,46.98,152.26,261.67,869.33,1916.08,2108.08,1680.37,1332.68,1119.79,1200.00,779.23,722.88,654.00,967.87,25.25,191.05,220.06,788.76,1433.64,1207.12,970.17,822.49,857.31,822.76,660.72,604.16,492.55,661.82
20260809,02,11110615,22199.08,49.11,156.08,258.21,792.07,1774.09,1867.31,1510.47,1245.76,1047.08,1137.39,762.11,702.95,647.23,975.67,26.23,191.45,218.95,702.54,1272.64,1059.98,881.90,822.82,845.58,824.77,659.26,613.83,481.28,672.32
20260809,03,11110615,20593.74,49.11,156.08,221.76,660.40,1564.14,1555.85,1352.14,1163.37,980.72,1071.58,710.31,679.38,644.67,979.13,26.08,191.45,206.61,625.18,1138.71,922.10,851.13,826.48,823.48,798.45,640.15,605.58,482.83,666.87
20260809,04,11110615,19524.65,49.11,156.08,207.77,607.29,1351.05,1361.79,1263.28,1085.03,938.32,1042.46,688.69,662.87,604.18,976.59,26.08,196.78,205.33,574.13,1060.31,840.85,826.43,811.16,813.98,789.28,634.07,605.25,478.58,667.91
20260809,05,11110615,18921.72,49.11,156.22,207.77,604.36,1184.84,1202.75,1155.80,1010.40,917.89,1024.25,690.85,696.15,624.12,1001.17,26.08,196.78,193.09,540.08,971.04,797.64,801.91,790.86,815.19,786.69,654.42,628.92,504.03,689.31
20260809,06,11110615,19205.60,49.12,156.23,208.15,538.62,1063.73,1155.39,1114.42,1011.10,926.09,1056.44,762.59,763.56,739.41,1163.68,26.08,196.63,194.65,559.59,938.04,786.86,797.32,766.08,816.05,805.06,681.79,657.60,555.17,716.15
20260809,07,11110615,20132.54,53.74,152.35,209.39,517.31,1045.08,1101.21,1149.94,1057.18,1010.55,1161.72,910.33,846.16,799.22,1302.84,25.18,196.03,205.08,555.25,945.90,818.14,797.29,795.14,850.91,824.61,737.16,693.60,605.91,765.32
20260809,08,11110615,21940.24,54.14,162.72,241.60,542.59,1106.02,1153.34,1196.42,1091.66,1099.20,1314.63,979.27,917.53,892.02,1423.47,25.35,196.84,231.38,622.29,1002.66,931.64,867.02,853.33,927.46,904.55,846.86,766.41,695.51,894.33
20260809,09,11110615,26400.07,50.18,184.97,336.45,675.35,1267.15,1366.97,1323.84,1325.35,1281.30,1518.64,1131.47,1130.72,1067.73,1697.47,25.49,229.66,272.81,814.17,1212.51,1204.70,1063.55,970.71,1158.44,1083.84,1064.54,936.10,884.04,1121.92
20260809,10,11110615,32934.61,67.64,263.70,417.39,791.08,1542.99,1697.42,1548.76,1417.90,1529.88,1826.48,1418.44,1343.76,1289.90,2287.18,31.18,272.55,358.15,1068.67,1556.94,1505.86,1266.50,1265.12,1501.41,1397.39,1309.38,1204.25,1117.55,1637.14
20260809,11,11110615,40745.15,95.30,344.36,499.58,958.05,1825.40,1996.43,1793.72,1716.99,1735.81,2136.91,1685.52,1675.71,1637.68,3201.18,65.97,337.21,432.98,1410.18,1974.55,1862.84,1538.32,1576.24,1880.73,1729.41,1656.17,1452.34,1349.05,2176.52
20260809,12,11110615,48090.05,96.02,421.48,625.23,1040.37,2130.34,2373.34,2068.89,1927.40,1894.81,2317.40,1867.56,1870.50,1929.16,3949.78,108.05,394.38,584.02,1756.53,2465.59,2373.19,1940.81,1895.05,2254.30,1975.11,1852.11,1744.69,1686.25,2547.69
20260809,13,11110615,55529.11,146.31,564.08,658.50,1341.08,2447.92,2682.07,2333.35,2054.50,2106.44,2399.41,2052.06,1987.61,2177.20,4639.70,176.51,537.85,911.78,2175.29,3036.13,2929.37,2304.57,2215.34,2505.48,2348.83,2111.53,1954.22,1878.41,2853.57
20260809,14,11110615,60369.88,183.67,563.81,719.88,1561.76,2728.48,2991.10,2520.01,2250.49,2303.39,2486.96,2143.06,2182.53,2318.24,4920.93,170.74,589.35,1050.68,2623.72,3641.27,3246.48,2449.65,2364.94,2713.29,2475.01,2281.78,2022.32,1882.22,2984.12
20260809,15,11110615,64065.35,192.75,479.78,764.26,1741.17,3240.59,3282.66,2569.75,2374.24,2458.20,2649.73,2219.95,2211.78,2425.37,4996.86,199.18,636.87,1116.42,3145.59,4204.89,3478.54,2579.83,2402.28,2812.82,2466.61,2358.77,2036.86,1921.53,3098.07
20260809,16,11110615,63138.10,183.73,513.49,773.09,1827.92,3461.62,3418.82,2646.43,2404.34,2418.25,2519.02,2141.49,2081.61,2381.48,4636.51,173.33,712.09,1278.32,3363.08,4286.69,3421.45,2528.97,2188.67,2715.94,2295.60,2243.37,1964.71,1888.45,2669.63
20260809,17,11110615,59024.88,171.50,435.23,743.67,1906.31,3484.51,3346.32,2592.50,2286.21,2205.45,2413.01,2057.71,1929.25,2129.08,3689.91,151.24,684.28,1331.63,3479.62,4293.72,3339.75,2254.26,2202.83,2473.98,2076.02,1908.28,1638.83,1663.76,2136.02
20260809,18,11110615,55053.70,141.04,413.09,732.78,2002.33,3525.66,3343.48,2439.85,2183.99,2054.68,2249.00,1904.66,1647.92,1867.93,3001.78,121.02,538.11,1326.63,3559.57,4427.25,3285.39,2097.82,2038.21,2185.01,1898.17,1639.48,1433.19,1367.23,1628.43
20260809,19,11110615,48653.82,116.88,319.28,630.03,1943.43,3414.48,3166.93,2133.70,1871.94,1818.45,1961.45,1667.78,1460.43,1515.14,2292.02,129.91,406.65,1204.62,3424.56,4157.54,2982.00,1867.93,1656.27,1841.29,1593.73,1388.63,1218.69,1100.88,1369.18
20260809,20,11110615,42293.81,93.98,306.99,564.94,1912.20,3126.41,2874.33,1941.39,1602.80,1555.26,1727.63,1410.89,1255.90,1196.57,1729.18,106.95,384.62,1029.20,3084.64,3628.43,2453.83,1577.10,1386.57,1636.17,1378.55,1214.82,1006.57,977.04,1130.85
20260809,21,11110615,35129.65,76.55,211.82,497.00,1744.33,2658.01,2514.56,1670.09,1363.15,1334.16,1570.40,1167.20,1036.43,990.13,1406.51,84.28,294.94,829.41,2701.36,2842.61,1877.42,1269.80,1096.07,1266.72,1172.26,953.81,815.06,765.61,919.96
20260809,22,11110615,28232.24,76.64,187.12,342.55,1477.44,2180.95,2043.34,1411.40,1190.70,1233.48,1331.44,954.37,868.83,795.23,1161.70,68.31,229.06,578.26,1977.92,2118.19,1342.75,1000.77,875.99,1009.92,924.01,767.90,644.79,630.75,808.43
20260809,23,11110615,23336.16,66.54,156.53,272.96,1194.08,1691.98,1705.67,1218.70,1050.11,1112.49,1213.79,848.73,764.02,688.04,1014.69,62.31,215.03,390.02,1327.42,1542.58,937.00,830.89,805.39,902.69,786.15,676.19,596.59,547.39,718.18
20260810,00,11110615,19731.14,68.22,164.16,207.42,681.94,1161.23,1369.46,1114.47,1062.46,1135.59,1280.25,847.75,667.02,621.83,968.77,76.69,220.37,228.80,686.52,1025.01,665.34,695.73,739.09,835.69,789.84,656.50,552.08,520.00,688.91
20260810,01,11110615,19228.29,68.22,164.16,195.06,658.41,1127.42,1300.76,1081.27,1017.07,1133.81,1274.44,805.18,654.80,601.19,973.38,76.69,220.31,232.50,643.46,976.68,620.02,690.81,726.45,820.12,778.13,642.95,551.70,504.14,689.16
20260810,02,11110615,18590.57,68.22,164.09,195.10,552.59,1064.69,1182.39,1058.50,1013.68,1110.79,1241.31,801.22,628.39,590.21,958.82,76.60,220.25,218.25,571.27,904.37,602.82,674.81,713.85,809.12,772.19,637.12,557.57,512.93,689.42
20260810,03,11110615,18236.53,68.22,164.16,198.96,536.35,980.69,1104.85,1011.70,991.59,1108.18,1224.38,808.45,610.54,589.79,966.52,76.60,220.25,213.29,542.41,865.59,585.48,668.46,708.59,792.52,758.37,649.35,565.73,521.60,703.91
20260810,04,11110615,18143.77,68.22,164.16,192.58,495.01,933.62,1098.85,997.43,983.15,1106.79,1210.87,809.59,625.36,593.30,985.67,76.60,216.84,218.89,519.80,847.35,571.40,676.51,715.14,793.45,762.31,657.35,577.27,540.14,706.12
20260810,05,11110615,19208.68,68.22,164.16,198.90,454.28,914.43,1074.62,1012.69,1039.68,1127.72,1267.34,863.73,737.79,662.43,1056.53,76.69,216.84,205.24,504.02,872.62,565.71,693.01,713.71,786.76,790.06,731.14,776.22,745.94,888.20
20260810,06,11110615,23012.50,68.69,170.96,211.27,495.48,981.91,1240.08,1203.54,1254.24,1373.26,1603.76,1211.44,990.71,950.84,1361.65,77.32,218.65,207.26,587.82,977.93,695.38,797.32,801.76,884.35,894.00,845.30,961.67,858.87,1087.04
20260810,07,11110615,33393.82,69.28,166.54,215.64,591.13,1332.71,1646.14,1823.13,2108.28,2494.06,2800.56,2161.87,1548.18,1402.49,1786.59,77.86,225.69,237.31,734.40,1360.81,1155.36,1219.49,1108.58,1235.95,1271.46,1106.61,1129.40,1065.24,1319.06
20260810,08,11110615,63635.73,81.44,180.73,271.75,827.92,2454.20,3719.13,3895.81,4538.71,5112.23,5807.37,4170.94,2539.83,2089.21,2524.58,83.37,245.13,285.59,1283.25,3093.70,3377.96,2787.99,2416.97,2599.23,2443.11,1975.66,1599.64,1439.72,1790.56
20260810,09,11110615,105161.78,86.19,192.06,363.22,1448.72,4352.50,6626.16,6401.48,7154.25,7617.60,8099.11,6043.09,3669.56,3086.11,3998.29,87.55,265.98,394.33,2241.52,6306.28,6840.30,5415.46,4687.64,4537.46,4255.30,3556.38,2549.85,2253.53,2631.86
20260810,10,11110615,125208.81,75.30,220.40,474.31,1877.08,5115.58,7737.74,7194.94,7891.81,8255.46,8903.07,7014.59,4497.11,4006.59,5739.23,88.43,243.98,504.61,3055.07,7350.49,7915.62,6214.89,5628.05,5286.12,5228.61,4616.22,3531.37,3067.99,3474.15
20260810,11,11110615,139077.95,63.25,232.40,512.32,2134.23,5539.87,8268.47,7694.94,8399.79,8837.40,9490.80,7618.87,5087.21,4656.04,7578.31,107.75,306.57,609.87,3416.15,7958.62,8590.77,6591.62,6290.00,5849.21,5845.09,5370.08,4029.35,3685.28,4313.69
20260810,12,11110615,147913.14,63.53,287.30,630.63,2346.65,5847.11,8496.65,7802.74,8575.09,9044.73,9604.03,7838.51,5450.30,5050.05,8977.23,126.75,359.39,775.57,3796.29,8387.67,9092.64,7184.11,6705.60,6315.98,6111.62,5758.40,4460.49,4047.82,4776.26
20260810,13,11110615,151735.81,79.72,297.43,719.68,2516.24,5955.17,8439.79,7831.66,8779.63,9088.36,9899.04,7999.75,5626.33,5269.97,9666.69,143.71,384.63,884.00,4132.32,8484.18,9168.10,7074.19,6752.97,6334.62,6352.68,6027.26,4675.00,4255.72,4896.97
20260810,14,11110615,153253.16,79.92,281.02,806.03,2639.99,6027.81,8495.93,7907.50,8716.15,9198.92,9947.71,7944.40,5661.47,5384.02,9864.34,130.62,429.51,987.95,4289.92,8539.85,9188.81,7095.97,6741.36,6532.51,6432.56,5948.68,4710.99,4309.68,4959.54
20260810,15,11110615,151453.47,92.01,294.17,807.45,2744.48,6041.17,8386.13,8002.63,8813.38,9067.51,9878.19,7877.21,5648.45,5336.77,9397.42,101.61,447.01,1028.09,4395.60,8547.65,9088.52,6965.24,6594.44,6418.15,6431.28,5696.90,4574.11,4089.85,4688.05
20260810,16,11110615,145755.66,90.89,259.71,868.32,2754.56,6009.14,8343.06,7838.17,8570.28,8839.19,9746.87,7664.71,5436.25,5165.59,8350.23,95.64,417.25,1032.43,4372.43,8508.23,8921.81,6740.76,6326.17,6176.28,6205.66,5387.23,4058.49,3566.78,4009.53
20260810,17,11110615,136855.13,85.83,213.48,924.14,2775.12,5925.51,8156.77,7624.02,8250.62,8542.64,9415.81,7369.67,5107.01,4590.40,6667.86,83.48,338.22,1102.15,4372.89,8203.70,8466.08,6332.29,5889.98,5982.28,5733.69,4893.60,3570.12,3001.41,3236.36
20260810,18,11110615,117559.88,43.91,203.15,826.45,2512.15,5562.22,7295.94,6715.31,7287.35,7665.93,7898.60,6227.05,4262.97,3562.41,4872.46,97.50,321.43,1165.93,4166.46,7344.23,7322.45,5136.69,4911.40,5188.06,4974.14,4091.79,3032.69,2342.17,2529.04
20260810,19,11110615,87251.37,41.97,213.72,750.14,2301.88,4587.41,5543.43,4896.27,5236.92,5613.31,5908.59,4437.66,3188.40,2594.72,3466.62,73.84,305.08,1074.21,3730.07,5428.66,4855.57,3495.18,3309.30,3532.82,3489.88,2901.68,2375.05,1892.72,2006.27
20260810,20,11110615,66798.52,42.90,183.85,727.25,2177.61,3827.65,4437.81,3774.81,3925.80,4045.65,4331.82,3144.41,2426.73,1996.07,2353.84,57.71,252.44,982.67,3416.22,4342.37,3480.59,2450.20,2248.46,2515.88,2581.66,2124.44,1810.74,1539.90,1599.04
20260810,21,11110615,52253.09,42.48,149.44,634.92,1924.95,3126.70,3604.56,3038.16,3070.16,3109.37,3299.24,2422.17,1858.62,1467.59,1715.38,62.56,252.71,865.61,3015.25,3425.08,2648.60,1827.59,1704.12,1882.37,1932.84,1550.27,1258.80,1124.47,1239.08
20260810,22,11110615,38486.95,36.69,134.25,457.95,1518.05,2440.43,2828.53,2343.96,2301.57,2282.60,2434.60,1733.65,1332.35,1072.55,1320.60,56.77,227.16,639.45,2180.50,2441.69,1779.68,1295.67,1141.73,1289.79,1348.21,1142.75,912.79,818.66,974.32
20260810,23,11110615,29679.68,37.72,144.03,348.46,1102.69,1827.05,2209.14,1850.25,1698.63,1748.94,1906.07,1295.09,1000.46,862.31,1136.22,44.80,232.79,442.61,1542.67,1687.07,1255.57,1031.10,976.17,1045.36,1069.37,911.28,745.60,692.65,835.58
20260811,00,11110615,21210.12,36.17,133.07,199.66,572.82,1199.36,1474.12,1331.20,1183.13,1306.72,1414.56,965.20,786.08,700.13,1029.25,46.74,202.24,231.85,673.70,1022.32,671.41,740.04,794.81,853.55,879.20,805.42,676.75,561.81,718.81
20260811,01,11110615,20478.32,36.17,134.40,180.67,558.50,1100.37,1402.16,1280.48,1135.13,1288.59,1364.58,942.83,743.71,679.94,1021.94,46.74,196.89,227.63,633.62,972.47,637.65,708.66,787.05,834.84,860.75,789.29,658.56,544.87,709.83
20260811,02,11110615,19687.57,36.17,134.31,185.37,523.48,1011.11,1291.80,1210.70,1074.14,1249.87,1346.51,912.47,711.99,655.39,1008.36,46.74,202.01,212.85,583.96,887.14,628.28,689.68,771.83,809.52,847.49,768.68,633.88,538.42,715.42
20260811,03,11110615,19092.71,36.26,134.22,173.83,467.82,904.85,1178.93,1148.67,1055.88,1223.22,1316.30,904.81,701.25,654.71,1018.55,46.74,201.98,193.71,556.74,866.96,584.51,668.67,760.86,793.67,837.76,770.35,629.35,540.99,721.12
20260811,04,11110615,18948.90,36.26,134.22,166.31,451.95,874.62,1116.60,1117.16,1015.21,1222.12,1337.23,907.93,705.03,654.14,1020.02,46.74,201.98,184.23,552.17,849.17,579.79,643.14,764.08,790.21,832.83,794.35,658.75,552.57,740.09
20260811,05,11110615,20059.75,36.17,134.14,166.65,432.22,855.41,1089.49,1156.25,1059.30,1220.78,1367.91,949.39,798.45,730.28,1129.02,46.74,201.98,186.67,511.50,867.62,601.35,655.37,783.80,795.50,862.95,863.07,850.48,781.21,926.05
20260811,06,11110615,23561.42,36.41,135.28,180.48,425.20,954.98,1203.76,1312.13,1278.00,1434.68,1717.13,1292.82,1098.24,998.33,1357.06,47.09,203.67,194.51,557.94,978.30,724.44,738.93,842.99,900.78,945.09,955.73,1035.04,906.64,1105.77
20260811,07,11110615,34026.17,36.73,134.34,191.41,561.87,1323.31,1700.24,1867.88,2109.04,2386.57,2884.63,2254.32,1606.24,1508.86,1826.94,47.51,210.81,196.54,731.82,1369.29,1193.52,1129.19,1177.51,1295.30,1322.61,1269.05,1218.12,1114.84,1357.68
20260811,08,11110615,62951.83,42.88,132.79,220.08,794.52,2387.24,3671.48,3786.20,4404.50,4877.51,5527.51,4244.83,2562.20,2191.16,2553.33,47.12,224.90,259.09,1272.63,3027.72,3301.05,2779.80,2530.18,2589.70,2574.14,2142.92,1627.65,1467.55,1711.15
20260811,09,11110615,104914.77,39.43,150.85,333.91,1278.58,4343.66,6457.08,6395.06,6939.67,7422.97,8026.09,6173.91,3696.48,3112.11,3858.40,66.51,268.54,378.84,2304.59,6322.86,6931.92,5421.40,4861.82,4580.56,4377.73,3686.32,2607.42,2244.58,2633.48
20260811,10,11110615,126731.57,57.72,168.60,451.78,1704.49,5110.73,7591.62,7219.61,7845.29,8326.24,8860.15,7291.59,4513.37,4121.15,5865.44,90.56,311.02,531.80,2958.64,7460.97,8215.97,6384.72,5948.61,5486.94,5219.35,4608.85,3548.49,3159.21,3678.66
20260811,11,11110615,141362.41,55.22,228.26,571.87,2022.06,5621.09,8208.07,7714.21,8293.23,8886.09,9390.02,7728.65,5083.99,4748.79,7628.99,74.29,338.24,672.28,3516.43,8170.93,8889.96,6909.97,6465.95,6120.99,5884.05,5446.24,4294.84,3833.64,4564.06
20260811,12,11110615,150337.11,89.87,241.31,632.95,2122.92,5962.08,8518.02,7942.27,8602.33,8972.00,9549.31,8009.98,5275.52,5266.42,8915.22,73.84,368.11,786.25,3775.43,8559.30,9530.34,7253.67,6884.94,6614.23,6216.33,5864.10,4652.77,4363.48,5294.12
20260811,13,11110615,155035.60,108.36,266.38,644.25,2273.22,5956.53,8694.06,8020.61,8732.66,9176.99,9870.67,8179.83,5549.96,5640.05,10101.29,63.23,394.91,933.81,3953.12,8619.56,9604.93,7340.76,6939.24,6734.02,6500.26,5994.92,4836.96,4474.81,5430.21
20260811,14,11110615,156655.49,124.39,263.15,693.56,2429.86,6067.72,8713.30,8147.53,8732.23,9266.07,9932.12,8185.07,5599.19,5705.81,10325.16,79.68,356.94,1032.68,4147.26,8751.00,9753.29,7377.94,6951.90,6749.01,6443.89,5997.87,4871.46,4495.08,5462.33
20260811,15,11110615,149874.27,99.08,265.41,733.36,2427.98,5940.79,8420.27,7841.71,8444.27,8877.71,9548.79,7803.94,5435.08,5540.26,9661.07,64.83,356.29,1055.63,4066.08,8453.32,9340.94,7000.99,6679.71,6471.69,6155.18,5692.73,4574.51,4025.95,4896.70
20260811,16,11110615,145668.06,112.89,243.91,773.80,2399.09,6006.44,8247.07,7753.58,8432.61,8768.90,9417.42,7749.07,5296.47,5332.36,8485.20,66.41,353.25,1083.47,4158.09,8409.89,9181.68,6899.52,6664.60,6186.81,6019.34,5520.13,4154.69,3670.00,4281.37
20260811,17,11110615,137314.53,110.84,241.17,879.54,2333.11,5924.73,8226.21,7486.62,8175.00,8400.47,9105.56,7286.62,4937.07,4673.78,7161.27,79.99,327.63,1049.98,4170.62,8366.75,8767.71,6426.46,6319.78,5936.29,5606.76,5087.57,3637.48,3037.64,3557.88
20260811,18,11110615,124171.80,84.59,246.05,869.05,2373.21,5687.09,7787.22,6972.97,7599.48,7846.03,8241.97,6506.44,4424.38,4086.30,5706.48,81.97,317.10,1186.62,4179.11,7908.20,7867.24,5654.26,5475.55,5319.88,4935.07,4238.53,3251.73,2480.66,2844.62
20260811,19,11110615,94165.58,69.27,211.53,789.45,2271.81,4704.69,6069.52,5299.72,5626.66,5790.91,6200.15,4832.35,3341.44,3051.59,4156.72,78.94,308.24,1190.24,3786.69,5959.24,5663.56,3867.11,3700.10,3713.23,3616.51,3073.74,2486.65,2028.90,2276.62
20260811,20,11110615,73539.55,55.48,190.13,708.62,2074.27,3957.42,4835.96,4070.23,4335.93,4485.64,4656.36,3609.17,2579.55,2311.38,2852.97,77.87,296.14,1127.90,3586.58,4931.22,4281.22,2836.28,2647.48,2709.96,2676.96,2342.64,1932.99,1606.25,1762.95
20260811,21,11110615,56607.81,43.40,181.81,585.52,1879.15,3294.77,3949.44,3273.58,3372.61,3450.70,3520.24,2616.41,1857.77,1595.75,2005.14,64.28,251.73,915.67,3038.00,3886.01,3195.09,2149.02,1899.90,2027.68,1978.29,1692.33,1369.23,1206.91,1307.38
20260811,22,11110615,41697.12,44.12,153.64,471.04,1529.40,2669.23,2975.15,2435.35,2492.24,2544.07,2565.06,1878.82,1302.23,1137.34,1496.01,53.00,214.76,636.90,2177.11,2835.48,2196.75,1634.95,1398.18,1468.18,1343.64,1157.91,981.74,869.75,1035.07
20260811,23,11110615,31450.65,54.80,144.01,370.02,1204.31,2030.99,2301.79,1930.43,1895.02,1967.77,1949.35,1295.70,1006.50,800.39,1211.04,52.92,201.22,440.56,1490.11,1887.50,1471.63,1160.62,1047.59,1170.73,1092.76,907.39,757.02,707.16,901.32
20260812,00,11110615,22080.84,38.41,131.63,217.65,637.38,1257.71,1504.80,1377.56,1294.00,1388.37,1489.32,959.23,839.73,668.37,1111.14,53.38,207.93,272.02,645.86,1018.81,841.14,781.69,816.86,914.12,880.80,758.44,621.70,572.59,780.20
20260812,01,11110615,21111.64,38.41,131.52,204.00,597.98,1168.17,1415.75,1292.83,1188.06,1314.66,1442.63,898.37,807.51,663.99,1093.85,53.46,208.03,269.23,593.73,955.55,777.51,755.04,835.01,917.72,846.66,737.51,609.64,544.03,750.79
20260812,02,11110615,20229.53,38.41,131.58,210.75,559.00,1096.07,1266.26,1210.18,1110.62,1286.70,1376.73,854.52,768.66,635.86,1069.77,53.55,207.82,262.51,555.51,903.02,723.86,718.80,808.54,901.64,839.33,738.50,607.17,542.79,751.38
20260812,03,11110615,19505.73,38.41,131.52,191.22,507.95,1008.65,1165.15,1170.60,1052.36,1251.05,1372.27,850.58,747.70,640.53,1058.31,53.55,207.82,259.01,506.07,819.33,666.70,687.92,797.79,875.92,835.77,728.83,606.50,539.46,734.76
20260812,04,11110615,19429.64,38.41,136.85,188.78,489.25,965.05,1124.00,1141.48,1054.88,1259.49,1347.86,861.99,750.74,675.43,1094.35,53.63,207.77,254.36,491.14,809.77,635.13,674.23,785.58,858.82,842.95,744.77,634.77,553.44,754.72
20260812,05,11110615,20409.26,43.67,136.85,194.58,475.05,947.99,1102.77,1157.05,1068.08,1268.53,1399.14,900.28,816.05,761.12,1150.80,53.63,207.80,257.77,472.29,818.26,650.04,684.09,798.09,856.25,869.41,818.80,810.05,775.91,914.91
20260812,06,11110615,23725.50,45.30,132.64,190.22,500.04,983.71,1225.02,1321.71,1234.23,1482.04,1681.04,1211.53,1064.56,979.35,1415.44,54.07,209.50,261.32,524.49,944.62,767.31,796.01,862.46,947.10,964.52,924.80,978.89,926.76,1096.82
20260812,07,11110615,34126.62,52.25,133.72,194.53,598.94,1271.41,1631.60,1914.05,2008.48,2444.41,2900.64,2238.49,1592.21,1483.85,1918.04,54.55,221.49,269.89,684.97,1328.28,1268.86,1148.59,1188.26,1325.91,1388.74,1227.57,1181.83,1104.81,1350.25
20260812,08,11110615,63168.42,64.10,138.78,220.31,791.27,2472.84,3578.17,3817.98,4461.52,4994.48,5723.09,4109.08,2440.93,2240.73,2651.27,54.26,221.06,319.76,1213.20,3033.01,3235.14,2700.00,2606.63,2672.14,2531.18,2063.81,1585.79,1469.94,1757.95
20260812,09,11110615,101651.28,69.63,164.78,340.08,1339.72,4229.45,6259.28,6264.42,6735.36,7191.16,7862.25,5910.93,3604.45,3117.29,3716.69,66.22,243.05,404.40,2195.79,6164.95,6583.83,5122.98,4563.11,4643.21,4192.72,3656.44,2528.02,2191.95,2289.12
20260812,10,11110615,122796.64,82.02,236.46,442.11,1803.70,5047.29,7375.24,7037.21,7612.39,8104.80,8672.21,7026.18,4281.55,3981.54,5396.55,57.31,365.66,520.18,2964.88,7365.41,7887.79,6070.13,5529.54,5538.34,5138.26,4665.49,3432.00,2968.74,3193.66
20260812,11,11110615,137881.79,92.74,285.98,507.72,2150.97,5538.83,8087.82,7711.74,8184.60,8581.55,9228.26,7536.84,4990.55,4685.41,7274.66,93.46,381.64,645.44,3528.56,7954.71,8424.45,6600.38,6251.56,6052.27,5824.90,5406.53,4124.89,3666.35,4068.98
20260812,12,11110615,147294.33,98.20,362.48,620.32,2334.91,5733.77,8392.27,8052.23,8374.56,8821.43,9401.86,7927.80,5300.88,5158.22,8667.20,127.93,399.76,776.55,3987.70,8434.55,8948.45,6898.76,6511.27,6497.64,6133.12,5934.45,4546.86,4021.25,4829.91
20260812,13,11110615,151989.89,96.48,343.32,631.34,2505.95,5843.81,8469.08,7948.54,8349.11,8790.44,9746.65,8113.52,5605.12,5493.17,9458.74,119.32,448.28,886.33,4254.87,8593.31,9133.78,7030.06,6663.83,6679.02,6452.58,6149.26,4812.22,4224.14,5147.62
20260812,14,11110615,154011.44,94.22,320.46,718.93,2652.59,6082.22,8756.23,7949.77,8365.94,8882.29,9559.25,8128.89,5559.26,5603.15,9945.95,122.71,451.72,1006.14,4477.73,8605.47,9175.94,7010.08,6649.61,6592.74,6509.45,6218.52,4792.97,4451.69,5327.52
20260812,15,11110615,157262.91,74.62,339.14,832.96,2766.98,6329.50,8962.55,8019.08,8535.51,9082.22,9697.61,8147.35,5797.79,5702.81,9933.79,169.01,479.50,1189.74,4834.26,8942.55,9384.64,7152.06,6801.21,6788.02,6733.77,6283.23,4783.74,4340.58,5158.69
20260812,16,11110615,151457.06,63.38,284.76,860.75,2743.72,6272.84,8719.65,7770.36,8429.08,8803.87,9585.16,7968.19,5553.09,5404.13,8799.15,162.67,446.88,1259.69,4870.36,8966.87,9186.86,7015.45,6618.13,6572.26,6465.61,5943.25,4423.57,3847.17,4420.16
20260812,17,11110615,143558.89,68.63,281.04,964.40,2712.45,6134.06,8519.26,7506.38,8024.63,8591.04,9315.46,7671.39,5265.72,4885.26,7511.83,142.54,411.71,1356.78,4772.99,8947.57,8899.86,6559.18,6206.39,6377.14,6079.13,5486.50,3820.15,3316.79,3730.61
20260812,18,11110615,127282.78,68.41,251.09,947.68,2770.25,5814.67,7877.66,6857.45,7339.60,7745.91,8339.57,6755.59,4628.17,4032.36,5838.28,111.61,386.27,1316.78,4724.94,8337.51,7985.68,5597.09,5264.32,5430.72,5329.75,4731.93,3224.82,2677.91,2896.76
20260812,19,11110615,97873.91,58.45,209.56,804.23,2508.86,4921.85,6196.17,5006.61,5517.63,5705.69,6576.91,5019.23,3546.27,3087.76,4296.01,77.04,271.48,1293.52,4441.21,6574.44,5989.10,3984.52,3636.00,3917.58,3884.10,3470.77,2516.34,2109.04,2253.54
20260812,20,11110615,77838.72,56.12,207.89,822.86,2271.96,4216.68,5287.19,3992.66,4328.83,4293.71,4963.16,3814.27,2661.40,2439.98,3055.36,85.12,315.07,1186.66,4129.72,5442.31,4666.49,2967.36,2756.09,3003.39,2863.04,2571.38,2017.20,1640.21,1782.61
20260812,21,11110615,62215.26,39.52,179.42,719.03,2106.37,3636.46,4398.23,3329.02,3509.26,3357.22,3874.46,2914.78,2049.71,1667.44,2158.76,89.57,255.57,1063.11,3584.32,4599.26,3638.77,2406.93,2105.43,2274.29,2242.65,1973.69,1409.89,1277.06,1355.04
20260812,22,11110615,45715.28,34.10,144.83,531.18,1663.10,2906.37,3303.15,2567.60,2742.14,2521.16,2800.87,1947.27,1491.36,1259.28,1525.78,84.20,167.90,780.63,2634.57,3289.41,2589.62,1744.95,1525.95,1578.50,1571.01,1353.89,997.08,906.84,1052.54
20260812,23,11110615,33536.99,45.67,134.23,357.22,1288.57,2152.85,2501.20,1985.72,2064.23,1862.10,2120.23,1428.00,1119.82,891.25,1211.52,72.63,190.14,514.14,1716.57,2105.03,1660.96,1262.19,1179.59,1175.35,1145.44,1011.90,761.57,710.79,868.08
20260813,00,11110615,22961.08,45.75,125.82,220.13,774.62,1314.27,1600.41,1343.01,1406.71,1367.53,1509.57,1004.53,828.82,730.03,1087.05,89.09,175.73,282.36,727.30,1156.18,857.39,809.10,883.14,944.84,869.56,825.61,649.93,593.03,739.57
20260813,01,11110615,21567.60,45.40,124.67,195.58,712.92,1243.16,1410.67,1235.35,1298.66,1271.97,1439.52,951.92,790.65,698.98,1028.03,88.36,176.42,257.84,669.97,1057.14,776.23,771.65,856.57,906.43,835.55,797.16,623.79,582.17,720.84
20260813,02,11110615,20423.25,45.32,124.67,191.75,631.12,1118.05,1263.12,1162.71,1184.91,1211.23,1346.49,901.75,767.45,692.04,1027.53,88.36,173.93,248.03,612.78,944.19,686.38,729.06,836.45,875.68,827.24,807.04,622.66,571.85,731.46
20260813,03,11110615,19653.07,45.32,128.42,181.40,590.86,1005.17,1151.82,1114.46,1156.42,1168.52,1301.78,881.59,740.94,672.60,1040.34,88.36,174.00,233.61,538.49,865.38,637.97,692.50,812.69,876.16,816.81,800.02,621.75,573.45,742.24
20260813,04,11110615,19585.19,45.30,126.08,165.46,543.33,939.23,1106.66,1078.00,1148.88,1159.66,1308.91,906.20,755.68,676.86,1064.27,88.36,170.98,229.10,532.33,838.66,633.75,695.58,809.26,873.08,815.91,831.78,656.96,589.31,795.61
20260813,05,11110615,20630.20,45.30,126.08,165.75,515.00,930.44,1058.36,1095.82,1169.86,1161.96,1360.48,953.21,840.55,764.05,1144.43,93.69,171.04,220.28,536.03,871.99,636.02,695.95,834.44,858.24,840.06,880.57,851.92,812.64,996.04
20260813,06,11110615,23995.04,45.74,127.18,184.12,501.44,1014.87,1158.25,1278.65,1335.74,1367.65,1640.85,1289.58,1096.98,962.38,1332.19,94.47,170.17,216.68,586.07,961.64,766.54,781.74,912.32,931.84,935.95,1000.17,1055.81,989.35,1256.67
20260813,07,11110615,34228.44,46.11,127.93,186.49,571.18,1312.81,1595.77,1828.10,2203.84,2253.48,2789.24,2186.46,1599.68,1452.29,1837.17,95.23,186.51,245.03,723.73,1345.67,1172.38,1150.62,1211.16,1305.76,1322.70,1350.84,1269.59,1249.75,1608.92
20260813,08,11110615,63363.77,48.10,132.62,235.25,816.67,2504.99,3560.98,3829.03,4336.34,4659.17,5494.21,4086.78,2495.73,2157.85,2644.75,106.66,171.68,301.04,1320.65,3139.91,3048.18,2673.60,2540.00,2578.87,2558.47,2206.37,1676.21,1739.95,2299.71
20260813,09,11110615,105303.80,49.28,143.82,347.10,1307.41,4432.94,6299.55,6423.31,6748.92,7226.07,7859.51,5994.86,3632.64,3170.81,3981.40,105.10,200.42,427.03,2360.00,6326.56,6609.62,5278.03,4771.80,4571.09,4405.82,3826.85,2652.73,2687.87,3463.26
20260813,10,11110615,123901.33,61.30,184.60,447.04,1764.19,5001.21,7172.78,7001.27,7338.82,8002.95,8628.64,6793.18,4426.90,3970.38,5789.89,127.76,228.18,536.56,2936.57,7150.60,7545.63,6024.00,5567.28,5485.32,5245.89,4749.02,3588.20,3538.01,4595.16
20260813,11,11110615,138683.48,96.32,290.90,512.91,2057.75,5518.55,7734.93,7535.22,8034.77,8471.87,9025.77,7498.10,4961.80,4650.50,7332.43,158.96,290.42,647.09,3409.17,7860.27,8158.69,6601.68,6120.91,6071.02,5872.20,5589.96,4338.34,4291.44,5551.51
20260813,12,11110615,149118.15,138.56,336.85,529.09,2218.31,5934.70,8218.35,7759.95,8352.20,8642.54,9322.62,7856.15,5252.94,5240.03,8999.83,156.01,361.78,785.53,3970.08,8324.90,8917.92,7139.53,6417.60,6504.18,6289.75,6023.91,4761.91,4570.88,6092.05
20260813,13,11110615,155848.81,127.92,383.95,647.25,2359.66,6135.92,8319.77,7964.50,8518.24,9041.88,9731.09,8195.14,5423.20,5596.56,10139.82,153.06,387.70,921.96,4115.43,8643.56,9219.35,7270.93,6773.04,6690.53,6749.14,6184.06,5023.65,4799.44,6332.06
20260813,14,11110615,157121.40,122.58,384.07,725.48,2491.73,6234.26,8412.99,7988.43,8612.46,9060.17,9795.33,8076.85,5520.47,5760.53,10407.90,124.48,401.69,944.07,4439.68,8719.31,9348.91,7224.80,6836.61,6626.28,6813.83,6273.11,5024.11,4631.36,6119.91
20260813,15,11110615,151607.84,94.11,313.37,835.47,2456.18,6050.50,8193.46,7754.65,8360.65,8911.47,9478.47,7695.56,5373.82,5552.75,9966.36,138.10,399.01,958.46,4412.04,8488.68,8975.86,6947.44,6649.92,6517.02,6502.17,5970.72,4799.71,4224.56,5587.33
20260813,16,11110615,145320.76,74.62,283.01,842.27,2506.66,6063.64,8083.34,7676.54,8302.75,8577.91,9257.87,7566.33,5298.03,5186.75,8832.52,85.60,395.30,982.66,4417.04,8412.20,8742.18,6632.12,6400.77,6306.43,6170.28,5767.48,4286.23,3648.85,4521.38
20260813,17,11110615,137117.00,45.53,235.47,837.68,2523.02,6000.43,7919.85,7523.12,7957.04,8257.27,8898.43,7237.65,4996.65,4799.82,7409.08,111.89,389.84,1011.73,4562.30,8287.49,8452.67,6263.97,5985.07,5890.90,5702.97,5251.99,3861.06,3102.12,3601.96
20260813,18,11110615,127672.61,42.13,242.79,888.64,2719.88,6211.32,7726.38,7187.26,7493.72,7900.92,8394.46,6592.51,4465.89,4120.04,5859.70,91.15,377.82,1089.03,4947.07,8140.71,7937.81,5625.50,5403.23,5442.39,5074.21,4689.93,3397.69,2679.17,2931.26
20260813,19,11110615,97866.21,61.22,220.52,761.78,2537.29,5263.59,6282.39,5579.53,5331.81,5808.65,6459.50,5026.90,3375.95,3088.14,4213.27,53.67,320.01,1036.10,4555.89,6392.38,5817.57,3914.69,3780.74,3903.54,3604.79,3316.41,2657.55,2168.83,2333.50
20260813,20,11110615,77719.55,56.56,193.27,701.10,2337.55,4473.61,5187.52,4611.51,4195.31,4558.77,4910.40,3867.16,2633.91,2363.88,2868.15,80.50,305.53,958.99,4167.22,5284.67,4486.41,2974.90,2792.99,2837.77,2798.43,2488.53,2057.95,1733.52,1793.44
20260813,21,11110615,62213.37,56.13,156.44,576.43,2042.12,3774.92,4335.11,3841.20,3514.83,3657.02,3903.09,2802.74,1966.47,1699.56,2037.21,74.40,260.96,843.74,3567.28,4453.32,3654.64,2373.29,2191.81,2298.35,2200.11,1800.75,1462.28,1302.89,1366.28
20260813,22,11110615,46152.86,56.73,132.95,479.53,1737.25,3059.03,3496.20,2971.08,2755.72,2700.06,2859.50,1872.68,1432.13,1177.81,1523.00,68.35,232.07,600.02,2723.44,3281.22,2485.33,1684.23,1492.11,1556.55,1530.11,1293.77,1013.48,866.95,1071.56
20260813,23,11110615,34000.42,55.29,129.96,308.65,1253.74,2343.29,2780.83,2328.08,2061.16,1892.47,2025.26,1361.88,1106.42,861.88,1243.07,68.35,223.20,396.89,1739.82,2257.12,1624.40,1241.75,1076.22,1114.09,1148.06,990.59,799.21,687.56,881.18
20260814,00,11110615,22158.65,63.01,133.45,189.94,670.56,1403.46,1583.81,1426.43,1297.50,1241.18,1526.98,913.01,849.19,718.19,1085.36,72.96,207.84,167.17,649.61,1121.95,832.06,804.88,790.71,829.95,857.71,806.31,638.89,548.70,727.84
20260814,01,11110615,21246.43,63.01,133.38,169.63,609.18,1291.77,1466.30,1380.60,1243.39,1185.05,1477.41,892.46,817.44,701.81,1060.11,72.96,207.84,155.46,597.96,1047.66,785.71,762.87,774.29,818.76,839.02,798.10,631.81,532.99,729.46
20260814,02,11110615,20483.71,63.01,136.28,161.50,544.65,1220.25,1341.33,1309.20,1185.04,1152.96,1439.85,846.17,790.90,697.65,1035.09,67.58,204.95,157.15,554.37,981.60,725.18,740.32,772.39,816.55,825.48,792.40,641.42,542.14,738.30
20260814,03,11110615,19444.05,63.01,136.28,155.22,502.47,1045.30,1220.89,1187.42,1110.93,1106.29,1384.01,812.22,737.87,681.63,1012.16,67.58,207.50,135.62,483.13,929.07,664.23,707.61,763.19,804.23,808.73,779.44,647.74,536.37,753.91
20260814,04,11110615,19192.09,63.01,136.28,151.32,492.65,960.86,1111.19,1151.40,1087.61,1100.67,1368.07,863.24,743.99,681.86,1031.46,67.58,207.42,121.50,476.44,900.06,636.48,679.25,753.75,802.94,807.34,796.40,674.31,557.23,767.78
20260814,05,11110615,20161.46,63.01,136.28,152.93,480.89,923.23,1042.06,1142.69,1107.29,1132.69,1432.61,909.97,802.11,778.95,1125.78,67.58,207.52,120.36,450.25,889.70,636.07,692.32,762.10,826.20,840.33,878.55,855.42,762.23,942.34
20260814,06,11110615,23497.41,63.51,137.28,162.39,470.96,932.96,1167.48,1319.94,1278.19,1385.50,1718.74,1221.48,1075.21,1033.05,1369.29,68.10,209.05,122.05,518.16,968.73,739.95,800.50,821.47,915.78,912.46,1001.96,1034.82,888.35,1160.05
20260814,07,11110615,32680.11,69.51,146.21,168.36,575.63,1259.80,1593.62,1834.78,2003.11,2128.24,2721.90,2118.59,1468.80,1479.69,1859.82,62.11,210.22,155.19,622.65,1311.08,1168.74,1137.17,1106.68,1225.01,1278.07,1287.34,1200.59,1124.40,1362.80
20260814,08,11110615,58534.48,70.74,147.93,222.47,783.19,2237.01,3254.37,3626.22,4058.31,4322.58,5170.68,3879.06,2305.56,2201.14,2590.76,63.27,210.31,217.85,1140.99,2848.47,2990.30,2411.58,2337.73,2353.80,2286.30,2011.10,1532.38,1494.73,1765.65
20260814,09,11110615,95833.19,84.78,143.70,359.37,1319.13,4169.36,5735.05,5871.75,6139.10,6512.94,7197.24,5496.46,3351.75,3104.20,3806.13,66.72,235.30,301.99,2075.93,5719.18,6079.12,4729.36,4333.18,4185.36,3947.80,3501.09,2464.59,2323.02,2579.59
20260814,10,11110615,115469.55,84.42,166.97,432.10,1689.91,4974.14,6828.02,6522.41,6892.05,7371.31,8058.97,6335.06,4126.81,3868.06,5579.85,84.93,267.78,453.12,2802.49,6708.99,7233.90,5477.79,5179.93,4935.71,4932.56,4546.42,3342.73,3097.77,3475.35
20260814,11,11110615,130570.06,93.72,224.95,489.87,1909.52,5541.05,7380.11,7196.39,7512.99,7832.40,8592.69,6927.35,4833.96,4549.01,7219.52,126.41,337.40,579.32,3359.22,7410.70,7850.51,6013.84,5801.54,5615.11,5498.85,5342.25,3962.20,3812.57,4556.61
20260814,12,11110615,137050.86,108.38,293.01,495.31,2124.75,5746.40,7558.08,7343.90,7700.90,7949.47,8522.15,7093.40,4944.25,4940.99,8472.14,130.06,436.74,683.98,3744.15,7727.99,8157.30,6304.19,6137.58,5904.30,5786.84,5714.63,4183.30,3955.06,4891.61
20260814,13,11110615,144996.50,117.02,334.40,629.44,2355.35,5947.21,7738.67,7504.62,7972.95,8363.60,8908.75,7266.95,5297.77,5405.11,9834.48,140.86,503.17,878.96,3899.89,8031.44,8367.03,6537.76,6448.24,6152.04,6216.54,5907.47,4491.89,4293.98,5450.91
20260814,14,11110615,142747.82,97.57,393.65,684.52,2387.59,5846.22,7694.54,7317.96,7577.40,8010.00,8586.11,7057.09,5159.10,5427.98,9783.87,178.24,506.51,1073.60,3975.79,7964.63,8313.19,6385.82,6197.11,6068.18,6159.34,5824.65,4500.29,4220.93,5355.94
20260814,15,11110615,144478.24,99.88,396.53,776.15,2481.46,6082.78,7790.01,7424.19,7688.20,8079.10,8669.63,7190.68,5316.90,5536.02,9452.14,189.05,489.95,1086.91,4350.85,8254.53,8567.70,6480.82,6203.40,6020.59,6320.42,5886.27,4345.49,4123.95,5174.64
20260814,16,11110615,135059.65,109.99,332.56,598.97,2446.89,5813.91,7446.86,6964.02,7330.75,7586.30,8223.12,6760.56,4998.64,5068.76,8148.69,159.92,509.57,1071.23,4340.07,7974.64,8123.12,6059.73,5837.83,5741.43,6010.34,5444.22,3831.92,3684.56,4441.05
20260814,17,11110615,126847.81,92.82,309.61,637.33,2417.12,5693.37,7294.51,6801.45,6927.31,7252.12,7730.87,6354.34,4746.88,4651.84,7055.19,130.02,462.61,1149.94,4384.24,7904.97,7771.14,5640.24,5477.74,5326.68,5566.34,4765.07,3455.82,3232.86,3615.38
20260814,18,11110615,114392.63,102.30,375.15,732.80,2443.35,5643.29,6973.34,6108.66,5992.50,6442.54,6942.55,5517.94,4336.02,3970.44,5390.85,123.73,417.61,1146.86,4632.97,7644.06,7260.15,5023.36,4678.81,4737.88,4942.29,4228.68,3048.83,2747.27,2788.40
20260814,19,11110615,92719.96,71.94,309.89,829.70,2488.05,5163.36,6056.85,4787.32,4433.22,4827.31,5510.15,4441.67,3442.97,3208.63,4083.99,116.48,364.43,1225.89,4367.91,6565.18,5646.22,3717.54,3396.05,3640.69,3692.02,3275.59,2566.84,2229.15,2260.92
20260814,20,11110615,76711.09,82.73,267.85,866.11,2409.77,4756.80,5463.67,4004.00,3525.44,3721.79,4288.75,3568.72,2769.03,2631.54,2934.40,87.75,354.68,1082.15,3891.83,5903.87,4678.98,2910.29,2606.75,2787.41,2866.69,2599.66,2005.27,1812.83,1832.33
20260814,21,11110615,63800.47,81.35,257.47,735.03,2153.79,4378.57,4975.04,3536.15,2970.31,3065.67,3475.40,2763.09,2217.28,1969.14,2112.23,35.84,289.07,879.02,3456.28,5143.28,4052.36,2387.59,2031.42,2353.76,2236.83,1927.95,1443.56,1414.38,1458.61
20260814,22,11110615,50239.24,63.83,255.14,559.40,1776.49,3922.88,4261.16,3049.24,2451.10,2398.68,2690.93,2102.23,1653.72,1387.70,1557.02,46.86,228.51,616.46,2636.38,4130.07,3099.24,1912.04,1492.84,1693.50,1683.26,1321.12,1063.78,1038.17,1147.49
20260814,23,11110615,38834.00,63.76,217.53,400.79,1411.49,3167.01,3587.64,2525.53,1940.84,1918.35,2100.37,1547.36,1207.93,1004.62,1293.78,46.57,212.14,352.58,1911.89,3050.92,2266.13,1488.13,1120.79,1284.05,1276.04,929.02,797.34,784.95,926.45
20260815,00,11110615,24840.33,63.41,182.29,272.00,783.80,2054.30,2272.39,1754.97,1350.88,1225.31,1407.96,977.54,797.48,786.28,1038.32,48.62,197.49,183.21,808.39,1494.91,1207.56,889.88,770.35,837.29,872.25,670.83,614.79,562.57,715.26
20260815,01,11110615,23202.27,63.41,182.18,249.25,741.88,1801.93,2084.26,1549.67,1256.64,1200.93,1312.31,930.07,743.82,751.54,1017.41,48.62,202.96,164.25,707.80,1349.32,1131.94,829.42,728.95,814.77,858.61,661.78,584.14,545.08,689.33
20260815,02,11110615,21198.04,63.41,183.76,225.08,701.14,1550.46,1740.52,1355.21,1149.01,1090.91,1201.94,826.89,687.00,725.82,1004.80,48.62,202.96,144.56,641.88,1136.08,966.74,781.51,703.20,784.69,832.37,645.78,571.16,536.07,696.47
20260815,03,11110615,19706.93,63.41,183.66,216.26,586.77,1306.83,1529.65,1228.69,1058.36,1032.13,1101.44,798.44,662.66,703.41,985.59,48.69,202.96,150.57,585.40,993.70,859.72,723.27,674.86,754.32,816.83,632.05,572.32,532.92,702.02
20260815,04,11110615,18675.01,63.41,183.43,189.37,517.12,1144.52,1355.43,1148.54,963.93,963.36,1079.34,785.55,636.36,691.90,989.26,48.69,197.52,145.77,543.34,896.86,773.46,690.22,656.21,745.98,821.05,624.56,583.15,533.43,703.25
20260815,05,11110615,18418.97,63.50,183.50,194.79,474.06,1043.32,1212.63,1114.41,935.65,946.06,1086.49,797.56,705.54,712.18,1012.32,48.77,197.52,149.55,489.52,895.08,725.48,661.63,664.23,741.36,826.69,649.02,593.50,544.00,750.61
20260815,06,11110615,19233.14,63.50,186.75,179.44,416.10,1043.34,1159.40,1113.87,949.28,962.80,1130.79,862.71,839.43,859.65,1162.36,48.77,210.46,154.84,474.57,893.22,741.25,640.93,667.20,770.75,833.70,696.34,660.40,629.92,881.37
20260815,07,11110615,21576.72,64.00,186.08,174.11,403.21,1156.31,1200.15,1229.86,1076.58,1094.56,1334.23,1150.16,1009.74,1076.08,1401.55,49.13,202.19,155.49,527.73,951.04,780.99,672.09,706.36,795.27,901.30,744.49,720.92,747.06,1066.04
20260815,08,11110615,24734.25,64.50,184.64,185.37,469.62,1208.81,1343.07,1319.77,1180.37,1250.34,1565.02,1299.13,1254.41,1255.21,1735.34,55.13,266.44,184.15,646.64,1070.12,885.00,715.32,791.43,882.48,988.67,880.89,818.27,948.39,1285.72
20260815,09,11110615,31323.65,76.34,205.04,296.05,736.02,1611.61,1637.47,1546.10,1459.23,1597.25,1888.13,1604.21,1493.15,1536.12,2251.41,61.30,295.29,242.50,910.27,1330.24,1143.75,912.01,930.52,1071.02,1239.37,1162.89,1043.91,1260.01,1782.44
20260815,10,11110615,41205.67,89.06,280.78,420.27,949.31,1998.24,2067.15,1858.02,1900.96,1939.61,2177.33,2038.38,1862.85,1949.58,3261.72,73.81,347.60,372.15,1296.05,1769.10,1599.97,1240.99,1300.04,1475.88,1675.39,1631.54,1467.46,1654.03,2508.40
20260815,11,11110615,54096.63,80.10,379.68,461.22,1112.50,2423.07,2654.48,2155.11,2222.24,2255.72,2540.42,2378.16,2304.72,2600.08,5227.13,139.15,416.31,505.40,1685.18,2358.30,2251.30,1700.12,1767.01,1979.00,2277.97,2246.08,2055.16,2465.14,3455.88
20260815,12,11110615,69167.40,86.08,547.96,634.78,1326.59,2901.95,3047.71,2563.69,2580.89,2629.01,3056.42,2834.14,2880.23,3400.82,8006.91,179.01,494.94,718.53,2186.15,2966.50,2956.33,2251.66,2411.41,2467.62,2785.13,2812.90,2634.08,3111.82,4694.14
20260815,13,11110615,83428.01,123.47,679.03,784.42,1676.17,3379.19,3586.91,2955.55,2994.08,2956.25,3394.65,3147.95,3331.48,3983.56,9875.40,234.54,700.61,1068.13,2785.70,3867.59,3723.14,2734.34,3075.39,3192.03,3514.31,3360.64,3127.96,3519.44,5656.08
20260815,14,11110615,92072.99,154.67,722.01,928.41,1919.04,3704.79,4030.18,3164.44,3204.66,3241.58,3695.95,3477.73,3550.81,4358.02,10159.52,321.70,918.14,1338.38,3416.87,4758.87,4371.02,3133.29,3320.78,3459.70,3864.86,3784.46,3397.19,3724.00,5951.92
20260815,15,11110615,95761.29,154.67,822.82,1015.99,2145.71,4217.76,4385.59,3437.24,3364.78,3358.97,3864.24,3558.23,3659.34,4315.58,9881.90,410.72,1091.27,1488.31,3812.57,5430.84,4682.18,3312.80,3426.73,3574.32,4000.76,3674.13,3498.90,3560.90,5614.04
20260815,16,11110615,92369.29,177.97,767.86,1095.62,2254.01,4361.98,4609.27,3305.13,3182.97,3224.83,3546.55,3335.05,3412.43,4092.14,8679.61,436.32,1223.82,1615.51,4089.44,5764.01,4792.15,3234.11,3396.01,3430.33,3723.23,3410.18,3215.04,3194.89,4798.83
20260815,17,11110615,88979.27,201.52,675.15,1070.05,2380.77,4762.22,4739.90,3548.65,3155.22,3081.45,3398.84,3253.87,3263.37,3882.84,7388.84,429.94,995.16,1599.69,4132.70,5791.45,5031.08,3237.87,3261.45,3348.83,3413.31,3099.44,2967.30,2829.93,4038.43
20260815,18,11110615,82867.30,133.72,618.21,1063.86,2528.91,5051.86,5042.46,3643.30,2947.32,3008.12,3081.93,3203.78,2919.81,3163.16,5588.59,354.64,796.37,1542.96,4239.15,6030.76,4945.61,3230.38,2971.94,3223.97,3057.76,2786.38,2382.39,2286.65,3023.31
20260815,19,11110615,75315.93,120.64,560.79,958.40,2586.07,5475.15,5140.86,3624.63,2794.53,2749.57,2843.30,2787.75,2467.40,2493.78,3979.64,250.76,684.74,1427.93,4066.44,6089.79,4754.04,2888.62,2710.15,2964.65,2599.25,2412.23,1945.40,1797.48,2141.94
20260815,20,11110615,66752.58,113.74,500.45,796.48,2468.18,5394.77,5085.73,3464.23,2571.59,2444.60,2620.35,2499.43,2125.49,2016.16,2794.95,160.93,562.64,1248.69,3815.47,5691.93,4150.48,2497.35,2379.43,2527.70,2281.06,1996.09,1566.90,1439.58,1538.18
20260815,21,11110615,56925.51,73.02,440.59,726.88,2348.99,4884.31,4799.94,3291.82,2318.60,2107.82,2285.42,1911.21,1691.46,1548.56,2012.03,118.86,473.35,1039.43,3262.23,4945.94,3474.96,2272.99,1919.88,2054.41,1811.15,1668.29,1168.84,1111.84,1162.69
20260815,22,11110615,45577.17,59.73,291.74,549.34,2106.25,4249.86,4325.69,2781.50,1994.57,1779.58,1942.17,1527.30,1305.28,1173.56,1537.33,90.32,325.33,772.71,2516.14,3872.03,2670.35,1716.13,1420.60,1377.00,1387.29,1180.23,879.81,829.97,915.36
20260815,23,11110615,36623.04,52.18,237.45,395.90,1739.68,3525.03,3601.59,2400.17,1726.75,1509.56,1625.58,1195.71,1012.12,918.74,1206.49,83.70,274.04,558.80,1850.27,2838.42,2062.10,1389.38,1125.81,1097.31,1065.15,975.29,682.48,698.17,775.17
20260816,00,11110615,26776.28,57.52,207.16,267.64,1146.11,2364.82,2720.91,1761.47,1381.26,1195.11,1342.43,944.83,784.90,704.27,1039.17,77.34,213.06,295.87,955.07,1767.20,1216.67,1021.51,905.83,924.39,866.47,814.24,586.25,548.10,666.68
20260816,01,11110615,25699.37,59.01,212.60,265.29,1075.91,2136.25,2512.53,1629.97,1349.28,1166.70,1336.54,946.11,780.50,698.63,1007.51,79.36,219.31,268.38,919.41,1584.38,1190.31,974.96,903.38,928.53,861.45,799.98,582.54,534.82,675.73
20260816,02,11110615,23672.20,59.01,207.60,250.43,864.86,1807.36,2145.51,1482.29,1278.26,1122.95,1305.69,876.17,721.82,662.27,998.95,79.36,219.45,255.85,820.40,1379.50,1058.93,882.21,869.76,906.56,860.86,785.00,567.20,538.20,665.75
20260816,03,11110615,22194.41,57.76,207.76,234.82,768.67,1569.62,1868.74,1363.80,1217.21,1064.42,1207.28,847.81,696.90,635.58,990.07,79.37,219.14,254.04,700.88,1249.19,975.32,867.34,842.32,890.69,848.18,773.16,564.07,543.39,656.88
20260816,04,11110615,20981.33,57.76,207.94,223.03,681.98,1386.59,1657.91,1227.82,1149.79,1006.76,1145.08,820.78,686.48,618.00,990.08,79.36,218.97,253.87,652.29,1118.82,891.37,842.25,808.76,890.94,842.88,769.17,562.04,524.75,665.86
20260816,05,11110615,20380.85,57.76,207.94,226.30,615.08,1271.47,1467.87,1138.95,1077.16,1014.44,1114.53,815.50,707.20,626.55,1008.06,79.36,218.97,243.22,639.29,1054.00,855.24,833.46,794.48,901.06,840.26,770.22,569.42,542.68,690.38
20260816,06,11110615,20411.70,57.76,207.97,221.20,539.50,1163.47,1341.94,1073.06,1068.31,1005.43,1115.84,848.03,776.39,743.75,1074.09,79.36,218.97,228.27,630.18,1029.63,840.53,818.30,782.12,919.24,862.95,795.29,614.19,603.83,752.10
20260816,07,11110615,21210.30,57.76,208.48,215.90,506.67,1129.98,1253.63,1069.47,1085.22,1068.22,1223.73,925.67,880.80,809.73,1207.12,79.16,224.54,236.00,660.79,1040.76,857.52,820.43,775.09,941.68,891.80,853.49,650.33,702.40,833.93
20260816,08,11110615,23034.26,64.05,216.75,239.10,540.25,1124.90,1319.76,1102.27,1187.30,1133.57,1371.81,1045.80,971.81,901.82,1392.29,79.92,227.03,256.87,747.01,1083.56,945.93,881.00,843.50,1038.50,979.75,925.23,695.00,778.88,940.60
20260816,09,11110615,27414.17,82.31,260.73,319.75,688.22,1316.01,1519.21,1180.37,1347.44,1307.01,1546.32,1339.52,1124.90,1074.78,1724.60,74.67,262.61,313.80,970.16,1316.63,1166.81,1010.26,990.25,1209.70,1158.25,1127.85,807.14,1012.10,1162.77
20260816,10,11110615,34241.74,82.71,324.50,416.82,906.46,1614.62,1906.01,1424.57,1531.26,1438.41,1790.84,1645.28,1362.94,1310.76,2290.30,93.08,309.95,450.52,1237.69,1726.39,1417.89,1229.61,1250.04,1477.17,1499.92,1488.27,1115.45,1291.69,1608.59
20260816,11,11110615,43169.58,73.87,390.29,563.52,1061.34,1958.22,2144.00,1677.29,1798.43,1630.78,2078.67,1938.60,1724.17,1690.08,3202.07,144.16,384.36,655.15,1552.71,2165.55,1930.75,1662.79,1601.72,1856.35,1851.42,1898.98,1522.85,1681.77,2329.69
20260816,12,11110615,52662.30,118.00,456.20,727.08,1268.75,2260.23,2527.56,2012.47,2169.37,1972.52,2381.98,2232.22,1947.37,2067.28,4391.04,174.31,555.77,798.61,1953.63,2758.44,2421.82,2019.32,1879.71,2271.47,2307.87,2260.78,1863.76,1992.97,2871.77
20260816,13,11110615,62501.26,140.74,571.60,969.58,1480.43,2682.85,2884.91,2292.60,2514.76,2295.44,2693.42,2410.41,2187.11,2384.47,5211.91,200.61,724.96,1104.73,2510.19,3519.08,3043.13,2356.63,2547.90,2690.53,2660.25,2579.29,2111.52,2275.18,3457.03
20260816,14,11110615,69055.53,196.74,701.88,1063.80,1641.53,3040.67,3261.80,2541.16,2635.14,2640.65,2887.74,2663.63,2317.59,2650.98,5457.29,255.70,885.34,1345.67,2962.24,4137.66,3494.34,2649.78,2876.46,2909.78,2864.87,2691.01,2234.53,2412.55,3635.00
20260816,15,11110615,71735.97,229.59,707.39,1076.18,1894.35,3462.38,3446.34,2654.02,2632.14,2716.20,2872.90,2671.46,2407.86,2677.40,5452.05,256.11,1014.50,1415.90,3384.71,4498.43,3710.45,2713.06,3021.36,3096.19,2954.00,2761.11,2259.62,2286.67,3463.60
20260816,16,11110615,71847.32,253.62,757.06,1172.02,2036.12,3733.10,3658.42,2649.96,2650.93,2787.33,2847.26,2535.32,2490.01,2603.19,5092.44,308.45,999.01,1370.56,3693.72,4730.16,3823.40,2695.54,3033.70,3067.13,2874.57,2706.25,2105.53,2225.75,2946.77
20260816,17,11110615,70110.95,191.70,739.89,1072.60,2166.33,3876.12,3906.15,2740.74,2688.23,2615.91,2760.02,2498.26,2379.65,2393.83,4270.86,329.60,971.13,1413.48,3790.72,5069.09,3942.83,2801.11,2859.59,2949.24,2756.37,2568.83,1974.29,2022.81,2361.57
20260816,18,11110615,67987.01,200.52,709.00,1086.01,2350.85,4272.46,4264.39,2819.62,2655.12,2613.72,2593.83,2418.00,2283.96,2131.42,3609.04,242.24,814.71,1368.67,3923.58,5309.79,3936.75,2771.63,2659.74,2744.07,2547.49,2306.79,1704.81,1749.37,1899.43
20260816,19,11110615,62927.61,163.28,608.24,985.03,2379.47,4533.55,4278.09,2873.89,2477.30,2351.47,2376.15,2265.92,1979.99,1831.42,2767.25,217.36,692.22,1319.93,3849.01,5249.52,3663.39,2456.24,2407.17,2536.85,2206.43,1983.84,1430.73,1467.92,1575.95
20260816,20,11110615,54357.35,136.37,453.91,828.43,2199.29,4449.85,4136.58,2687.97,2286.44,2036.63,2062.15,1938.87,1586.33,1495.04,2008.72,126.84,516.77,1079.63,3411.24,4651.78,3211.67,2068.07,2002.38,2067.89,1790.35,1580.11,1164.31,1175.48,1204.25
20260816,21,11110615,46296.54,101.18,371.52,672.46,1966.63,4065.31,3886.94,2510.73,1916.57,1759.38,1752.66,1554.03,1345.95,1238.93,1609.50,89.96,425.94,808.54,2969.96,4067.12,2640.26,1715.16,1663.17,1689.16,1454.50,1203.23,919.02,905.79,992.94
20260816,22,11110615,37832.57,59.40,287.57,462.40,1663.59,3509.17,3428.90,2252.48,1621.78,1510.74,1480.11,1317.25,1110.36,938.84,1355.29,70.96,312.14,565.55,2304.34,3352.66,2061.54,1366.74,1263.84,1204.50,1083.83,942.83,735.91,751.70,818.15
20260816,23,11110615,30891.75,47.70,242.55,377.74,1367.12,2849.95,2836.87,1956.04,1365.88,1266.74,1288.87,1081.62,873.22,823.97,1124.02,59.25,254.06,413.06,1675.00,2580.19,1580.18,1099.23,1046.90,995.61,869.83,798.95,616.66,635.34,765.20
20260817,00,11110615,24177.31,53.01,218.67,253.90,937.58,2019.11,2088.14,1588.60,1178.87,1155.93,1141.25,892.18,705.84,656.58,1008.39,65.78,231.87,261.84,842.51,1701.00,1142.78,887.26,917.35,897.51,780.81,713.51,567.90,544.21,724.93
20260817,01,11110615,22913.59,53.01,218.56,234.11,885.14,1782.35,1910.02,1493.95,1150.64,1090.91,1085.86,847.02,673.12,643.25,993.79,65.95,228.59,256.16,798.94,1551.91,1023.39,853.45,919.77,873.40,759.94,715.79,572.20,531.71,700.66
20260817,02,11110615,21424.59,41.66,218.38,214.33,765.00,1491.54,1691.40,1393.60,1093.40,1041.31,1072.68,815.28,634.80,608.46,975.41,65.95,229.06,235.79,724.28,1358.66,909.12,853.69,892.36,865.95,755.94,701.63,561.68,516.69,696.54
20260817,03,11110615,20332.80,41.66,218.02,216.91,689.46,1324.19,1499.69,1283.56,1012.42,1010.04,1026.55,786.66,623.22,594.67,982.22,65.95,229.06,218.78,677.72,1255.37,839.06,797.01,872.89,867.36,740.37,698.51,549.25,521.09,691.11
20260817,04,11110615,19490.32,41.66,218.02,215.06,642.16,1182.82,1276.40,1193.69,972.63,982.01,994.84,757.85,607.19,600.69,988.97,65.95,230.31,217.85,655.85,1147.00,791.02,766.46,863.46,846.50,729.81,708.85,551.79,525.10,716.38
20260817,05,11110615,19373.09,41.66,218.02,213.77,580.91,1075.85,1204.42,1155.24,929.70,972.64,1016.07,786.63,689.59,623.84,1040.81,65.95,230.20,214.99,610.86,1116.85,796.54,756.29,847.88,841.05,733.70,725.64,578.20,554.44,751.35
20260817,06,11110615,20365.33,41.97,225.69,209.14,525.55,1065.32,1168.06,1147.38,948.18,1041.05,1054.73,867.35,870.22,788.50,1206.40,66.55,232.25,217.62,658.22,1098.04,811.68,779.55,859.20,880.17,763.90,737.75,626.23,623.50,851.13
20260817,07,11110615,22285.87,41.93,242.47,220.70,520.21,1143.91,1210.28,1151.23,1037.22,1181.57,1277.27,1069.51,1064.20,969.65,1379.34,60.77,231.98,226.02,685.27,1136.68,855.48,802.02,866.74,910.57,818.73,807.85,692.15,699.74,982.38
20260817,08,11110615,25906.15,48.01,249.77,225.59,587.49,1224.91,1330.78,1251.39,1236.52,1381.90,1505.49,1286.20,1267.61,1212.09,1795.69,61.21,231.33,240.94,788.28,1276.42,953.70,923.75,1003.87,1007.39,953.28,943.44,851.09,874.54,1193.47
20260817,09,11110615,32032.46,42.43,281.84,272.81,806.15,1479.59,1648.28,1430.74,1465.45,1605.83,1792.22,1606.58,1595.75,1498.11,2482.58,55.63,243.94,284.72,1060.50,1555.61,1204.74,1060.16,1128.42,1233.27,1263.02,1194.10,1024.64,1166.27,1549.08
20260817,10,11110615,41558.07,72.50,346.92,361.95,1040.43,1779.45,2057.58,1766.33,1779.62,1931.52,2136.36,1979.14,1938.33,2015.60,3744.22,68.32,337.09,378.46,1507.52,1962.04,1525.25,1310.08,1381.91,1563.77,1640.71,1618.30,1460.40,1576.99,2277.28
20260817,11,11110615,53380.09,84.17,443.59,490.03,1282.17,2093.10,2430.86,2101.40,2070.30,2222.32,2421.06,2399.51,2453.35,2504.84,5371.36,97.86,535.70,538.32,1816.13,2402.91,2110.37,1771.72,1788.97,1962.92,2251.10,2280.58,2048.37,2218.21,3188.87
20260817,12,11110615,63031.27,107.14,517.56,568.42,1499.88,2334.90,2675.90,2351.21,2326.60,2487.47,2601.47,2745.23,2790.45,2909.29,6890.72,155.02,693.13,680.15,2101.58,2879.37,2528.05,2239.17,2103.17,2242.34,2539.97,2863.34,2559.45,2599.19,4041.10
20260817,13,11110615,71224.04,138.88,606.13,721.29,1672.44,2619.23,3032.77,2516.32,2549.48,2709.26,2774.48,2971.65,2948.70,3136.65,7747.94,216.27,813.19,973.11,2382.32,3562.09,3171.62,2587.78,2591.92,2613.89,2858.48,3091.90,2861.73,2825.53,4528.99
20260817,14,11110615,77813.55,159.58,686.24,832.08,1866.69,3113.06,3399.33,2730.98,2696.71,3068.90,3001.02,3062.69,3157.81,3397.51,8093.94,229.02,885.86,1179.27,2964.57,4073.67,3574.43,2874.90,2921.14,2906.39,3109.90,3261.95,2914.72,2938.88,4712.31
20260817,15,11110615,77676.08,149.45,636.33,957.09,2062.77,3230.40,3621.58,2682.58,2710.95,3064.38,2995.76,3074.29,3057.88,3364.88,7611.92,227.54,873.25,1281.62,3409.63,4291.74,3468.00,2770.58,2838.83,2937.11,3044.92,3187.25,2813.04,2814.96,4497.35
20260817,16,11110615,72639.71,143.28,603.30,947.96,2293.82,3453.72,3629.63,2510.07,2564.58,2798.63,2787.55,2915.37,2775.06,3080.33,6491.57,183.77,757.11,1338.02,3414.04,4444.74,3345.26,2480.37,2590.44,2686.05,2889.78,3036.87,2474.47,2379.44,3624.48
20260817,17,11110615,66624.05,140.16,457.06,958.95,2329.76,3581.18,3596.65,2550.90,2400.46,2628.26,2623.01,2593.36,2469.85,2777.88,5155.45,143.44,603.17,1367.66,3513.47,4514.38,3123.22,2398.31,2253.77,2388.03,2605.65,2512.93,2174.35,1994.37,2768.37
20260817,18,11110615,60525.36,128.36,412.38,877.16,2395.99,3632.14,3564.33,2379.77,2250.45,2270.12,2386.54,2238.87,2164.00,2307.00,4013.98,117.54,536.05,1197.29,3695.84,4424.55,3150.44,2187.41,2035.42,2153.13,2311.75,2130.39,1806.87,1780.32,1977.27
20260817,19,11110615,51722.02,96.51,297.65,882.27,2267.69,3454.19,3148.14,2179.21,1942.45,1968.27,2075.97,1845.75,1844.63,1814.57,2869.95,106.29,420.16,1046.26,3404.55,4034.45,2833.43,1843.91,1675.13,1747.59,1844.03,1699.39,1395.29,1437.36,1546.93
20260817,20,11110615,42696.42,63.74,222.48,705.12,2061.62,3075.76,2729.59,1836.69,1608.12,1652.13,1754.27,1554.66,1535.74,1400.03,2057.25,84.92,302.06,826.21,3068.13,3287.50,2314.19,1425.29,1257.54,1330.67,1557.30,1333.01,1182.31,1176.17,1293.92
20260817,21,11110615,34330.80,57.60,136.85,565.27,1876.32,2612.15,2291.15,1605.79,1375.59,1397.31,1475.66,1266.13,1160.00,1113.19,1502.84,35.08,233.49,598.97,2446.50,2555.05,1827.05,1132.93,965.00,1081.99,1207.88,994.55,893.85,885.46,1037.15
20260817,22,11110615,26655.25,39.60,116.63,357.39,1440.84,2001.91,1837.90,1298.12,1141.24,1263.86,1200.17,1065.08,892.91,866.70,1265.12,28.99,168.04,395.75,1801.46,1815.79,1259.69,879.54,830.00,829.15,951.38,727.02,671.44,651.34,858.19
20260817,23,11110615,21475.56,39.11,110.21,262.98,1080.36,1553.35,1410.87,1138.33,1046.76,1113.79,1080.03,869.70,772.40,717.84,1052.53,28.65,138.58,266.60,1167.73,1288.19,876.18,728.78,699.59,720.30,774.36,623.80,600.54,570.93,743.07
20260818,00,11110615,19010.08,40.11,116.78,158.56,631.03,1074.62,1250.81,1087.87,1084.45,1138.34,1172.53,834.71,730.81,644.97,981.09,36.28,145.94,136.77,656.76,914.79,713.47,649.58,738.49,724.38,816.89,641.58,593.20,537.27,758.00
20260818,01,11110615,18612.58,40.11,116.78,152.89,594.17,1029.63,1222.33,1070.51,1052.31,1117.87,1151.80,821.57,695.63,651.77,975.82,36.08,146.10,142.35,620.92,877.12,684.28,658.03,719.56,728.53,805.82,643.81,583.74,523.82,749.23
20260818,02,11110615,18013.07,40.11,115.42,157.86,551.16,921.32,1166.08,1022.40,1023.92,1124.23,1135.91,806.66,678.12,640.64,966.48,36.08,146.00,133.28,570.14,794.15,650.41,641.79,713.13,709.37,792.14,643.08,573.07,521.21,738.91
20260818,03,11110615,17543.15,40.11,115.60,147.87,505.13,879.83,1088.48,966.83,983.86,1082.27,1119.57,807.58,668.04,643.58,956.71,36.08,140.31,131.93,546.72,757.76,632.33,623.00,683.95,721.87,795.93,625.99,569.85,525.97,746.00
20260818,04,11110615,17480.34,34.63,115.60,146.75,480.62,842.45,1043.38,953.26,980.02,1085.86,1143.56,765.82,666.84,661.12,980.68,36.08,134.89,126.45,538.10,731.55,625.05,627.79,687.36,719.85,795.75,659.15,614.06,539.88,743.79
20260818,05,11110615,18832.00,34.43,115.60,146.48,455.34,854.12,1031.97,977.93,1016.42,1105.77,1231.61,871.54,766.22,769.15,1088.20,36.08,134.78,121.35,539.34,759.59,635.16,646.22,681.97,714.06,821.69,755.64,829.38,767.93,924.03
20260818,06,11110615,22557.16,34.40,115.47,153.57,472.52,910.13,1129.82,1170.02,1218.81,1435.25,1614.28,1223.16,1053.22,998.96,1337.01,36.19,134.60,136.01,642.93,873.69,756.89,741.96,752.22,819.91,915.19,832.27,1009.78,901.08,1137.82
20260818,07,11110615,35690.31,41.45,113.30,152.37,543.91,1279.93,1694.48,1898.79,2226.98,3013.53,3425.75,2404.30,1565.05,1539.53,1817.05,36.48,165.52,325.45,853.87,1300.32,1289.59,1129.41,1211.82,1359.39,1468.20,1164.21,1177.23,1078.56,1413.84
20260818,08,11110615,65548.40,42.84,114.19,181.99,820.43,2369.94,3672.17,4018.09,4624.63,5197.64,6083.80,4283.82,2580.09,2281.87,2578.75,36.49,228.54,694.60,1502.38,3014.74,3417.91,2756.30,2733.82,2657.33,2630.53,2075.54,1591.04,1463.28,1895.65
20260818,09,11110615,104922.96,36.53,127.77,269.38,1302.22,4190.61,6418.51,6478.01,6765.35,7438.18,8186.51,6041.26,3549.60,3230.21,3893.92,37.32,221.77,808.08,2463.08,6264.44,6839.71,5280.89,4831.24,4571.46,4298.89,3770.95,2586.07,2264.40,2756.60
20260818,10,11110615,126075.91,38.00,136.60,364.42,1780.20,4906.66,7498.33,7262.38,7573.93,8330.37,8916.66,6999.61,4478.08,4213.23,5952.61,38.92,226.00,996.17,3171.45,7387.39,7974.87,6178.15,5903.66,5483.96,5203.78,4720.09,3465.75,3175.08,3699.56
20260818,11,11110615,140274.63,38.74,109.15,489.45,2030.81,5305.02,8145.53,7784.21,8099.48,8878.47,9357.60,7621.26,5077.19,4885.36,7682.75,56.98,263.23,1084.94,3618.07,7990.89,8553.28,6704.75,6494.25,5986.34,5928.62,5422.11,4121.01,3857.43,4687.71
20260818,12,11110615,149387.84,57.66,171.05,552.61,2240.29,5680.05,8534.21,8002.32,8303.09,9143.52,9627.85,7942.08,5380.51,5239.48,9061.72,64.11,279.62,933.75,3968.01,8405.36,9064.07,7194.91,6942.15,6364.11,6304.32,5790.90,4452.36,4314.19,5373.54
20260818,13,11110615,149764.54,63.66,178.21,621.70,2385.85,5584.44,8276.39,7728.87,8212.41,8961.66,9704.14,7767.65,5531.54,5432.49,9935.48,75.81,229.35,949.50,4019.91,8259.53,8881.68,6987.27,6671.88,6279.66,6363.33,5982.47,4592.58,4507.54,5579.54
20260818,14,11110615,154847.44,64.71,184.83,701.61,2643.62,5835.40,8537.41,7962.81,8422.39,9198.33,9926.91,7978.02,5553.31,5662.25,10591.82,89.85,220.74,950.63,4417.11,8540.76,9121.83,7257.34,6703.79,6447.39,6492.16,6244.98,4706.73,4634.25,5756.46
20260818,15,11110615,152224.60,64.52,202.68,709.27,2622.39,5807.31,8374.16,7791.54,8343.17,9150.82,9798.87,7825.12,5447.84,5534.53,9968.67,99.37,235.59,1005.87,4639.96,8574.84,9076.29,7086.03,6572.39,6349.22,6490.74,6086.47,4548.42,4430.72,5387.80
20260818,16,11110615,143538.97,67.58,154.81,753.22,2666.71,5564.68,8159.08,7478.82,8048.02,8736.56,9550.56,7524.84,5219.04,5054.13,8593.13,118.20,223.94,1122.59,4522.77,8264.59,8760.24,6761.68,6261.32,6003.36,6054.23,5744.91,4013.36,3758.19,4358.41
20260818,17,11110615,135500.42,39.73,153.90,803.02,2654.11,5541.25,7971.05,7288.18,7787.51,8412.42,9202.83,7338.81,4992.41,4743.01,7013.14,84.64,189.13,1093.78,4478.83,8141.28,8473.16,6244.24,5909.06,5780.06,5755.65,5241.88,3673.51,3067.98,3425.85
20260818,18,11110615,121514.35,50.06,151.86,735.39,2754.23,5416.05,7414.82,6755.89,7231.79,7730.49,8183.16,6336.09,4342.76,4026.74,5531.05,68.47,178.32,1122.58,4361.14,7682.37,7558.77,5500.59,5084.34,5105.51,5122.93,4422.21,3260.35,2664.33,2722.06
20260818,19,11110615,90349.03,26.89,150.50,658.50,2554.27,4439.86,5693.55,5041.53,5336.24,5580.64,5957.55,4745.03,3355.72,3069.69,4128.03,54.61,151.58,1011.68,3813.88,5486.59,5242.61,3559.74,3244.13,3508.08,3572.33,3113.05,2480.29,2199.59,2172.87
20260818,20,11110615,69591.84,27.89,148.63,601.24,2310.91,3610.21,4543.35,3853.95,4099.82,4166.98,4397.50,3470.26,2560.95,2329.84,2884.75,64.87,151.90,898.11,3505.50,4332.80,3865.70,2544.07,2276.04,2560.78,2706.81,2322.22,1927.47,1719.53,1709.76
20260818,21,11110615,53283.37,21.50,91.98,545.90,1988.16,3035.21,3624.36,2988.04,3208.66,3108.16,3325.62,2466.15,1866.62,1691.79,2021.50,47.52,119.63,655.63,2956.35,3531.27,2849.60,1960.74,1716.07,1819.32,1905.64,1695.78,1422.88,1233.53,1385.76
20260818,22,11110615,39157.87,14.70,67.06,407.24,1621.43,2420.07,2777.18,2308.30,2364.87,2281.25,2436.80,1766.50,1372.90,1207.31,1479.55,30.93,79.56,448.27,2302.10,2493.02,1987.17,1387.63,1198.53,1288.08,1338.73,1171.17,996.61,874.22,1036.69
20260818,23,11110615,29373.32,9.15,64.83,279.95,1225.19,1868.49,2059.41,1757.80,1783.46,1754.33,1796.52,1388.54,1035.07,922.18,1193.26,19.03,80.05,296.80,1574.80,1726.29,1327.57,1063.38,922.31,950.95,1018.93,920.45,802.31,685.46,846.81
20260819,00,11110615,20841.33,12.17,69.91,123.52,740.35,1180.21,1325.16,1330.68,1298.96,1267.09,1377.46,1018.34,791.22,681.93,1037.65,13.41,82.85,134.52,689.07,974.93,787.93,761.80,728.69,779.48,807.25,786.34,692.86,590.00,757.55
20260819,01,11110615,19953.76,12.17,74.69,120.59,716.58,1079.15,1240.06,1255.04,1182.63,1211.68,1338.02,964.38,755.17,673.82,1025.30,13.41,93.55,128.85,631.94,899.99,725.84,745.57,739.34,771.95,792.95,766.36,673.42,580.65,740.66
20260819,02,11110615,19195.39,12.17,74.69,119.45,689.91,985.73,1156.72,1155.30,1182.30,1173.46,1282.79,929.98,730.96,652.06,1013.62,13.41,93.55,115.89,584.90,829.24,677.18,729.07,716.78,763.47,769.16,758.24,674.38,562.20,748.78
20260819,03,11110615,18609.34,12.17,74.75,119.37,631.70,949.49,1108.45,1103.70,1129.39,1145.76,1243.76,919.79,710.60,626.61,998.90,13.41,93.51,118.43,524.90,801.77,664.49,678.80,718.42,747.47,761.89,738.12,675.91,543.65,754.13
20260819,04,11110615,18450.10,12.17,74.75,119.58,569.36,908.49,1075.38,1080.93,1104.03,1129.28,1247.76,923.10,731.47,639.31,1011.34,13.41,93.51,113.80,513.21,770.85,629.70,674.58,707.63,742.37,763.22,764.64,703.93,571.61,760.69
20260819,05,11110615,19539.40,12.17,74.82,122.39,528.90,874.67,1042.48,1120.95,1137.77,1136.81,1272.93,1021.49,831.08,707.51,1089.78,13.41,94.68,116.40,493.17,780.79,649.14,671.53,735.20,749.92,787.07,825.65,909.28,766.85,972.56
20260819,06,11110615,22851.76,12.24,75.34,113.45,523.42,941.04,1136.11,1284.27,1345.85,1334.56,1587.37,1265.95,1077.02,964.85,1359.38,13.50,95.36,119.45,553.19,907.91,744.35,751.39,803.32,811.28,889.47,939.85,1089.25,915.95,1196.64
20260819,07,11110615,33575.18,13.54,79.20,111.17,596.65,1256.19,1603.31,1889.56,2101.51,2396.59,2827.17,2262.78,1575.75,1475.10,1812.22,13.63,117.86,282.79,716.50,1271.76,1167.26,1180.15,1131.72,1180.34,1261.19,1231.33,1305.53,1171.49,1542.89
20260819,08,11110615,62823.96,19.28,68.39,153.21,784.08,2368.16,3488.24,3792.09,4316.73,4796.56,5659.48,4150.70,2564.06,2158.99,2576.95,13.94,147.09,611.81,1289.48,3062.87,3240.52,2747.21,2552.28,2547.67,2507.84,1987.06,1700.84,1534.10,1984.33
20260819,09,11110615,104868.12,19.93,71.68,233.67,1345.32,4297.73,6369.90,6413.95,6886.45,7500.95,8045.14,5989.67,3670.33,3011.45,3767.80,21.59,172.51,756.11,2248.27,6428.13,6782.86,5484.09,4902.70,4653.71,4349.98,3645.77,2679.62,2367.06,2751.75
20260819,10,11110615,126771.49,15.03,84.01,337.88,1783.28,5021.39,7432.23,7285.25,7669.83,8315.06,8913.29,6913.12,4538.20,4068.87,5681.20,32.31,214.70,882.93,2989.16,7627.40,8095.08,6392.01,5904.58,5660.95,5394.25,4727.30,3598.66,3332.91,3860.61
20260819,11,11110615,138501.43,33.33,135.64,412.94,1997.74,5270.13,7893.06,7627.73,8050.07,8523.47,9238.34,7414.23,5065.52,4663.26,7204.68,59.74,233.22,962.08,3377.00,8103.11,8612.33,6588.46,6372.93,6120.76,6039.95,5455.50,4277.09,4067.10,4702.02
20260819,12,11110615,151559.63,40.40,177.97,481.76,2221.94,5701.72,8382.68,8095.28,8643.31,9100.47,9445.43,7933.20,5549.14,5513.89,8970.50,78.91,242.30,1122.26,3814.91,8570.64,9183.52,7231.82,6908.57,6634.15,6587.25,6110.05,4890.08,4495.73,5431.75
20260819,13,11110615,155726.25,29.66,165.07,588.88,2254.39,5767.46,8357.30,8169.42,8625.79,9100.85,9840.71,8126.68,5739.21,5695.39,10175.93,101.86,235.24,1221.10,4193.33,8715.61,9322.71,7275.75,7066.25,6692.97,6776.79,6228.47,5039.88,4603.42,5616.13
20260819,14,11110615,157071.59,30.13,146.14,613.70,2403.87,5880.49,8441.61,8224.18,8605.08,9228.62,9898.06,8222.15,5590.38,5757.14,10774.57,78.85,216.94,1240.00,4374.72,8826.70,9368.92,7156.64,6929.65,6706.99,6725.22,6219.73,5123.71,4735.75,5551.65
20260819,15,11110615,154844.58,35.90,127.60,714.06,2478.66,6012.88,8499.17,8125.64,8397.21,8969.06,9851.01,8054.51,5510.93,5713.54,10346.92,61.08,213.65,1140.81,4542.64,8860.94,9298.08,7103.83,6811.74,6603.06,6672.96,6098.70,4886.98,4451.35,5261.67
20260819,16,11110615,150405.21,24.41,154.85,746.16,2570.04,5997.12,8450.31,8020.47,8395.89,8797.57,9694.25,7920.34,5493.00,5611.41,9286.37,39.18,223.16,1068.61,4699.99,8929.02,9235.24,6920.90,6579.71,6386.60,6373.12,5907.01,4397.63,3992.99,4489.86
20260819,17,11110615,141924.26,33.93,162.01,815.74,2571.32,5934.53,8179.05,7759.55,8069.39,8605.05,9159.06,7694.88,5171.06,5166.78,7942.17,38.75,249.31,1087.55,4558.21,8849.22,8805.52,6443.80,6190.39,6182.16,6000.92,5284.81,3864.50,3433.38,3671.22
20260819,18,11110615,122762.73,25.51,151.06,792.95,2702.87,5633.61,7552.73,6785.66,7227.07,7550.39,8021.20,6629.82,4471.45,4099.90,5915.26,36.04,182.91,1042.09,4430.24,7956.78,7529.71,5521.65,4990.41,5090.67,5175.23,4306.65,3222.20,2860.31,2858.36
20260819,19,11110615,94654.82,20.76,139.70,792.07,2586.91,4700.17,6086.49,5072.41,5336.58,5659.00,6041.09,5102.90,3475.11,3101.56,4319.10,42.34,194.68,1069.84,4359.90,6276.98,5545.79,3875.56,3476.03,3626.53,3556.96,3169.73,2557.25,2260.73,2208.65
20260819,20,11110615,74241.24,30.26,122.11,750.10,2375.42,3979.24,4898.34,3994.26,4024.18,4396.30,4507.65,3818.31,2653.25,2387.41,2910.58,36.26,150.19,973.03,4055.58,5132.09,4209.69,2881.03,2636.90,2755.94,2582.81,2408.92,2019.80,1787.01,1764.58
20260819,21,11110615,58705.75,31.22,105.91,606.70,2098.88,3361.52,4092.83,3278.21,3188.02,3515.17,3411.36,2928.81,2039.88,1704.90,1993.03,30.38,128.32,786.14,3517.68,4303.65,3321.25,2226.12,2033.54,2065.93,1912.06,1893.93,1447.48,1370.71,1312.12
20260819,22,11110615,43669.01,36.74,95.58,483.99,1733.67,2602.49,3135.84,2667.01,2459.64,2621.85,2444.49,2095.34,1435.27,1162.47,1477.62,24.76,98.40,612.14,2599.75,3153.30,2380.44,1659.06,1514.87,1449.90,1375.24,1300.22,1043.78,1005.98,999.17
20260819,23,11110615,31719.76,25.54,103.28,284.65,1321.00,1954.69,2294.61,1973.51,1822.76,1910.16,1790.46,1510.23,1036.18,830.17,1210.21,13.74,95.18,392.65,1657.53,2086.01,1598.27,1180.01,1064.30,1143.12,985.26,973.25,864.21,757.67,841.11
20260820,00,11110615,21353.98,45.56,105.33,123.96,721.21,1214.61,1448.43,1319.01,1191.43,1297.90,1336.94,1070.12,821.07,682.14,1074.63,7.03,91.65,166.17,648.76,1069.49,884.53,765.54,749.00,825.96,799.25,813.84,708.25,597.26,774.91
20260820,01,11110615,20439.63,45.56,109.99,121.53,644.71,1148.41,1373.63,1285.72,1130.07,1248.35,1283.14,977.70,780.02,659.17,1043.23,7.03,91.65,162.37,596.98,994.67,799.81,740.97,743.38,807.42,791.57,792.05,709.75,577.32,773.43
20260820,02,11110615,19572.71,45.56,109.99,128.25,612.92,1036.70,1206.83,1192.26,1101.98,1214.58,1235.25,941.23,776.61,625.68,1034.33,7.03,97.00,150.66,573.36,921.58,712.99,719.91,746.98,789.90,788.43,791.27,695.22,556.47,759.74
20260820,03,11110615,19033.13,40.11,109.99,131.16,571.95,958.23,1171.05,1133.65,1076.77,1167.16,1221.07,946.18,755.46,628.24,1034.09,7.11,96.98,144.01,530.67,877.26,661.14,694.17,729.96,781.23,777.98,773.82,692.20,553.66,767.83
20260820,04,11110615,18880.83,40.11,109.99,132.22,528.14,909.94,1099.81,1116.30,1056.42,1152.30,1229.54,952.35,764.79,630.45,1016.30,7.11,97.01,151.87,520.52,874.18,629.54,680.94,714.03,788.10,793.04,785.43,721.91,585.55,792.94
20260820,05,11110615,19956.06,40.11,110.11,124.99,523.63,905.44,1102.15,1137.43,1083.04,1186.24,1277.24,1038.85,820.98,679.30,1099.12,7.11,86.48,156.82,507.57,849.09,640.81,671.73,743.58,787.56,798.82,869.94,907.25,798.10,1002.57
20260820,06,11110615,23234.72,40.44,110.95,121.53,504.02,941.08,1198.94,1304.56,1275.75,1408.41,1612.44,1290.81,1083.54,906.66,1332.47,7.16,92.66,167.13,581.39,965.87,741.67,746.09,794.13,864.47,873.98,985.33,1114.40,964.36,1204.48
20260820,07,11110615,33634.81,40.80,108.61,143.87,588.11,1270.99,1666.27,1908.77,2065.42,2352.09,2757.01,2241.44,1564.88,1440.20,1902.15,7.23,104.99,332.63,712.97,1299.49,1158.82,1145.92,1043.45,1232.95,1269.35,1287.78,1321.27,1196.82,1470.53
20260820,08,11110615,62526.06,41.57,102.31,142.49,787.67,2308.91,3496.34,3784.34,4348.79,4664.88,5580.90,4061.34,2515.54,2227.47,2673.65,6.06,140.64,651.95,1317.83,2993.90,3227.11,2683.88,2455.69,2502.51,2437.05,2057.39,1665.76,1582.42,2067.67
20260820,09,11110615,104875.18,44.76,88.08,266.94,1351.89,4145.30,6271.76,6343.14,6972.16,7296.66,7945.22,6064.16,3581.60,3093.86,4087.74,12.98,160.05,788.33,2247.08,6284.24,6755.83,5324.00,4800.14,4680.23,4367.64,3636.41,2646.57,2462.54,3155.87
20260820,10,11110615,127228.98,38.74,86.37,402.03,1817.83,4988.90,7333.81,7289.36,7807.37,8192.60,8915.70,7050.57,4531.11,4022.70,5950.14,18.97,183.32,951.32,2890.59,7553.52,7922.31,6211.33,5903.62,5709.07,5373.38,4762.79,3610.23,3384.64,4326.66
20260820,11,11110615,142081.21,33.36,89.16,447.81,2050.72,5476.38,7954.13,7697.25,8402.83,8683.01,9325.20,7589.28,5050.35,4828.55,7811.25,22.08,163.33,1075.22,3421.72,8138.38,8564.83,6721.72,6586.92,6223.29,6180.36,5670.21,4364.73,4235.74,5273.40
20260820,12,11110615,147009.37,45.85,93.88,440.85,2062.19,5453.00,7983.49,7765.64,8363.88,8697.28,9383.77,7658.05,5039.11,5259.71,9277.95,32.35,197.78,1107.10,3796.28,8191.07,8660.63,6976.21,6821.01,6413.65,6309.25,6002.48,4688.60,4457.77,5830.54
20260820,13,11110615,151602.89,68.29,107.25,546.89,2252.03,5617.70,8102.23,7894.49,8512.41,8925.73,9600.18,7797.54,5281.60,5642.03,10254.66,38.34,211.92,1206.90,4051.65,8345.99,8861.13,7020.03,6808.52,6616.46,6546.22,6027.04,4791.96,4590.49,5883.21
20260820,14,11110615,156277.45,70.22,106.73,610.42,2439.09,5886.35,8396.85,8067.69,8710.19,9114.69,9713.26,8001.31,5499.75,5840.35,10582.45,56.59,228.64,1360.30,4524.38,8742.37,9139.81,7290.90,6823.34,6703.11,6545.71,6101.72,4998.40,4735.81,5987.02
20260820,15,11110615,153785.35,51.66,115.09,631.84,2421.89,5873.69,8369.10,7999.03,8540.58,9076.29,9675.75,7888.07,5511.76,5674.89,10043.28,50.13,226.90,1356.82,4642.94,8806.26,9163.61,7129.37,6618.90,6562.40,6559.77,5953.18,4790.05,4513.61,5538.49
20260820,16,11110615,144667.83,44.50,120.33,618.27,2369.99,5747.81,8092.66,7752.46,8209.41,8676.66,9308.91,7458.10,5408.16,5129.72,8760.79,59.71,106.81,1230.84,4612.54,8521.95,8764.38,6815.09,6334.63,6182.32,6208.75,5500.75,4174.84,3899.03,4558.42
20260820,17,11110615,137120.53,39.63,118.82,710.29,2628.01,5679.60,8008.39,7492.38,7933.24,8455.30,9076.35,7323.61,5106.12,4803.99,7282.39,59.10,138.69,1119.47,4703.12,8194.97,8405.96,6420.10,5978.81,5922.56,5914.60,5080.08,3724.20,3300.22,3500.53
20260820,18,11110615,124690.66,19.48,127.91,726.62,2807.20,5498.57,7492.06,7005.82,7338.46,8042.92,8218.57,6551.81,4684.53,4115.09,5686.12,55.88,122.00,1130.72,4694.73,7816.48,7578.59,5592.33,5374.48,5386.20,5168.11,4498.74,3322.92,2789.55,2844.77
20260820,19,11110615,94222.05,34.96,112.02,635.87,2521.92,4589.93,5983.00,5250.80,5345.06,6043.38,6024.72,4799.49,3635.42,3109.22,4116.82,36.63,142.57,1023.79,4152.26,5939.72,5480.46,3887.61,3687.81,3758.41,3649.95,3385.57,2494.71,2170.85,2209.10
20260820,20,11110615,74704.43,35.75,107.97,569.31,2318.75,3983.42,4965.52,4161.83,4250.44,4615.26,4704.74,3607.78,2820.61,2440.94,2834.60,34.74,131.79,1028.22,3769.09,4859.75,4304.48,2905.60,2697.03,2697.66,2703.98,2599.82,1926.86,1823.42,1805.07
20260820,21,11110615,60014.16,30.03,80.44,478.32,2106.37,3502.43,4170.67,3545.35,3501.46,3591.27,3553.96,2724.10,2155.80,1799.61,2054.03,30.11,119.41,986.57,3322.75,4182.47,3443.78,2354.26,2096.16,2048.45,2043.44,1921.96,1449.48,1325.61,1395.87
20260820,22,11110615,44676.96,28.64,95.91,395.32,1784.41,2771.35,3303.73,2766.64,2670.02,2717.62,2561.35,1942.98,1583.66,1222.20,1554.46,35.41,100.34,684.05,2472.85,3082.64,2449.65,1732.39,1538.19,1415.82,1389.72,1300.00,1048.94,965.32,1063.35
20260820,23,11110615,32575.55,28.37,94.87,228.35,1315.89,2113.74,2487.18,2134.98,1980.46,1973.61,1873.35,1386.77,1169.31,932.43,1249.93,35.09,118.99,417.09,1551.15,2043.27,1622.06,1252.28,1097.95,1058.73,1000.39,999.10,807.90,751.57,850.74
20260821,00,11110615,22107.53,27.29,85.10,106.92,749.24,1304.01,1638.28,1439.45,1386.58,1370.44,1330.45,1017.18,822.54,724.58,1090.05,28.43,123.29,177.20,727.15,1026.91,856.43,868.05,836.53,797.91,789.58,844.28,650.97,568.53,720.16
20260821,01,11110615,20847.26,27.29,85.05,111.68,696.83,1197.73,1464.25,1351.03,1278.38,1317.76,1291.27,998.29,781.07,707.38,1065.25,28.43,123.29,163.00,646.91,876.90,808.01,815.88,762.62,751.08,772.86,807.16,640.03,564.24,713.59
20260821,02,11110615,19482.54,27.16,83.09,102.76,627.79,1095.42,1277.75,1228.14,1161.78,1245.91,1230.48,946.02,741.44,694.76,1039.95,28.21,122.23,163.66,563.46,798.96,693.52,773.25,732.55,710.95,759.78,773.30,611.26,550.96,698.00
20260821,03,11110615,18821.46,27.16,83.24,102.82,528.87,1019.70,1179.59,1148.44,1115.78,1200.59,1213.18,943.20,706.73,681.04,1044.47,28.21,122.20,155.81,532.50,764.76,641.54,741.30,735.01,710.91,757.47,759.68,616.65,554.97,705.64
20260821,04,11110615,18484.23,27.07,83.31,101.76,480.87,959.96,1126.29,1105.55,1087.29,1155.55,1199.93,970.17,703.25,675.36,1041.31,28.21,122.20,152.29,487.19,739.21,604.75,737.56,731.53,706.94,757.34,769.50,640.03,570.76,719.05
20260821,05,11110615,19707.40,27.29,85.21,102.59,493.70,924.95,1106.94,1159.78,1131.03,1195.77,1299.95,1001.86,787.54,755.81,1119.28,28.43,123.25,144.89,461.92,753.46,592.29,751.99,775.41,699.37,776.04,860.66,841.11,790.73,916.15
20260821,06,11110615,22714.31,27.26,89.20,109.55,500.80,966.16,1183.96,1265.65,1346.42,1421.91,1530.95,1290.62,1068.77,1002.01,1338.43,28.40,123.19,171.83,518.64,881.03,688.44,812.29,810.57,782.17,820.32,938.73,1014.06,908.71,1074.24
20260821,07,11110615,32340.53,28.70,89.96,114.96,586.51,1261.96,1631.01,1828.41,2104.42,2304.59,2754.26,2120.66,1545.84,1481.61,1732.94,28.66,147.84,350.34,677.26,1240.56,1090.85,1160.88,1028.74,1116.99,1173.06,1216.62,1175.45,1079.98,1267.47
20260821,08,11110615,59143.36,35.90,79.04,127.14,819.59,2328.17,3278.94,3494.73,4251.09,4497.88,5405.40,3699.78,2340.49,2167.67,2459.50,27.84,170.14,677.52,1231.53,2803.06,2975.33,2481.02,2480.38,2318.72,2349.92,2031.26,1535.34,1482.86,1593.12
20260821,09,11110615,96898.02,40.80,70.05,233.22,1312.25,3992.67,5902.89,5961.11,6475.26,6846.60,7490.35,5338.63,3203.84,2949.92,3573.40,22.85,164.79,770.32,2150.54,5844.36,6114.14,4883.98,4581.01,4292.11,4079.76,3521.13,2462.99,2210.81,2408.24
20260821,10,11110615,120133.12,42.79,64.37,368.16,1826.13,4831.96,7157.49,6922.82,7463.91,7885.67,8449.10,6557.92,4095.51,3901.48,5372.25,24.88,156.61,923.94,2850.11,7137.06,7616.16,5898.18,5827.62,5352.22,5116.22,4560.27,3429.57,3061.05,3239.67
20260821,11,11110615,133323.15,43.01,72.73,416.62,1965.64,5281.68,7772.99,7372.56,8000.26,8269.21,8841.51,7072.78,4617.25,4540.67,7016.62,42.12,161.78,1001.98,3337.96,7689.96,8255.75,6479.51,6323.20,5879.36,5657.81,5302.23,4019.13,3751.32,4137.51
20260821,12,11110615,139910.99,30.59,94.04,434.08,2088.20,5509.84,7984.08,7555.92,8148.57,8480.06,8873.18,7182.61,4828.76,4946.65,8582.13,30.70,141.26,1098.97,3632.90,7685.49,8584.17,6754.59,6474.70,6075.07,5866.63,5663.35,4333.12,4112.33,4719.00
20260821,13,11110615,142490.40,34.90,94.21,483.73,2107.78,5480.66,7908.46,7466.40,8004.47,8441.29,9032.46,7287.00,5104.57,5150.27,9556.07,33.25,144.25,1132.77,3841.87,7691.05,8531.94,6632.55,6459.17,6024.71,5943.39,5817.06,4668.06,4216.88,5201.18
20260821,14,11110615,145056.32,29.56,150.04,515.40,2240.16,5592.08,8049.44,7491.39,7997.86,8526.25,9125.51,7254.30,5347.07,5318.78,9956.26,56.48,166.47,1167.56,4079.66,7958.79,8673.43,6526.39,6465.41,6082.76,6079.29,5887.59,4741.02,4304.53,5272.84
20260821,15,11110615,146018.71,18.77,176.05,606.94,2352.98,5688.77,8207.52,7578.13,8094.69,8523.98,9271.05,7365.14,5309.96,5432.93,9764.94,57.48,131.99,1056.19,4283.29,8225.26,8763.05,6705.18,6379.90,6054.38,6217.00,5964.78,4606.67,4144.96,5036.73
20260821,16,11110615,141335.08,37.26,125.46,744.66,2412.92,5693.83,8038.04,7497.61,7872.90,8334.17,9046.34,7141.34,5209.63,5288.25,8752.66,42.29,105.97,974.55,4280.93,8387.33,8616.49,6518.55,6163.33,5899.06,5986.28,5790.27,4240.09,3894.99,4239.88
20260821,17,11110615,134736.18,37.01,142.55,816.37,2466.97,5767.50,7922.92,7212.67,7554.67,7887.81,8703.00,6790.63,4918.08,4972.06,7705.31,32.17,128.59,971.00,4513.10,8220.49,8246.07,6316.47,5849.46,5617.80,5807.70,5267.29,3795.38,3485.58,3587.53
20260821,18,11110615,121017.20,41.19,145.82,813.26,2570.37,5766.71,7452.04,6542.74,6678.56,7157.36,7691.61,5914.26,4503.23,4280.12,6060.39,31.87,146.09,1005.51,4570.00,7821.10,7527.36,5312.75,5119.91,4904.09,5054.18,4612.03,3392.87,2967.37,2934.41
20260821,19,11110615,94549.16,28.66,127.94,752.89,2328.42,5113.75,6323.61,5130.31,4807.27,5352.85,5586.53,4519.24,3684.32,3300.83,4469.13,51.32,144.52,895.92,4440.80,6463.70,5893.22,3641.23,3474.56,3570.31,3657.67,3485.67,2675.55,2317.76,2311.18
20260821,20,11110615,77756.93,34.02,135.49,725.78,2281.72,4767.39,5612.81,4221.06,3764.92,3990.07,4377.59,3640.62,2988.29,2588.26,3271.36,45.35,162.83,873.86,4159.38,5683.90,4914.78,2840.46,2739.15,2757.00,2719.16,2748.95,2044.31,1822.30,1846.12
20260821,21,11110615,64156.83,22.70,109.75,614.12,2165.77,4351.33,5101.10,3657.94,3156.80,3236.79,3501.86,2840.36,2312.57,1859.71,2200.61,29.75,141.95,775.34,3578.11,4930.93,4238.17,2385.37,2327.93,2142.99,2209.78,2022.51,1450.51,1351.00,1441.08
20260821,22,11110615,51108.84,17.76,100.39,439.71,1938.16,3805.66,4550.73,3192.55,2572.76,2756.07,2681.59,2033.04,1621.23,1326.57,1562.43,14.01,122.30,624.18,2871.04,3995.54,3320.38,1912.20,1790.07,1633.06,1553.29,1475.26,1098.71,960.07,1140.08
20260821,23,11110615,39762.43,12.36,105.89,316.09,1566.68,3195.62,3827.42,2698.96,2036.24,2100.57,2010.18,1539.12,1286.95,943.42,1244.78,25.19,119.60,444.12,2084.87,3111.24,2513.17,1428.31,1371.65,1180.89,1081.86,1037.05,777.37,762.20,940.63
20260822,00,11110615,24302.75,28.81,93.30,180.71,814.21,1963.33,2324.36,1738.79,1238.77,1288.76,1317.15,878.85,820.56,651.19,1013.75,24.82,122.93,229.88,867.17,1472.83,1361.07,938.95,841.32,765.77,759.96,664.35,609.48,576.47,715.21
20260822,01,11110615,22638.60,28.81,93.21,180.71,716.01,1793.76,2049.46,1614.02,1151.45,1226.82,1255.42,833.76,758.22,625.98,984.49,24.82,122.93,211.27,760.78,1342.41,1221.63,889.31,806.55,731.94,734.72,644.34,594.70,556.19,684.89
20260822,02,11110615,20653.58,28.81,93.17,157.12,685.62,1522.27,1750.65,1436.61,1029.17,1121.82,1174.08,772.21,738.70,615.88,965.76,24.82,122.85,173.82,636.40,1173.96,1063.30,792.82,770.07,676.57,705.43,622.32,566.64,548.76,683.95
20260822,03,11110615,18879.64,28.81,93.17,157.24,568.11,1278.91,1538.66,1257.03,915.74,1065.01,1091.90,745.52,683.76,592.44,961.53,24.82,122.85,154.81,551.32,1038.67,892.96,719.62,693.03,645.03,680.47,611.88,551.14,534.80,680.41
20260822,04,11110615,17913.43,28.81,93.17,133.85,482.71,1074.79,1395.57,1187.02,887.86,1025.56,1053.18,733.63,664.65,578.05,964.82,24.82,122.91,145.00,505.39,939.40,804.77,712.49,677.39,630.79,668.91,615.04,556.34,522.58,683.93
20260822,05,11110615,17512.98,28.81,93.17,122.05,447.78,967.60,1235.42,1111.23,874.91,1006.47,1034.69,754.79,706.22,611.11,1044.55,24.82,122.94,136.44,484.87,869.10,724.35,682.95,651.78,625.70,669.10,632.63,569.75,558.43,721.32
20260822,06,11110615,18354.14,28.81,93.17,112.72,382.72,940.69,1195.41,1068.91,902.49,1038.42,1085.50,842.06,839.74,776.20,1224.48,24.85,120.42,136.32,491.54,843.81,743.02,716.14,646.22,661.95,684.59,675.13,645.50,613.98,819.35
20260822,07,11110615,20653.24,29.00,93.85,113.81,396.80,998.77,1214.43,1133.78,955.13,1154.35,1250.96,1065.39,1050.83,1021.98,1529.26,24.83,121.30,166.76,514.08,938.66,793.00,756.99,696.41,716.29,762.57,701.71,759.75,689.44,1003.11
20260822,08,11110615,24292.84,29.34,94.55,144.01,426.30,1067.86,1321.18,1258.34,1096.21,1308.25,1475.04,1266.91,1375.59,1257.14,1906.51,25.05,127.86,215.18,611.22,1059.83,925.60,879.59,837.06,852.05,927.07,861.02,870.13,883.17,1190.78
20260822,09,11110615,31470.46,46.03,101.39,213.03,706.96,1342.35,1643.74,1507.37,1319.26,1493.21,1720.64,1571.32,1727.85,1617.12,2568.65,30.78,167.95,330.42,942.30,1476.64,1349.54,1111.57,1070.72,1114.80,1313.07,1213.79,1134.58,1152.73,1482.65
20260822,10,11110615,43074.54,52.69,206.10,313.02,1005.58,1850.78,2151.00,1826.29,1635.74,1998.32,2098.29,2001.37,2139.25,2115.00,3696.90,47.16,217.71,439.34,1359.87,2165.52,1914.92,1537.01,1593.96,1613.32,1975.03,1707.82,1634.13,1653.30,2125.12
20260822,11,11110615,54912.44,70.66,239.49,374.26,1229.39,2211.64,2567.56,2128.26,1894.30,2200.50,2479.39,2278.71,2632.10,2608.63,5335.21,71.75,301.74,558.88,1734.51,2686.82,2547.80,1929.61,2015.29,2079.15,2609.98,2358.77,2196.45,2301.36,3270.23
20260822,12,11110615,67953.03,101.92,324.03,563.77,1466.34,2583.68,3097.80,2492.71,2240.07,2559.05,2802.71,2571.31,2901.17,3320.17,7333.83,71.69,353.31,718.15,2285.60,3593.36,3178.17,2456.61,2432.66,2623.86,3097.63,3092.38,2754.06,2820.20,4116.79
20260822,13,11110615,79232.47,135.56,435.77,664.68,1715.64,3236.25,3604.61,2817.57,2513.69,2788.70,3097.54,2896.37,3137.66,3673.18,8635.01,146.48,438.92,888.87,2772.61,4440.18,3983.70,3056.51,2949.76,3111.16,3476.60,3575.68,3119.75,3420.03,4499.99
20260822,14,11110615,84610.77,129.74,518.42,712.65,1869.27,3704.10,3982.99,2932.03,2707.49,2842.03,3073.88,2910.99,3188.03,3939.65,8780.93,210.40,553.32,1065.83,3225.00,5116.10,4394.79,3402.52,3242.24,3371.75,3633.27,3757.31,3326.63,3479.90,4539.51
20260822,15,11110615,86414.61,109.53,491.23,819.67,1979.83,4025.21,4276.18,3152.42,2741.37,2885.14,3017.49,3005.68,3242.07,3825.96,8146.53,223.51,653.88,1212.22,3668.53,5614.04,4809.82,3513.17,3325.39,3393.38,3633.15,3747.51,3248.71,3264.58,4388.41
20260822,16,11110615,85318.28,132.58,443.68,831.73,2056.00,4492.02,4538.59,3246.89,2711.80,2950.69,2967.31,2996.85,3119.12,3707.77,7125.48,217.65,638.04,1251.46,3943.71,5951.87,4972.26,3481.78,3181.38,3298.53,3658.55,3607.96,2997.20,2979.27,3818.11
20260822,17,11110615,81557.81,110.70,372.08,806.28,2024.88,4630.83,4655.02,3218.70,2688.07,2818.21,2990.74,2985.41,3102.21,3734.74,6058.67,250.26,593.20,1227.51,3879.94,5951.34,5056.66,3214.08,3071.73,3152.24,3359.20,3347.86,2687.79,2512.74,3056.72
20260822,18,11110615,77503.97,93.67,341.46,817.41,2139.66,4896.41,4967.57,3343.57,2682.63,2688.82,2953.44,2814.00,2928.14,3417.65,4951.51,152.89,499.99,1141.19,3943.83,6172.40,5021.47,3002.43,2802.61,2794.15,2934.34,2949.40,2408.18,2151.31,2493.84
20260822,19,11110615,71147.82,75.35,230.82,768.90,2273.07,5068.07,5198.78,3362.63,2631.39,2543.31,2824.14,2567.18,2545.21,2884.59,3859.45,134.07,467.74,1095.37,3759.46,6123.70,4666.32,2689.67,2316.04,2377.24,2436.93,2461.55,2029.28,1796.57,1960.99
20260822,20,11110615,63703.90,57.73,264.52,629.87,2173.90,4858.25,5126.44,3333.84,2443.81,2232.54,2583.40,2318.14,2110.28,2309.55,2951.14,100.35,354.61,978.43,3598.54,5896.69,4187.81,2420.29,2028.97,2065.41,2058.91,2019.62,1602.34,1461.86,1536.66
20260822,21,11110615,53664.42,56.55,203.75,539.43,2011.22,4484.02,4890.18,3072.20,2225.61,1994.95,2231.04,1872.74,1634.00,1605.36,2007.79,80.44,265.55,751.63,3105.53,5161.90,3616.22,2068.18,1643.80,1570.87,1630.74,1514.01,1232.64,1099.84,1094.23
20260822,22,11110615,43610.32,45.39,152.80,428.65,1803.81,3972.97,4356.56,2728.61,1905.89,1632.90,1881.94,1490.25,1293.88,1146.80,1484.71,85.81,156.90,564.09,2483.78,4241.83,2910.36,1599.05,1201.50,1150.41,1201.77,1072.12,914.58,790.14,912.82
20260822,23,11110615,35294.74,33.76,143.29,316.12,1445.86,3271.72,3739.42,2352.96,1666.31,1392.94,1618.52,1193.52,1068.61,913.92,1136.98,68.36,135.62,398.83,1854.11,3263.68,2205.48,1221.41,934.23,896.32,970.01,824.63,775.11,645.30,807.72
20260823,00,11110615,24874.37,29.16,116.05,167.32,888.78,2230.69,2563.27,1820.21,1335.81,1122.58,1285.90,911.41,813.95,718.13,940.45,34.90,115.12,245.34,878.36,1778.25,1363.02,843.75,729.34,678.87,749.00,670.53,634.77,527.35,682.06
20260823,01,11110615,23611.50,29.16,111.44,157.74,850.35,2056.79,2347.04,1728.81,1226.74,1097.56,1229.56,871.75,754.08,679.16,936.88,34.90,126.03,246.56,839.10,1657.57,1241.07,819.37,719.70,667.66,731.74,666.30,617.44,505.77,661.23
20260823,02,11110615,21720.83,29.16,111.35,139.06,790.50,1825.31,1984.52,1549.38,1072.07,1024.52,1175.09,810.69,697.93,653.86,921.65,34.90,126.03,243.52,720.85,1468.96,1081.75,780.52,695.16,668.14,708.65,648.06,597.25,498.83,663.12
20260823,03,11110615,19996.13,29.16,111.35,127.78,662.63,1528.27,1699.49,1399.26,1010.06,964.78,1106.40,763.05,652.29,614.95,908.77,34.90,126.03,213.27,607.34,1305.32,993.64,750.47,661.76,649.26,713.64,624.66,578.15,498.73,660.72
20260823,04,11110615,18709.17,34.65,111.19,116.71,575.90,1278.33,1517.81,1245.61,948.30,936.54,1044.92,741.14,630.38,572.76,903.57,34.85,139.26,204.25,550.63,1160.27,928.30,682.88,663.91,636.54,692.58,623.25,581.40,498.30,654.94
20260823,05,11110615,18014.67,34.65,114.71,113.65,499.40,1150.14,1289.83,1165.11,891.42,895.73,1068.91,760.40,678.42,588.41,916.52,34.85,139.26,195.29,506.30,1095.66,869.15,657.96,642.30,635.87,684.20,615.53,584.04,503.91,683.05
20260823,06,11110615,18446.83,34.65,114.71,110.55,419.95,1035.38,1145.28,1138.02,872.35,883.83,1075.39,809.84,754.75,704.06,1078.92,34.85,139.26,181.81,528.03,1070.36,864.26,666.47,644.60,640.12,734.44,700.34,639.59,629.92,795.10
20260823,07,11110615,19619.24,40.47,115.86,125.50,408.13,1009.62,1154.47,1129.23,900.19,940.28,1168.59,952.26,885.51,760.58,1189.33,35.13,151.44,195.33,551.39,1106.71,890.42,692.54,680.77,684.33,770.40,751.75,701.90,743.53,883.58
20260823,08,11110615,21409.11,40.47,135.79,129.35,446.30,1076.88,1211.01,1186.45,1010.34,1063.05,1333.27,1042.47,967.54,858.86,1337.79,35.13,181.08,224.22,611.10,1188.17,986.08,753.14,743.30,795.06,791.05,804.81,748.44,754.23,953.73
20260823,09,11110615,25840.82,46.43,159.61,166.48,585.50,1266.65,1444.11,1326.91,1145.19,1199.75,1490.99,1203.88,1147.12,1089.40,1684.78,52.28,180.32,300.98,839.40,1441.57,1201.20,961.43,907.01,970.73,960.24,1008.77,920.72,920.61,1218.76
20260823,10,11110615,33401.25,63.75,227.73,285.64,793.03,1552.35,1766.01,1535.49,1397.14,1458.47,1798.77,1449.78,1395.72,1295.18,2328.76,82.23,267.78,403.49,1163.83,1800.26,1578.91,1316.72,1236.44,1426.29,1287.76,1307.72,1224.91,1195.73,1761.36
20260823,11,11110615,42343.00,65.01,357.22,355.05,938.44,1821.02,2135.60,1706.63,1670.11,1658.01,2082.34,1709.94,1687.85,1763.28,3366.11,134.90,435.57,529.09,1428.96,2288.71,2007.06,1647.49,1667.02,1701.10,1807.43,1800.03,1587.38,1545.65,2446.00
20260823,12,11110615,51441.19,124.67,465.40,459.32,1143.75,2154.57,2557.37,2001.42,1971.30,1998.64,2244.51,1972.21,1907.53,2145.85,4246.99,143.09,500.07,635.62,1845.18,2838.64,2618.82,2102.34,2110.28,2160.46,2123.86,2196.51,1991.22,1898.49,2883.08
20260823,13,11110615,60174.96,165.01,484.89,544.78,1368.29,2535.31,2941.35,2233.93,2293.91,2265.31,2437.34,2090.25,2185.88,2475.39,5125.12,169.93,586.38,708.01,2396.43,3562.97,3237.63,2582.15,2652.01,2476.16,2411.39,2555.58,2203.48,2143.05,3343.03
20260823,14,11110615,65597.04,160.44,547.39,586.64,1537.88,2791.47,3279.90,2490.78,2420.96,2313.02,2613.40,2317.87,2410.73,2583.35,5494.10,229.87,749.30,881.68,2866.28,4016.29,3752.51,2870.16,2829.59,2656.94,2664.49,2672.90,2277.22,2186.94,3394.94
20260823,15,11110615,68088.57,135.94,511.54,660.97,1761.52,3242.78,3514.02,2661.84,2540.56,2413.48,2621.93,2441.99,2392.51,2603.85,5378.06,235.31,750.46,1062.13,3163.14,4450.58,3918.59,2945.01,2954.24,2684.04,2655.17,2697.79,2266.92,2198.45,3225.75
20260823,16,11110615,66892.19,151.83,468.94,738.00,1909.57,3513.59,3777.57,2687.51,2509.48,2376.49,2539.99,2320.41,2253.19,2506.85,4742.07,253.55,760.45,1107.34,3276.22,4801.82,3961.62,2879.85,2760.43,2613.05,2542.66,2632.03,1941.67,2035.19,2830.82
20260823,17,11110615,63854.06,151.08,435.63,701.37,2055.33,3773.49,3806.07,2695.79,2348.69,2185.74,2393.00,2114.23,2061.02,2307.81,4088.83,200.83,633.81,1221.75,3480.55,5045.71,3947.32,2694.41,2438.28,2451.76,2294.14,2388.82,1747.90,1804.65,2386.05
20260823,18,11110615,60290.39,155.50,373.15,676.70,2274.25,4043.29,3700.76,2658.38,2277.45,2067.64,2281.28,1897.04,1865.66,1997.70,3364.42,135.40,531.34,1266.48,3765.41,5153.53,3775.16,2438.59,2230.36,2134.85,2093.31,2099.62,1556.76,1518.89,1957.47
20260823,19,11110615,53343.28,138.52,335.84,640.62,2360.12,3752.32,3564.40,2400.42,1967.61,1735.78,1984.46,1646.23,1584.73,1644.51,2683.29,133.13,392.47,1135.31,3750.57,4853.30,3394.28,2141.96,1799.60,1717.61,1761.76,1654.95,1400.09,1235.53,1533.87
20260823,20,11110615,44221.39,97.74,241.00,610.49,2180.28,3279.44,3126.75,2060.91,1680.44,1477.21,1580.19,1355.97,1324.60,1313.39,1926.53,62.73,288.40,949.59,3336.68,4297.75,2723.49,1718.16,1333.16,1355.62,1388.43,1317.17,1051.65,979.00,1164.62
20260823,21,11110615,36580.88,78.11,179.67,559.60,1953.67,2857.94,2729.74,1759.73,1437.33,1302.45,1389.88,1124.70,1134.24,1031.73,1484.12,22.52,205.61,714.58,2881.65,3512.78,2106.02,1358.63,1036.07,1056.39,1143.80,1002.05,784.13,795.06,938.68
20260823,22,11110615,28747.67,55.75,87.54,432.34,1525.92,2302.93,2167.26,1495.91,1258.21,1147.10,1183.46,898.40,917.87,810.50,1208.27,17.06,156.85,557.07,2117.25,2482.54,1493.44,1048.26,783.53,788.65,867.75,809.31,671.53,671.03,791.94
20260823,23,11110615,23180.68,55.93,74.74,284.81,1073.69,1822.49,1746.41,1320.18,1098.35,1021.06,1062.67,831.60,771.50,688.57,1045.46,22.42,121.70,410.47,1470.54,1753.99,1036.98,831.26,691.66,687.37,726.71,661.34,596.47,587.99,684.32
20260824,00,11110615,19211.96,43.51,81.66,154.92,685.11,1250.35,1325.81,1189.00,1048.65,1054.79,1121.28,786.03,723.81,617.13,981.89,22.29,111.36,162.50,671.16,1102.37,742.91,725.07,675.57,683.70,751.36,668.45,594.60,559.90,676.78
20260824,01,11110615,18609.12,43.51,81.66,140.53,630.92,1188.26,1250.29,1154.38,1032.70,1029.30,1096.03,770.65,699.42,602.10,983.67,22.29,116.62,157.87,614.65,1018.85,696.21,712.89,671.08,678.23,752.14,655.22,600.13,545.61,663.91
20260824,02,11110615,17822.77,43.51,84.90,129.37,586.50,1066.84,1138.13,1043.36,1001.20,987.90,1062.75,762.80,707.63,607.68,958.94,22.29,116.52,151.23,570.06,937.50,659.25,698.17,642.45,660.00,749.66,656.87,581.71,541.54,654.01
20260824,03,11110615,17466.28,43.51,84.90,122.09,515.59,1003.31,1102.26,1004.91,993.65,966.00,1070.58,765.22,705.97,602.15,939.73,22.29,116.35,136.26,537.65,915.90,657.08,683.55,649.90,649.66,742.54,664.59,577.68,537.08,655.88
20260824,04,11110615,17373.31,43.51,84.85,109.83,481.65,967.02,1063.89,984.32,984.60,977.92,1079.85,781.53,700.39,601.95,972.19,22.29,116.40,121.05,513.02,885.82,652.96,673.30,655.80,633.67,747.72,681.13,600.20,550.80,685.65
20260824,05,11110615,18387.24,43.51,84.75,103.45,466.09,915.98,1033.36,972.33,1035.36,1013.27,1149.07,833.21,776.83,680.64,1068.77,22.29,116.50,123.85,496.71,908.99,643.55,682.80,666.73,634.46,755.98,748.80,800.60,745.24,864.12
20260824,06,11110615,21866.09,43.51,84.85,107.69,437.24,974.52,1146.87,1164.84,1230.92,1293.18,1522.19,1221.83,1074.30,923.59,1272.52,22.29,107.43,119.29,553.84,1009.58,759.10,768.11,747.64,709.30,848.84,829.67,998.36,868.60,1025.99
20260824,07,11110615,32756.11,44.23,82.88,99.75,555.61,1309.37,1665.02,1768.75,2033.74,2369.23,2710.12,2196.11,1678.46,1414.04,1741.01,22.66,127.72,336.11,706.72,1455.28,1194.48,1171.01,1010.92,1094.52,1248.38,1122.43,1171.56,1123.96,1302.04
20260824,08,11110615,62760.04,50.47,96.14,138.80,740.01,2448.40,3602.16,3781.90,4482.49,4895.53,5752.02,4255.89,2574.79,2152.28,2468.26,28.61,168.12,629.63,1242.95,3166.42,3204.32,2729.93,2471.86,2465.69,2434.67,1987.84,1575.10,1512.98,1702.78
20260824,09,11110615,104856.14,59.56,85.70,235.08,1349.69,4305.37,6427.36,6390.47,7090.54,7639.16,8219.57,6214.77,3774.34,3175.60,3800.84,36.08,167.03,748.20,2127.95,6371.76,6482.02,5260.70,4852.26,4623.25,4316.75,3661.50,2604.47,2381.55,2454.57
20260824,10,11110615,122117.75,47.44,78.06,318.34,1727.59,4893.16,7206.22,6981.53,7793.11,8192.94,8826.34,6997.85,4539.40,3962.13,5630.70,40.69,172.49,836.78,2686.18,7302.09,7444.82,5962.10,5663.66,5383.98,5088.50,4582.26,3369.94,3162.59,3226.86
20260824,11,11110615,135767.04,47.72,88.45,367.66,1968.95,5260.54,7684.54,7451.08,8264.32,8523.48,9359.94,7517.66,5087.29,4715.68,7243.26,36.53,159.18,929.32,3112.06,7846.29,8008.96,6462.36,6281.95,6054.04,5815.42,5319.35,4153.81,3798.80,4208.40
20260824,12,11110615,146045.88,42.47,105.79,446.40,2167.55,5607.36,7847.86,7739.60,8531.29,8996.32,9701.76,7956.76,5344.18,5178.37,8886.06,41.44,164.78,1031.77,3543.76,8260.93,8640.06,6790.43,6660.64,6407.73,6295.35,5694.45,4570.86,4246.42,5145.49
20260824,13,11110615,147653.35,42.46,84.43,492.65,2130.06,5534.68,7978.61,7734.38,8529.35,8892.86,9799.05,8035.42,5255.85,5403.69,9526.60,52.96,145.51,1037.32,3819.61,8103.23,8737.43,6861.73,6526.36,6264.77,6419.90,5799.18,4665.40,4366.45,5413.41
20260824,14,11110615,148572.53,36.57,107.51,488.76,2372.86,5702.56,8077.90,7840.14,8561.09,8938.14,9739.36,8180.36,5332.18,5443.31,9804.45,41.46,116.34,1035.23,3869.83,8280.15,8663.61,6831.20,6502.70,6223.49,6385.08,5677.77,4646.22,4381.26,5293.00
20260824,15,11110615,147500.29,36.49,90.61,543.43,2468.96,5710.52,8079.88,7885.74,8528.77,8913.72,9867.05,8111.11,5326.04,5368.63,9467.93,41.57,66.60,1116.25,4007.58,8310.23,8742.25,6746.18,6356.29,6105.01,6357.63,5649.27,4547.76,4069.24,4985.55
20260824,16,11110615,141343.79,30.54,84.21,635.74,2534.05,5653.05,8003.61,7596.95,8385.20,8717.95,9629.06,7821.74,5155.92,5192.05,8114.98,41.37,82.53,1044.30,4341.53,8219.78,8460.48,6545.38,6119.14,5960.03,6188.65,5288.23,3978.25,3571.84,3947.23
20260824,17,11110615,132995.70,24.70,104.28,726.32,2546.13,5547.90,7777.32,7278.17,8096.65,8444.54,9309.36,7497.22,4906.00,4621.46,6717.90,40.96,89.02,945.85,4352.18,8100.83,8103.19,6164.06,5808.62,5680.36,5665.93,4831.36,3437.77,2979.52,3198.10
20260824,18,11110615,120213.51,29.85,116.77,805.42,2688.18,5544.65,7340.26,6683.66,7395.08,7782.59,8351.44,6662.47,4320.03,3797.55,5262.43,49.46,93.47,1055.45,4567.45,7598.73,7313.25,5317.67,4960.29,5050.87,5081.70,4126.12,3006.50,2560.02,2652.15
20260824,19,11110615,87052.39,33.85,110.85,725.89,2420.93,4495.91,5538.94,4681.73,5197.79,5432.85,5943.46,4798.75,3171.08,2602.59,3712.29,52.08,119.44,1035.43,4056.98,5443.94,5037.64,3387.81,2956.41,3374.22,3480.36,2867.68,2345.09,1962.65,2065.75
20260824,20,11110615,66356.94,28.92,85.87,675.75,2130.40,3703.31,4330.65,3524.74,3874.49,4109.96,4272.38,3561.20,2396.39,1962.84,2514.58,49.94,110.74,1024.80,3519.77,4329.52,3612.74,2457.80,2167.42,2389.76,2539.86,2074.97,1725.63,1528.51,1654.00
20260824,21,11110615,52015.89,27.81,76.71,557.98,1881.44,3095.63,3567.07,2907.39,3073.26,3161.41,3187.13,2661.83,1791.26,1458.54,1775.56,44.46,101.66,889.52,2988.29,3514.13,2775.67,1860.92,1618.72,1786.15,1856.43,1541.62,1326.02,1163.07,1326.21
20260824,22,11110615,37965.46,27.50,80.70,397.30,1557.90,2393.31,2746.83,2172.90,2304.60,2288.74,2196.58,1802.76,1249.63,1060.53,1354.38,27.78,75.44,714.22,2195.96,2524.03,2002.56,1319.02,1088.38,1176.33,1316.65,1092.42,930.29,863.28,1005.44
20260824,23,11110615,28544.66,27.25,80.10,269.16,1235.51,1851.96,1964.89,1650.62,1688.13,1741.55,1638.33,1337.10,923.06,812.72,1119.77,32.92,80.25,450.10,1543.12,1823.35,1350.06,1045.10,826.78,908.65,994.05,874.40,768.08,677.88,829.77
20260825,00,11110615,21032.98,28.61,75.57,142.76,682.76,1297.84,1333.48,1189.65,1241.41,1241.77,1289.29,1111.38,740.27,687.48,1065.10,32.91,90.87,200.40,745.60,1123.50,868.71,776.85,658.53,797.44,839.48,774.52,657.24,603.81,735.75
20260825,01,11110615,20104.58,28.61,75.57,144.00,639.08,1206.19,1230.35,1129.73,1197.36,1181.29,1261.94,1053.77,720.62,655.27,1057.44,32.91,90.87,182.83,696.44,1036.75,809.17,753.53,655.73,748.60,827.45,742.87,646.57,578.53,721.11
20260825,02,11110615,19395.56,28.61,75.47,138.85,582.34,1092.71,1156.97,1077.19,1155.19,1172.05,1232.62,1024.06,699.30,637.74,1029.89,32.91,90.97,183.96,672.61,965.56,746.47,740.70,642.67,742.44,807.32,728.93,643.82,562.18,732.03
20260825,03,11110615,18831.58,28.61,72.24,133.10,517.43,999.60,1063.15,1033.34,1125.47,1127.74,1233.03,1005.55,692.22,639.59,1026.38,32.91,90.90,183.81,647.44,921.05,713.48,718.79,627.36,734.09,808.88,729.54,626.15,561.96,737.77
20260825,04,11110615,18663.48,28.61,72.24,138.76,456.39,974.69,1069.24,1028.31,1091.39,1135.53,1211.22,999.59,681.39,632.56,1026.43,32.91,90.90,178.26,638.61,891.39,677.46,713.35,622.45,741.73,806.41,746.89,658.46,564.49,753.82
20260825,05,11110615,19730.62,28.61,72.24,134.30,447.07,945.04,1061.91,1056.99,1105.47,1142.96,1257.82,1041.10,756.85,738.28,1143.55,32.91,90.90,180.13,641.61,891.69,680.85,716.34,641.21,725.38,824.17,824.99,831.64,812.50,904.11
20260825,06,11110615,22770.23,28.57,72.12,134.94,454.08,968.19,1112.94,1202.85,1255.86,1353.46,1527.07,1312.30,987.17,1014.14,1409.95,38.26,90.82,196.38,697.57,988.30,800.81,790.86,701.14,836.48,900.23,911.83,1014.10,913.81,1056.00
20260825,07,11110615,33140.98,29.04,82.24,130.22,547.27,1294.48,1591.23,1771.06,2076.54,2323.92,2671.42,2221.06,1526.54,1449.96,1866.34,38.91,99.02,405.81,849.57,1387.91,1263.10,1223.91,951.86,1220.20,1212.02,1223.64,1208.10,1144.48,1331.13
20260825,08,11110615,62410.20,46.16,86.63,151.95,722.20,2383.39,3539.16,3757.95,4480.61,4870.58,5394.96,4290.03,2385.30,2134.14,2650.96,50.72,144.42,680.35,1364.13,3055.67,3190.12,2882.47,2472.12,2524.68,2352.41,1995.21,1551.57,1483.39,1768.92
20260825,09,11110615,102681.50,41.17,83.99,244.23,1226.63,4201.80,6241.74,6277.91,7028.60,7484.84,7936.60,6031.35,3401.91,2963.77,3937.30,57.37,144.66,775.36,2219.47,6246.01,6531.14,5258.32,4857.29,4614.76,4176.58,3495.07,2427.17,2239.39,2537.07
20260825,10,11110615,127228.89,42.80,85.41,373.24,1711.84,5047.53,7502.52,7212.41,8119.83,8573.64,9000.10,7184.23,4422.91,3944.74,5721.49,43.79,158.63,938.18,2935.31,7683.55,7935.14,6427.79,6171.82,5610.91,5480.15,4683.19,3468.69,3165.86,3583.19
20260825,11,11110615,139025.13,53.27,103.38,407.81,1907.20,5352.58,7890.24,7612.66,8635.15,8992.02,9366.18,7653.17,4981.97,4529.10,7390.69,35.35,144.33,974.27,3237.19,8098.16,8401.77,6849.29,6675.11,6208.91,5968.96,5385.12,3957.48,3822.09,4391.68
20260825,12,11110615,152728.09,55.48,138.33,473.40,2089.71,5803.89,8430.57,8056.63,9120.70,9460.23,9782.63,8236.58,5524.25,5313.66,9147.91,49.13,156.64,1054.43,3739.23,8871.06,9091.89,7434.81,7067.66,6880.39,6592.28,5917.42,4483.94,4381.00,5374.24
20260825,13,11110615,152690.45,53.72,112.42,519.52,2174.80,5620.32,8346.94,7927.11,8868.37,9273.27,9747.50,8053.41,5495.12,5548.62,9971.61,64.72,141.61,1144.29,3890.89,8719.48,8969.05,7295.55,6836.49,6617.59,6666.40,5956.80,4630.70,4450.33,5593.82
20260825,14,11110615,154198.86,36.29,112.64,575.90,2250.23,5742.26,8491.07,7913.92,8859.02,9281.70,9733.39,8176.97,5701.16,5688.76,10334.53,47.42,139.57,1213.99,4078.15,8582.72,9043.44,7268.19,6794.81,6579.01,6743.95,5940.48,4737.62,4425.98,5705.69
20260825,15,11110615,152740.18,42.01,92.87,560.47,2282.58,5803.35,8496.97,7891.75,8856.47,9310.76,9663.84,8080.39,5713.85,5627.60,10107.09,53.17,122.67,1133.70,4301.81,8665.99,9112.10,7136.49,6630.77,6386.95,6664.04,5880.22,4558.81,4229.53,5333.93
20260825,16,11110615,146539.84,30.23,92.73,589.22,2392.96,5740.21,8435.15,7615.79,8589.61,9062.38,9534.59,7891.19,5417.17,5274.24,8974.45,58.24,125.56,1129.30,4334.87,8604.80,8841.75,6822.80,6402.17,6190.64,6496.78,5586.56,4159.89,3740.93,4405.63
20260825,17,11110615,141359.59,36.62,121.62,667.72,2548.29,5711.60,8424.01,7516.89,8617.64,8958.65,9398.40,7668.77,5221.05,4996.81,7658.29,47.75,107.99,1064.81,4445.24,8579.46,8660.17,6507.95,6156.52,6055.74,6217.10,5266.43,3837.13,3135.03,3731.91
20260825,18,11110615,123107.46,30.96,116.10,668.82,2439.85,5229.27,7813.04,6872.44,7459.14,7990.00,8219.35,6687.00,4404.74,4107.23,5915.18,47.31,87.85,1033.98,4336.07,7756.00,7573.35,5367.93,5316.08,5261.27,5266.38,4377.37,3262.02,2549.90,2918.83
20260825,19,11110615,93056.11,36.03,101.87,625.39,2278.55,4339.07,5866.80,5115.44,5540.77,5904.39,6288.13,5009.10,3493.76,3056.86,4276.23,39.74,81.24,890.47,3971.12,6060.94,5460.66,3742.59,3535.43,3585.04,3660.40,3242.64,2562.58,2075.41,2215.46
20260825,20,11110615,71974.25,31.73,110.78,580.77,2123.22,3778.87,4709.06,4087.60,4260.48,4508.84,4572.33,3752.40,2656.40,2310.49,2854.31,33.73,89.24,801.13,3639.22,4794.62,4112.06,2693.34,2449.46,2555.69,2650.63,2345.53,2009.78,1683.60,1778.94
20260825,21,11110615,56602.75,31.36,91.65,512.03,1844.31,3195.58,3858.89,3350.27,3393.28,3510.58,3601.34,2826.65,1904.63,1625.03,1987.60,28.06,82.81,710.77,3028.12,3979.15,3191.56,1997.66,1895.56,1930.30,2048.79,1804.74,1468.06,1288.90,1415.07
20260825,22,11110615,41188.86,29.90,83.85,395.16,1444.16,2502.73,2978.41,2584.35,2484.23,2548.17,2620.56,1901.96,1375.08,1042.51,1474.63,22.39,77.96,520.51,2233.14,2870.83,2175.51,1421.08,1307.96,1370.08,1384.96,1245.53,1033.25,927.80,1132.16
20260825,23,11110615,30366.00,24.24,71.96,284.33,1091.94,1856.53,2251.91,1957.21,1769.99,1871.04,1964.34,1421.31,1013.91,815.22,1230.30,22.04,76.91,340.56,1463.89,1968.90,1405.99,1016.81,905.14,1044.69,1070.65,962.66,832.45,699.25,931.83
20260826,00,11110615,21562.74,23.20,77.31,159.84,699.66,1274.92,1490.87,1364.49,1194.27,1233.69,1401.34,1015.66,860.20,658.46,1097.26,27.33,98.10,195.31,749.67,1107.96,788.66,793.12,690.03,858.35,819.95,829.29,676.63,593.51,783.66
20260826,01,11110615,20380.24,23.20,77.31,146.40,647.90,1157.65,1365.25,1287.22,1116.66,1165.13,1335.34,965.69,813.00,629.39,1060.84,27.33,98.10,196.70,690.73,1016.54,718.79,749.63,644.92,825.73,797.52,802.60,666.31,591.58,762.78
20260826,02,11110615,19439.35,17.79,77.31,143.16,589.42,1051.94,1237.64,1230.52,1056.96,1125.84,1300.19,930.39,760.78,609.64,1030.36,27.33,98.10,189.45,644.84,934.77,668.71,715.01,621.53,794.77,801.00,789.31,654.88,580.01,757.70
20260826,03,11110615,19007.53,17.79,77.24,135.12,546.98,1025.43,1166.10,1181.22,1018.02,1102.89,1296.62,924.46,769.60,615.65,1014.25,27.33,98.10,189.45,604.28,895.74,627.42,694.32,614.02,783.74,801.17,787.97,653.15,575.20,764.27
20260826,04,11110615,18735.34,17.81,77.24,132.03,485.71,992.21,1115.26,1159.24,1004.36,1089.12,1283.25,928.48,786.01,614.20,1018.76,27.33,98.10,184.00,569.65,865.51,592.96,680.76,606.31,776.82,793.17,790.23,687.59,575.52,783.71
20260826,05,11110615,19684.88,23.22,77.24,132.08,431.32,965.70,1078.57,1159.46,1028.38,1097.00,1327.74,973.95,871.95,682.67,1101.58,27.33,98.13,178.46,552.67,844.25,614.43,686.35,639.71,782.73,828.83,877.12,880.96,789.73,933.32
20260826,06,11110615,22836.28,23.22,71.84,131.89,422.22,941.56,1144.22,1328.81,1234.71,1336.89,1637.72,1241.78,1105.49,976.16,1316.20,27.33,98.06,189.06,622.04,964.93,713.84,765.57,696.26,876.78,896.67,980.05,1054.41,928.16,1110.41
20260826,07,11110615,33642.38,29.18,73.04,126.77,499.20,1213.92,1629.03,1960.92,2211.93,2430.73,2792.26,2257.36,1591.18,1444.15,1822.95,27.80,113.28,357.15,769.45,1303.28,1205.50,1189.96,978.31,1282.83,1308.25,1266.10,1280.45,1149.43,1327.97
20260826,08,11110615,63972.27,40.68,65.83,160.57,723.95,2273.98,3577.50,3953.57,4514.70,4957.13,5810.43,4388.80,2565.68,2181.68,2695.81,44.87,155.68,676.06,1355.69,3091.20,3213.75,2829.49,2488.85,2688.35,2518.14,2101.59,1622.58,1532.28,1743.43
20260826,09,11110615,103212.35,41.35,69.18,222.39,1249.54,4003.26,6343.47,6273.23,6972.27,7420.09,8091.19,6104.25,3580.20,3133.60,3813.66,51.42,152.54,758.15,2164.49,6195.97,6527.94,5295.51,4730.95,4716.33,4365.63,3597.80,2521.36,2348.03,2468.55
20260826,10,11110615,123809.38,35.97,64.20,363.33,1677.50,4658.60,7406.08,7034.66,7721.02,8307.89,8996.59,6940.65,4364.60,4019.75,5670.71,51.88,145.16,889.44,2858.12,7380.92,7791.34,6162.29,5748.90,5639.08,5354.82,4677.91,3459.27,3066.37,3322.33
20260826,11,11110615,137773.70,30.50,64.62,388.05,1920.46,4995.19,7883.77,7540.48,8379.25,8972.10,9561.34,7518.61,4919.13,4794.08,7347.42,40.74,152.35,968.27,3272.17,7937.23,8391.96,6736.75,6486.46,6154.36,5893.51,5289.15,4173.79,3704.99,4256.97
20260826,12,11110615,148114.42,30.86,88.44,421.88,2080.01,5277.57,8393.97,7741.43,8653.57,9399.05,9767.94,7935.42,5336.05,5219.42,8947.81,35.27,155.33,1099.87,3644.97,8510.81,9032.52,7093.32,6861.75,6464.59,6255.41,5838.41,4637.48,4202.57,4988.70
20260826,13,11110615,151456.05,42.56,80.20,466.86,2145.85,5358.27,8356.61,7836.35,8637.18,9161.56,9867.36,7966.05,5619.67,5437.80,10211.55,46.86,135.99,1246.75,3879.36,8524.57,9063.89,6970.19,6779.66,6342.51,6405.18,6144.52,4812.31,4440.61,5475.78
20260826,14,11110615,153294.52,54.07,75.08,535.36,2172.68,5522.17,8423.10,7894.34,8687.80,9168.78,9797.42,7989.21,5656.64,5604.96,10578.76,52.85,136.38,1332.97,4052.02,8578.18,9073.59,7016.92,6693.87,6429.99,6492.08,6181.00,4802.26,4588.29,5703.75
20260826,15,11110615,152235.47,36.76,80.46,613.34,2257.99,5650.27,8503.83,7845.70,8614.18,9056.46,9888.65,7958.43,5674.30,5467.21,10150.40,46.90,138.51,1289.25,4347.24,8830.30,8916.53,7015.25,6534.81,6299.87,6435.16,6018.40,4733.25,4411.54,5420.48
20260826,16,11110615,147266.69,47.87,79.81,709.17,2437.45,5599.61,8374.70,7702.51,8486.54,8857.01,9680.15,7686.94,5538.13,5253.09,9033.49,46.51,132.47,1166.91,4461.26,8752.00,8854.18,6737.34,6402.59,6090.54,6323.14,5757.85,4329.97,3968.66,4756.80
20260826,17,11110615,139442.93,41.73,137.44,883.04,2418.89,5620.32,8136.32,7474.96,8213.55,8486.97,9114.35,7382.28,5248.64,4935.68,7549.02,47.43,133.99,1174.30,4616.45,8543.52,8529.15,6259.79,6097.28,5881.82,6005.17,5303.11,3861.63,3516.76,3829.34
20260826,18,11110615,124559.61,24.23,105.79,863.29,2509.84,5389.57,7590.17,6824.99,7264.63,7750.70,8071.43,6601.61,4563.44,4204.93,5939.36,41.50,124.19,1201.27,4769.77,7865.60,7657.97,5508.44,5211.78,5193.82,5291.43,4652.06,3420.34,2851.96,3065.50
20260826,19,11110615,98205.82,30.26,104.49,801.30,2476.46,4547.23,6263.81,5377.87,5580.07,5865.52,6260.76,5125.19,3740.73,3233.95,4473.80,19.46,132.66,1145.44,4574.54,6563.39,5704.26,4029.74,3641.57,3715.09,3893.35,3455.37,2701.37,2261.89,2486.25
20260826,20,11110615,77603.32,35.68,104.57,788.36,2262.48,4036.51,5161.75,4347.90,4356.53,4517.33,4739.59,3932.79,2965.34,2467.50,3208.86,17.89,150.07,988.21,4131.04,5360.05,4342.27,2937.68,2737.96,2757.26,2915.59,2560.55,2073.13,1821.54,1884.89
20260826,21,11110615,59854.34,28.84,99.06,641.12,1987.22,3432.53,4196.34,3547.01,3470.34,3480.59,3644.42,2864.81,2166.00,1691.83,2172.81,18.04,137.66,753.17,3446.38,4302.04,3489.82,2185.20,1933.66,1959.19,2136.41,1879.70,1506.78,1306.26,1377.11
20260826,22,11110615,43506.22,17.72,78.38,454.42,1562.55,2716.94,3162.46,2776.79,2597.32,2554.28,2625.72,2071.72,1532.40,1136.07,1537.37,23.37,109.94,503.20,2476.58,3110.52,2365.06,1625.57,1290.43,1397.02,1445.20,1306.44,1041.76,951.63,1035.36
20260826,23,11110615,32016.65,17.72,78.32,307.41,1215.89,2081.66,2468.18,2054.52,1962.22,1886.66,1938.38,1479.31,1132.50,866.92,1207.52,23.34,104.42,349.95,1581.07,2081.25,1632.85,1115.09,920.85,1026.26,1076.20,951.91,816.82,761.92,877.51
20260827,00,11110615,22082.54,12.09,75.78,170.14,709.02,1340.41,1573.11,1412.83,1347.19,1354.21,1448.12,1045.95,783.87,712.67,1071.97,24.31,108.73,185.33,737.98,1104.58,872.20,758.58,725.71,781.85,891.08,807.91,689.05,583.50,754.37
20260827,01,11110615,20879.68,12.09,78.77,155.75,661.90,1231.06,1435.56,1321.96,1239.02,1248.29,1382.23,978.94,777.79,690.79,1078.52,24.31,108.73,170.20,651.61,1003.93,795.07,751.58,696.58,772.92,834.79,787.58,666.48,567.57,755.66
20260827,02,11110615,19852.12,12.09,78.77,142.28,645.47,1123.70,1304.87,1225.21,1185.28,1166.05,1318.21,934.45,747.99,673.41,1022.79,24.31,108.73,174.12,601.41,934.38,733.54,725.50,673.00,746.31,813.16,779.66,651.92,563.88,741.63
20260827,03,11110615,19166.59,12.09,77.52,132.53,608.08,1031.82,1225.20,1165.31,1150.57,1094.41,1290.15,898.87,710.06,677.82,1024.21,24.31,108.73,177.76,537.01,879.83,688.67,695.86,657.19,733.49,812.84,778.48,652.95,561.99,758.84
20260827,04,11110615,18951.41,12.09,77.48,133.70,578.82,971.15,1177.98,1134.25,1136.13,1091.40,1267.94,918.43,699.25,663.15,1028.15,24.31,108.73,158.22,512.13,860.11,645.49,687.32,653.24,730.49,818.31,797.16,702.09,582.96,780.93
20260827,05,11110615,19958.33,12.09,77.38,132.46,545.26,950.27,1134.79,1159.64,1147.59,1095.10,1292.17,979.38,764.75,764.04,1126.91,24.31,108.73,170.49,492.30,877.19,664.54,691.02,656.51,735.60,834.86,859.07,897.07,811.01,953.80
20260827,06,11110615,23200.15,12.20,78.05,128.71,527.88,1019.19,1201.20,1272.03,1324.89,1287.89,1631.41,1269.43,1010.09,1010.34,1355.36,24.53,104.42,182.40,517.41,952.09,780.52,784.67,716.02,805.07,926.69,981.19,1089.18,970.24,1237.05
20260827,07,11110615,33692.98,12.29,87.41,129.21,571.92,1310.28,1680.77,1890.20,2165.66,2333.69,2641.57,2244.50,1503.28,1413.69,1871.76,24.80,128.94,361.80,650.90,1373.07,1215.61,1151.91,953.95,1193.89,1294.97,1305.63,1307.11,1236.64,1637.53
20260827,08,11110615,63250.41,19.30,80.03,134.00,732.26,2391.97,3562.40,3834.28,4415.63,4766.55,5408.05,4199.19,2432.26,2051.47,2665.60,25.18,187.12,699.04,1154.06,3096.43,3298.04,2695.64,2440.19,2474.20,2505.06,2189.43,1729.09,1762.00,2301.94
20260827,09,11110615,103808.00,24.13,71.17,270.18,1233.15,4160.04,6173.21,6299.99,6820.22,7381.03,7630.06,6018.93,3501.41,2963.31,3967.17,31.43,178.38,765.12,2115.87,6182.50,6504.45,5282.50,4747.78,4604.80,4346.51,3729.88,2741.60,2696.32,3366.86
20260827,10,11110615,129039.89,19.41,99.02,400.37,1684.32,5140.29,7507.21,7263.03,7949.44,8466.88,8759.79,7221.93,4367.95,3891.20,5827.29,33.42,181.94,870.99,2800.35,7521.15,7995.86,6445.58,5978.03,5738.54,5513.37,4985.40,3775.34,3848.61,4753.18
20260827,11,11110615,145161.25,19.77,104.95,459.44,2012.58,5632.72,8183.56,7906.46,8515.82,9017.00,9324.09,7767.30,4963.97,4521.28,7655.86,68.57,181.42,947.05,3337.55,8317.88,8735.27,7045.77,6759.09,6407.92,6279.84,5745.06,4644.03,4628.66,5978.34
20260827,12,11110615,154850.00,27.38,115.07,518.01,2181.04,5892.12,8454.82,8093.79,8730.52,9419.28,9524.46,7873.45,5319.35,5058.99,9435.99,81.50,170.71,1029.46,3784.62,8940.27,9300.10,7377.41,7075.71,6864.02,6706.24,6125.76,4992.05,5038.46,6719.42
20260827,13,11110615,158535.07,20.51,104.72,535.59,2305.96,5843.05,8519.78,8156.31,8816.71,9450.34,9982.53,8190.85,5514.06,5389.37,10701.62,58.87,169.94,1177.74,4198.98,8846.88,9321.16,7489.65,7016.15,6837.48,6770.76,6264.19,5083.47,5110.06,6658.34
20260827,14,11110615,158872.77,20.14,93.45,550.35,2420.73,6036.68,8456.74,8072.18,8803.08,9189.90,9894.62,8094.93,5583.69,5621.45,10898.39,53.11,163.92,1272.86,4574.78,8985.62,9391.90,7339.49,6944.62,6754.40,6817.48,6335.57,5033.39,5171.22,6298.08
20260827,15,11110615,155418.88,14.06,80.87,542.30,2535.09,6138.36,8483.54,7916.07,8718.81,9098.27,9807.29,7989.46,5539.19,5516.87,10426.55,50.02,148.01,1301.77,4718.00,8864.43,9238.02,7026.12,6650.23,6468.79,6737.45,6193.05,4747.27,4746.29,5722.70
20260827,16,11110615,151015.42,25.84,111.64,700.80,2722.30,6125.49,8365.82,7878.36,8758.91,9097.99,9735.29,7937.35,5481.22,5489.44,9270.47,58.94,132.44,1272.04,4799.29,8707.75,9093.97,6947.67,6379.82,6243.94,6387.88,5966.35,4294.64,4097.10,4932.67
20260827,17,11110615,143173.28,19.35,109.57,776.17,2742.43,6009.21,8233.59,7686.32,8490.69,8714.36,9467.81,7703.42,5311.46,5110.17,7647.45,28.92,121.52,1171.55,5026.50,8610.30,8753.26,6672.62,6020.89,6001.44,6002.34,5559.61,3859.04,3455.48,3867.81
20260827,18,11110615,124356.11,18.46,90.37,766.94,2603.86,5603.69,7589.59,6920.61,7529.85,7682.34,8208.99,6743.12,4664.00,4120.39,5810.63,37.03,136.41,1107.44,4732.49,7756.57,7819.42,5620.66,5127.77,5125.84,5095.97,4630.52,3209.20,2686.85,2917.10
20260827,19,11110615,99614.78,30.33,97.52,697.30,2711.97,4865.51,6276.01,5529.81,5845.19,5930.48,6525.11,5099.16,3833.72,3271.44,4431.36,45.75,133.40,1016.74,4584.49,6277.42,5807.11,4102.46,3851.82,3847.51,3914.58,3523.58,2669.84,2310.53,2384.64
20260827,20,11110615,78838.65,18.86,96.11,626.64,2501.96,4186.95,5263.63,4362.04,4612.51,4541.78,4869.86,3912.26,3105.86,2533.77,2976.10,43.99,111.39,947.99,4168.81,5279.58,4491.19,3064.53,2873.68,2789.42,2849.85,2699.73,2128.05,1847.99,1934.12
20260827,21,11110615,60954.22,19.11,85.39,502.84,2154.30,3481.17,4368.35,3467.35,3665.03,3487.48,3745.65,2809.77,2250.94,1763.62,1907.64,36.90,97.83,830.01,3577.08,4213.66,3555.73,2296.60,2163.86,2126.84,2116.68,1934.81,1516.16,1366.34,1413.08
20260827,22,11110615,45546.32,23.39,100.94,404.35,1726.81,2886.11,3411.89,2708.84,2743.54,2556.15,2722.25,2056.95,1581.92,1223.81,1427.55,47.79,106.31,643.50,2658.81,3187.15,2632.42,1784.83,1541.01,1516.79,1448.51,1306.04,1059.53,943.78,1095.35
20260827,23,11110615,33357.80,17.76,92.79,284.15,1335.88,2188.76,2623.51,2066.78,2010.48,1814.32,1964.10,1446.90,1090.70,861.75,1181.33,43.18,94.37,412.22,1856.83,2192.91,1799.21,1256.89,1082.58,1058.75,1075.62,979.21,857.08,771.24,898.50
20260828,00,11110615,22330.95,17.71,99.50,134.47,780.36,1455.20,1626.27,1426.60,1325.38,1183.06,1385.53,989.39,802.17,668.00,1009.53,46.98,93.67,211.79,882.12,1155.36,1045.58,795.71,689.82,802.11,811.85,824.95,668.37,632.45,767.02
20260828,01,11110615,21056.44,17.71,99.50,124.74,707.90,1294.95,1462.72,1302.02,1220.22,1152.26,1317.71,958.73,783.27,657.15,996.83,46.98,88.34,199.58,811.58,1082.64,939.90,759.36,665.86,772.05,794.59,800.57,637.88,609.21,752.19
20260828,02,11110615,19730.54,17.71,99.38,120.02,608.39,1151.45,1275.74,1183.56,1119.25,1094.25,1255.88,929.04,749.51,639.78,967.55,46.98,88.41,195.81,736.74,988.70,846.34,709.78,650.50,748.34,770.73,786.03,630.10,587.14,733.43
20260828,03,11110615,18986.96,17.71,99.38,111.71,578.33,1038.84,1140.03,1105.48,1104.77,1091.12,1242.81,901.86,707.57,621.70,981.34,46.98,88.42,177.72,650.57,938.38,800.61,692.04,617.81,738.28,767.11,789.53,624.76,579.09,733.01
20260828,04,11110615,18798.91,17.71,99.38,115.89,534.49,962.68,1095.47,1100.74,1102.44,1091.65,1239.60,941.57,707.62,601.52,986.65,46.91,88.42,169.22,601.15,908.74,768.24,676.58,628.41,723.11,774.17,809.39,654.28,601.33,751.55
20260828,05,11110615,19648.52,12.31,99.38,103.88,486.60,902.01,1043.21,1115.62,1114.35,1087.71,1282.05,990.56,770.04,688.93,1066.66,46.91,88.42,169.22,588.56,906.28,772.15,684.90,661.59,715.26,804.49,870.56,831.57,826.60,918.70
20260828,06,11110615,22796.65,12.42,100.25,100.51,476.43,978.16,1168.00,1236.50,1300.13,1279.82,1562.47,1271.40,1065.38,948.04,1317.42,47.42,89.26,170.11,595.58,1022.55,875.45,789.78,708.48,789.88,885.93,961.76,1041.67,933.47,1068.38
20260828,07,11110615,32923.83,12.51,103.26,108.65,576.82,1304.55,1621.83,1835.97,2081.17,2231.45,2703.38,2154.37,1528.27,1460.22,1773.64,42.30,100.49,371.76,726.14,1410.87,1307.08,1180.21,941.62,1143.08,1255.61,1317.36,1174.00,1140.42,1316.80
20260828,08,11110615,59598.42,23.83,99.65,116.97,739.73,2251.07,3415.51,3567.30,4094.88,4526.58,5194.89,3931.68,2363.35,2130.89,2577.99,54.07,188.60,684.49,1227.63,2894.22,3135.87,2555.56,2301.36,2376.05,2390.86,2051.67,1557.87,1521.16,1624.69
20260828,09,11110615,95832.10,18.71,83.06,239.65,1219.88,3942.46,5952.36,5749.32,6337.23,6796.86,7373.77,5534.77,3391.71,2999.42,3628.51,60.80,172.79,793.24,2129.60,5798.23,6115.67,4705.62,4428.82,4236.77,3911.87,3397.65,2376.39,2244.04,2192.90
20260828,10,11110615,115245.95,13.12,77.53,321.13,1530.52,4682.54,6954.73,6585.36,7038.07,7592.60,8176.73,6426.86,4147.11,3787.86,5428.28,49.97,174.47,859.95,2628.91,6953.21,7243.32,5500.93,5431.35,5055.36,4867.64,4358.21,3287.10,3103.08,2970.01
20260828,11,11110615,129313.97,13.16,85.41,382.95,1807.74,5129.24,7447.06,7108.44,7552.86,8086.64,8697.98,7105.24,4755.24,4613.93,6866.38,49.16,169.91,941.12,3066.79,7518.12,7990.93,6086.76,6073.60,5612.39,5526.89,5124.03,3841.84,3669.98,3990.18
20260828,12,11110615,139548.33,19.15,95.80,430.04,2057.99,5407.43,7871.84,7407.74,7922.66,8259.49,8883.14,7372.36,5062.71,5102.52,8399.32,55.37,181.52,1072.51,3547.43,7859.55,8577.17,6625.12,6579.62,6153.49,6013.23,5601.93,4224.31,4091.64,4673.25
20260828,13,11110615,142730.38,24.75,107.57,488.72,2162.34,5396.90,7762.88,7360.48,7894.72,8263.74,8847.94,7426.79,5211.19,5344.19,9751.61,59.68,182.07,1082.57,3883.83,8069.87,8667.60,6552.00,6278.55,6093.56,6194.39,5745.09,4447.05,4316.58,5113.72
20260828,14,11110615,144142.24,17.76,128.09,569.07,2267.65,5581.67,7850.25,7333.21,7874.51,8376.09,8814.77,7535.22,5148.92,5346.28,10109.45,53.96,232.50,1156.67,4038.20,8211.29,8612.69,6404.07,6292.22,6031.27,6336.85,5794.76,4520.68,4431.11,5073.03
20260828,15,11110615,142249.52,23.66,132.54,678.14,2236.06,5550.21,7796.93,7258.18,7703.48,8349.21,8606.81,7356.54,5082.91,5269.66,9609.79,59.70,251.40,1151.29,4418.92,8304.75,8475.17,6386.90,6178.95,5844.19,6348.98,5716.23,4430.42,4193.10,4835.40
20260828,16,11110615,137248.54,23.67,162.96,745.95,2295.43,5634.11,7758.75,7106.44,7708.37,8141.20,8218.47,6983.82,5027.64,5127.69,8609.85,64.35,194.79,1082.50,4522.44,8420.79,8233.73,6234.50,6021.15,5636.91,6014.37,5657.43,3918.17,3689.99,4013.07
20260828,17,11110615,129376.27,23.45,165.33,764.38,2455.64,5584.58,7503.01,6955.96,7264.90,7779.10,7866.94,6582.08,4805.30,4740.48,7156.68,46.77,220.84,1037.08,4489.06,8280.35,7938.74,5817.93,5499.65,5361.58,5685.39,5234.04,3604.58,3149.32,3363.11
20260828,18,11110615,116735.65,34.71,174.64,813.96,2530.49,5529.05,7201.88,6286.71,6352.11,6856.92,6926.55,5793.92,4407.55,4091.08,5681.32,57.85,227.32,1109.95,4553.10,8092.45,7222.33,4871.78,4772.58,4818.72,5196.19,4567.31,3199.45,2643.06,2722.67
20260828,19,11110615,93545.96,39.69,143.97,709.52,2362.82,5298.90,6170.02,4875.06,4648.65,5042.86,5408.23,4647.90,3551.50,3291.45,4168.54,73.55,228.97,1061.50,4214.61,6962.04,5825.69,3513.14,3301.31,3587.36,3915.28,3640.40,2586.88,2153.68,2122.44
20260828,20,11110615,78452.22,50.74,127.84,690.46,2303.11,4823.24,5567.12,4056.37,3680.36,4024.37,4320.45,3735.84,2950.73,2810.52,2956.67,61.97,235.19,1077.20,4022.22,6237.53,4971.25,2887.96,2550.86,2809.10,3087.93,2845.05,2102.47,1743.38,1722.29
20260828,21,11110615,65678.38,45.13,163.82,582.13,2157.92,4554.85,5167.02,3544.89,3017.36,3289.17,3439.83,2918.36,2327.36,2018.67,2113.31,39.83,201.27,940.46,3621.50,5597.69,4393.61,2486.90,2068.45,2206.81,2375.99,2186.89,1559.58,1328.52,1331.06
20260828,22,11110615,51836.45,33.64,136.10,416.17,1843.19,4012.20,4551.96,3140.97,2444.25,2461.91,2627.22,2177.59,1675.71,1353.23,1552.79,28.20,171.63,781.35,2908.44,4547.20,3486.99,1938.11,1599.94,1552.22,1720.66,1519.27,1110.23,982.03,1063.25
20260828,23,11110615,40159.71,33.64,118.27,297.22,1490.56,3369.33,3859.32,2682.87,1971.36,1951.32,1979.37,1527.79,1206.36,1027.97,1288.15,33.84,161.25,500.79,2127.72,3362.77,2507.96,1426.41,1186.86,1225.30,1179.77,1103.14,863.59,746.24,930.54
20260829,00,11110615,26097.41,24.60,123.04,234.38,876.77,2268.40,2608.64,1850.82,1406.59,1238.90,1287.40,980.29,802.81,714.87,1067.30,35.99,161.16,252.58,953.90,1722.42,1336.24,903.69,812.60,826.98,789.17,785.19,656.94,601.69,774.05
20260829,01,11110615,24248.64,24.60,123.04,217.64,803.98,2046.68,2293.69,1669.70,1290.14,1185.11,1220.79,915.16,755.63,681.36,1047.25,35.99,157.07,217.67,871.34,1542.07,1188.01,839.61,773.76,800.33,773.11,772.66,642.76,591.44,768.05
20260829,02,11110615,22148.63,24.60,123.04,191.43,763.11,1770.27,1954.08,1464.23,1194.63,1104.15,1151.31,822.87,687.99,658.11,1051.96,35.94,152.49,183.79,766.23,1285.05,1056.46,766.72,720.44,744.00,750.98,773.52,611.89,586.70,752.64
20260829,03,11110615,20411.63,24.60,122.84,176.43,656.32,1517.11,1589.76,1317.92,1091.75,1053.66,1138.60,819.90,671.27,650.81,1046.62,35.94,152.71,170.38,693.18,1100.17,869.73,720.08,701.45,703.50,720.44,757.15,595.67,571.21,742.43
20260829,04,11110615,19183.93,24.60,111.69,163.17,549.09,1299.06,1400.40,1218.88,1022.70,983.47,1105.71,799.12,648.74,621.24,1042.99,35.94,157.16,171.23,647.93,980.46,793.84,687.84,674.88,695.08,715.26,729.00,588.51,565.33,750.61
20260829,05,11110615,18803.78,24.60,111.69,138.10,504.23,1148.01,1258.47,1169.46,997.89,959.35,1094.92,780.48,672.19,661.25,1093.68,35.76,157.31,169.89,613.01,915.38,762.57,686.20,668.16,673.75,724.82,744.23,658.92,581.57,797.89
20260829,06,11110615,19685.39,24.60,111.86,152.15,484.49,1068.36,1181.98,1119.76,1025.23,991.30,1127.65,886.22,851.17,809.70,1276.72,35.76,157.31,166.04,608.00,919.14,803.20,698.87,685.96,737.70,766.42,749.49,729.97,637.93,878.41
20260829,07,11110615,22271.15,24.78,109.83,148.90,465.71,1148.00,1244.08,1173.99,1092.47,1177.21,1337.33,1149.55,1001.62,1007.93,1599.14,36.03,158.40,175.14,615.25,1026.52,897.52,751.99,754.83,814.66,890.17,840.22,825.89,766.21,1037.78
20260829,08,11110615,26201.07,25.15,113.60,170.10,516.99,1245.08,1388.38,1281.83,1214.75,1340.93,1564.51,1380.53,1298.64,1310.56,2097.98,30.64,170.83,218.59,672.89,1206.24,1075.54,836.87,873.85,947.98,1038.01,998.95,941.13,953.37,1287.15
20260829,09,11110615,34130.67,31.07,133.51,245.46,735.73,1560.04,1747.42,1523.09,1454.43,1632.53,1846.05,1634.89,1602.18,1702.39,2745.28,54.02,195.78,298.93,1056.15,1632.04,1458.61,1138.62,1192.95,1279.20,1452.49,1404.14,1287.07,1388.51,1698.09
20260829,10,11110615,45530.03,37.27,230.69,366.43,995.62,2049.07,2283.76,1893.75,1771.72,2004.52,2229.20,2149.27,2017.99,2135.68,3842.99,66.35,287.35,400.75,1442.59,2288.68,1936.11,1561.02,1615.30,1782.31,2151.46,2014.18,1764.08,1953.87,2258.02
20260829,11,11110615,57863.67,62.80,318.66,396.67,1138.12,2283.76,2800.29,2262.80,2066.54,2254.74,2551.15,2539.49,2576.19,2712.23,5507.21,81.19,320.45,484.48,1894.08,2777.60,2527.04,2036.46,2074.51,2340.14,2836.13,2823.96,2351.00,2602.51,3243.47
20260829,12,11110615,70264.65,87.11,376.70,521.67,1410.22,2690.94,3151.71,2514.02,2465.45,2599.62,2757.24,2951.64,2917.59,3285.94,7531.62,127.93,486.07,589.53,2347.21,3413.74,3277.86,2604.27,2581.08,2793.98,3279.33,3317.81,2886.77,3150.88,4146.72
20260829,13,11110615,79240.42,148.06,407.25,614.37,1477.84,3196.55,3658.19,2764.04,2610.93,2786.35,2892.15,3155.29,2993.97,3628.89,8587.93,146.22,587.44,747.86,2671.94,4310.07,3882.07,3036.91,2956.82,3151.22,3758.26,3723.55,3155.85,3442.16,4748.24
20260829,14,11110615,87431.43,151.50,507.37,731.65,1786.36,3716.83,4208.08,3164.44,2915.53,2947.26,3071.91,3390.57,3158.87,3853.05,8951.69,189.99,672.79,998.64,3221.97,5180.45,4504.83,3471.70,3366.02,3451.88,3864.69,3911.21,3506.61,3553.26,4982.28
20260829,15,11110615,91330.27,155.01,505.30,882.93,1966.90,4265.44,4595.81,3365.65,2988.31,3157.83,3166.64,3472.14,3284.99,4042.64,8513.64,220.73,783.60,1109.35,3679.12,5698.63,5038.08,3599.07,3462.60,3668.75,3974.56,3924.73,3513.03,3465.18,4829.61
20260829,16,11110615,93252.06,172.45,504.29,925.46,2153.98,4814.51,5074.80,3625.23,3199.86,3247.81,3314.49,3404.44,3265.91,4069.86,7642.56,260.08,799.48,1222.21,4118.04,6399.10,5561.02,3857.12,3495.94,3564.85,3869.69,3874.95,3413.45,3146.05,4254.43
20260829,17,11110615,91986.45,201.03,462.86,847.92,2399.40,5121.86,5476.22,3818.55,3257.21,3217.88,3242.23,3423.84,3246.15,3918.16,6629.40,306.69,758.12,1221.13,4466.04,6791.30,5727.64,3716.70,3566.56,3392.98,3692.04,3588.91,3109.63,2833.79,3552.21
20260829,18,11110615,89301.86,182.67,458.07,847.63,2565.95,5573.55,5822.82,4021.11,3346.03,3169.82,3187.78,3206.84,3115.96,3736.03,5430.89,250.76,725.91,1224.17,4618.60,7411.51,5649.80,3602.19,3316.22,3149.69,3370.09,3248.05,2794.51,2443.18,2832.03
20260829,19,11110615,82973.58,143.32,521.90,798.16,2622.92,5576.75,6038.04,3999.80,3256.82,2929.28,3024.66,2882.17,2718.37,3244.51,4110.52,237.43,668.19,1143.96,4562.20,7573.41,5476.93,3289.17,3114.01,2782.17,2870.35,2722.58,2322.01,2091.18,2252.77
20260829,20,11110615,74600.70,133.88,443.21,746.76,2600.56,5532.37,6004.44,3918.12,2971.74,2650.75,2687.17,2553.10,2308.17,2660.16,2937.34,155.48,583.60,1109.39,4353.48,7411.21,5074.98,2960.56,2606.05,2373.23,2394.34,2195.09,1857.45,1688.71,1689.36
20260829,21,11110615,64108.50,88.42,348.93,668.75,2359.05,5268.06,5725.73,3728.35,2609.92,2393.38,2294.91,2154.01,1855.74,1913.77,2093.69,80.38,470.97,938.63,3997.88,6656.07,4453.71,2424.80,2074.18,1937.93,1919.51,1709.55,1359.87,1322.24,1260.07
20260829,22,11110615,51021.78,65.17,243.32,514.22,2068.32,4671.42,5051.09,3276.56,2211.54,1962.41,1893.22,1624.72,1415.49,1314.92,1573.04,72.47,280.63,752.29,3156.23,5282.35,3414.28,1810.19,1490.41,1385.94,1350.88,1240.97,983.82,888.39,1027.49
20260829,23,11110615,39867.15,42.15,183.39,354.05,1641.77,3758.82,4153.69,2716.80,1861.90,1660.72,1586.82,1224.22,1056.86,968.51,1214.40,60.66,206.08,499.19,2354.84,3828.98,2525.83,1366.81,1163.00,1065.59,1027.48,986.67,794.18,694.28,869.46
20260830,00,11110615,27264.98,36.12,139.52,203.81,1021.35,2498.50,2872.78,2041.64,1454.65,1230.80,1204.19,924.10,778.80,693.24,1004.38,35.22,162.57,281.10,1096.61,2056.98,1513.88,895.17,889.83,763.81,705.43,822.70,651.63,547.97,738.20
20260830,01,11110615,25618.49,36.12,139.52,209.09,965.40,2278.69,2634.26,1910.66,1367.37,1190.81,1171.70,862.90,730.98,687.30,985.39,35.22,162.62,272.48,966.04,1815.70,1368.65,857.88,870.97,731.06,694.85,800.73,627.03,527.05,718.02
20260830,02,11110615,23448.30,36.20,138.39,184.83,837.43,1914.85,2300.39,1694.34,1243.80,1126.00,1139.55,794.82,703.48,668.66,976.94,35.24,162.62,261.47,794.05,1547.46,1158.54,841.18,853.23,718.64,677.71,794.83,617.33,518.89,707.43
20260830,03,11110615,21517.97,30.63,138.54,171.42,681.31,1615.02,1912.26,1483.70,1150.51,1034.64,1090.93,752.38,686.45,638.65,960.75,35.24,157.68,255.62,750.56,1348.10,1010.63,810.67,827.84,698.92,679.75,771.21,611.09,514.67,698.80
20260830,04,11110615,20039.69,30.63,138.47,153.08,551.92,1430.18,1614.77,1334.97,1055.54,973.17,1030.15,748.27,658.02,613.61,952.26,35.24,157.62,246.22,664.54,1206.84,947.79,774.56,780.96,702.81,675.10,761.27,615.76,501.83,684.11
20260830,05,11110615,19234.20,30.63,138.47,136.96,459.10,1236.39,1430.62,1194.83,1026.29,934.82,1025.72,717.69,671.82,633.75,984.54,35.24,152.18,216.33,621.80,1114.21,901.16,763.20,758.69,706.59,665.94,771.94,650.71,513.50,741.08
20260830,06,11110615,19976.82,30.63,138.47,141.92,421.90,1127.67,1314.84,1190.59,1038.12,923.13,1074.32,794.89,697.02,734.77,1119.06,35.24,154.94,215.05,604.17,1118.80,865.23,780.07,738.02,719.70,692.92,825.34,731.03,699.35,1049.63
20260830,07,11110615,20839.38,30.60,134.89,142.17,404.76,1067.48,1258.31,1156.97,1054.92,1024.79,1115.47,918.13,779.20,845.42,1205.12,35.19,165.92,224.35,602.61,1119.53,894.81,810.04,760.79,751.34,761.62,863.03,804.27,799.36,1108.29
20260830,08,11110615,22327.02,30.86,162.94,142.79,415.01,1115.57,1318.66,1195.74,1107.12,1087.99,1249.92,984.62,905.17,940.32,1410.48,35.50,174.52,250.37,667.37,1196.73,993.49,838.75,794.75,841.99,828.14,928.08,829.41,832.10,1048.63
20260830,09,11110615,26194.96,36.79,207.99,248.07,514.23,1271.68,1459.30,1327.19,1303.18,1192.88,1416.67,1185.28,1000.26,1116.48,1724.24,41.42,218.73,272.24,900.35,1453.48,1137.45,1009.26,971.00,1034.11,1045.18,1155.89,908.25,860.24,1183.12
20260830,10,11110615,33040.42,60.08,281.55,291.54,663.54,1551.61,1737.02,1479.40,1507.21,1358.66,1696.72,1508.66,1306.26,1310.10,2343.76,59.00,255.95,313.08,1220.69,1775.03,1418.61,1221.74,1231.65,1325.44,1455.64,1502.64,1216.35,1172.15,1776.34
20260830,11,11110615,41162.55,79.09,342.66,362.78,765.33,1828.72,2171.84,1734.72,1775.90,1544.03,1976.55,1772.81,1621.92,1649.53,3276.50,84.12,331.33,446.12,1483.15,2217.28,1956.50,1554.77,1490.66,1633.14,1810.87,1825.66,1549.17,1530.14,2347.26
20260830,12,11110615,50063.32,97.14,386.07,565.47,983.35,2111.43,2535.24,2049.63,2004.97,1787.95,2178.86,2018.43,1918.02,2044.89,4315.59,132.23,489.91,586.30,1771.74,2756.58,2549.46,1911.85,2012.97,1955.87,2108.45,2135.89,1961.24,1910.79,2783.00
20260830,13,11110615,58933.56,86.26,445.13,704.86,1270.57,2503.20,2925.38,2316.00,2342.87,2040.25,2388.12,2236.47,2135.50,2401.68,5024.96,174.95,629.57,739.72,2288.80,3441.44,3123.85,2420.72,2440.17,2352.17,2472.84,2433.96,2204.92,2180.51,3208.69
20260830,14,11110615,65043.63,95.80,459.15,786.48,1395.69,2977.19,3332.89,2687.71,2533.18,2238.90,2580.67,2433.84,2284.03,2598.53,5389.87,231.87,622.02,830.89,2738.61,4139.59,3648.96,2690.78,2633.11,2676.32,2622.79,2600.85,2374.55,2170.89,3268.47
20260830,15,11110615,69137.14,148.93,465.14,865.23,1615.00,3515.19,3648.15,2796.61,2555.74,2309.77,2686.89,2483.68,2380.78,2842.49,5455.81,241.40,716.97,1017.14,3142.54,4867.92,3952.41,2765.86,2779.71,2665.02,2640.12,2634.67,2472.70,2254.26,3217.01
20260830,16,11110615,66144.10,142.58,418.09,824.83,1714.41,3698.28,3815.99,2807.92,2348.09,2146.95,2539.94,2391.68,2241.80,2615.55,4688.98,194.12,633.35,1026.40,3354.84,5092.06,3907.02,2591.87,2479.27,2554.53,2414.28,2370.82,2251.08,2035.24,2844.13
20260830,17,11110615,62751.34,166.09,363.08,753.77,2016.07,3907.35,3802.55,2778.81,2123.15,2084.25,2397.02,2167.09,2129.08,2319.85,3993.71,150.02,553.44,1091.27,3492.30,5120.53,3702.62,2367.39,2354.78,2389.87,2303.11,2224.68,1919.35,1792.29,2287.82
20260830,18,11110615,57951.28,110.22,277.41,694.21,2216.55,3944.72,3760.60,2490.12,1890.55,1905.53,2112.75,1980.15,1919.82,1946.90,3258.93,131.66,398.94,1097.06,3823.64,5143.83,3401.70,2209.68,1981.34,1926.29,1994.30,2032.11,1735.32,1677.73,1889.22
20260830,19,11110615,50838.07,81.40,222.41,680.62,2161.93,3745.99,3468.58,2220.86,1691.81,1648.44,1840.20,1723.15,1643.06,1584.66,2486.10,75.33,326.69,1032.55,3558.22,4857.63,3048.60,1839.50,1647.64,1555.74,1701.80,1707.26,1451.51,1282.60,1553.79
20260830,20,11110615,42306.46,74.57,168.25,584.30,1927.57,3330.48,3102.79,1950.88,1440.15,1347.23,1562.85,1414.34,1343.62,1277.18,1756.34,57.16,200.54,890.55,3149.56,4162.34,2561.38,1466.77,1385.07,1167.99,1341.82,1325.72,1103.14,1028.07,1185.80
20260830,21,11110615,34261.48,73.84,117.27,487.84,1707.69,2739.30,2636.47,1676.65,1278.82,1170.24,1344.90,1148.81,1042.76,957.79,1347.08,18.33,130.99,713.04,2685.05,3254.17,1968.94,1182.21,1115.06,961.67,984.99,954.83,868.06,812.33,882.35
20260830,22,11110615,27421.01,50.75,98.86,321.58,1446.59,2195.73,2117.55,1427.50,1145.97,1056.01,1221.33,935.96,854.82,775.19,1128.45,18.15,102.47,521.36,2046.56,2354.54,1366.41,882.88,816.65,786.14,802.51,809.56,687.17,668.99,781.33
20260830,23,11110615,22072.14,50.46,90.87,237.59,1039.25,1737.41,1693.87,1227.33,1016.74,959.39,1105.58,818.34,669.11,653.46,982.00,17.91,96.80,354.14,1376.33,1604.20,998.50,721.32,665.18,664.45,706.89,707.12,604.37,563.49,710.04
20260831,00,11110615,18505.28,39.30,72.44,132.56,570.44,1182.96,1290.41,1127.24,1026.03,1019.63,1169.72,808.32,629.83,568.33,948.92,16.47,74.60,224.72,745.39,1046.89,698.11,669.46,622.52,668.17,709.93,645.87,607.67,522.35,667.00
20260831,01,11110615,17954.81,39.30,72.44,130.12,526.94,1113.32,1189.55,1089.61,998.16,1009.58,1159.21,805.85,615.99,552.69,924.43,16.47,74.60,223.71,661.33,985.78,684.47,662.00,619.08,666.10,705.99,649.21,597.53,520.90,660.45
20260831,02,11110615,17362.92,39.30,72.39,124.73,463.21,1031.90,1113.25,1030.74,997.37,974.50,1132.62,777.31,611.02,556.05,918.91,16.47,74.66,219.95,620.10,916.98,623.94,667.40,607.29,665.82,687.15,644.22,595.21,522.07,658.36
20260831,03,11110615,16915.11,39.30,72.39,114.41,423.78,923.85,1038.32,989.44,986.03,970.93,1108.56,757.43,585.15,550.19,920.85,16.47,74.66,219.87,588.39,857.49,607.40,649.42,615.12,666.99,693.55,655.08,597.82,525.26,666.96
20260831,04,11110615,16821.56,39.30,72.46,113.30,396.57,851.52,983.19,980.85,981.69,956.57,1110.03,770.44,600.86,575.07,923.07,16.47,74.67,221.08,558.08,852.95,592.56,650.56,612.80,666.12,702.76,678.94,631.80,522.07,685.78
20260831,05,11110615,17965.21,44.71,72.39,118.45,370.39,815.95,981.12,1018.12,1012.62,982.99,1173.08,807.88,683.21,649.92,1033.07,16.47,74.77,214.99,548.94,858.48,608.18,658.26,604.00,667.59,724.97,774.58,830.35,747.88,871.85
20260831,06,11110615,21412.04,46.32,76.31,120.84,407.04,897.88,1065.52,1148.43,1230.61,1223.46,1591.83,1172.40,916.65,908.15,1183.40,16.72,82.13,222.03,624.58,956.08,700.05,732.52,673.73,755.60,804.39,894.57,1018.79,894.92,1047.09
20260831,07,11110615,32866.72,47.94,91.14,139.28,481.45,1256.58,1592.63,1889.32,2117.54,2373.31,2836.14,2213.09,1441.28,1281.33,1718.00,23.00,98.89,435.44,807.47,1342.40,1229.37,1177.20,986.91,1132.94,1217.96,1240.39,1238.70,1116.19,1340.83
20260831,08,11110615,63339.76,59.72,94.34,156.50,703.97,2470.23,3615.39,3836.43,4536.54,5045.79,5860.69,4383.81,2388.91,1971.38,2484.52,34.76,180.38,732.53,1278.80,3118.61,3238.89,2802.38,2521.90,2416.50,2451.84,2131.79,1633.41,1451.61,1738.14
20260831,09,11110615,100813.93,52.46,87.96,215.70,1111.31,4157.22,6210.44,6226.05,6831.52,7510.63,8127.34,6051.83,3428.58,2852.55,3554.33,40.20,172.26,794.62,2062.01,6111.32,6423.26,5070.70,4733.42,4395.58,4182.74,3554.80,2440.17,2144.60,2270.33
20260831,10,11110615,123931.00,54.35,86.20,280.54,1398.36,4956.93,7530.97,7192.00,7890.06,8643.79,9138.14,7262.76,4346.32,3870.62,5465.61,30.62,179.38,844.10,2561.64,7281.65,7696.87,6069.33,6013.60,5422.80,5225.60,4775.32,3433.81,2971.93,3307.70
20260831,11,11110615,133737.43,47.65,89.60,329.03,1554.64,5230.29,7889.85,7475.44,8261.86,8937.02,9540.70,7589.48,4826.78,4443.72,6906.76,23.76,157.16,918.88,2776.64,7681.58,8004.31,6338.56,6411.27,5827.03,5682.24,5336.27,3967.14,3519.59,3970.18
20260831,12,11110615,146040.92,43.54,79.45,403.81,1807.01,5714.16,8322.70,7971.40,8661.52,9419.45,9987.30,8198.17,5298.91,5100.77,8399.68,25.00,169.08,1042.75,3236.06,8340.57,8806.57,6816.18,6841.81,6201.39,6237.31,5859.12,4433.65,3916.42,4707.14
20260831,13,11110615,148426.24,37.61,81.54,421.10,1914.50,5657.54,8271.55,7824.75,8670.60,9477.68,10105.85,8294.12,5453.32,5385.33,9067.61,24.62,170.98,1130.18,3396.48,8393.36,8886.93,6832.65,6787.96,6397.51,6231.39,5897.22,4543.70,4196.22,4873.94
20260831,14,11110615,149397.18,37.61,101.32,445.83,2010.36,5757.62,8259.51,7841.44,8660.25,9418.84,10038.49,8196.62,5535.64,5450.90,9537.75,18.90,193.42,1128.57,3483.25,8631.87,8802.21,6844.59,6707.30,6368.79,6397.61,5853.08,4594.17,4251.57,4829.67
20260831,15,11110615,147315.30,43.33,102.77,463.64,2058.83,5710.75,8281.51,7791.47,8583.00,9360.51,10030.63,8181.03,5463.80,5306.93,8959.92,18.90,141.10,1087.57,3634.12,8683.88,8755.80,6736.04,6596.69,6207.61,6394.31,5788.79,4394.65,4008.10,4529.62
20260831,16,11110615,141479.21,37.13,85.99,613.44,1994.91,5719.42,8205.30,7618.21,8412.50,9180.15,9892.33,7873.88,5242.95,5028.74,7910.04,18.75,150.84,1074.66,3703.11,8406.77,8537.40,6504.76,6369.03,5927.03,6207.61,5526.87,3909.44,3467.84,3860.11
20260831,17,11110615,129884.28,41.77,84.46,693.60,2153.73,5412.11,7876.79,7199.45,7952.20,8532.81,9306.71,7193.99,4821.89,4337.29,6571.36,17.69,153.00,907.14,3688.11,8017.58,7933.57,5898.84,5832.99,5453.33,5653.27,4901.17,3319.43,2903.94,3026.06
20260831,18,11110615,113277.57,30.06,79.51,689.12,2100.38,5117.16,7173.52,6587.88,7145.44,7762.25,8215.91,6084.47,4021.53,3478.18,4919.45,17.61,132.91,878.01,3601.86,7313.96,6797.49,4899.68,4794.08,4740.64,4805.49,4114.42,2866.66,2427.30,2482.60
20260831,19,11110615,82968.00,35.07,58.93,608.27,1830.24,4076.83,5394.36,4601.80,5168.43,5526.03,6097.11,4308.50,3009.51,2708.35,3496.44,17.15,130.22,826.95,3195.13,5232.04,4650.58,3175.27,3085.00,3235.73,3289.24,3045.12,2201.08,1946.01,2018.61
20260831,20,11110615,62080.86,40.33,70.18,553.45,1641.63,3287.34,4122.01,3423.57,3787.03,4067.11,4372.05,3155.85,2258.31,2026.12,2368.15,17.00,115.23,699.64,2763.22,3994.80,3334.53,2204.54,2142.15,2293.16,2305.26,2222.36,1675.39,1557.84,1582.61
20260831,21,11110615,47360.29,39.98,53.34,435.38,1428.08,2657.95,3358.28,2721.41,2933.29,3031.85,3141.04,2326.42,1706.11,1425.54,1738.29,11.26,100.02,589.76,2254.53,3042.87,2560.19,1610.74,1584.55,1694.57,1661.69,1620.27,1250.12,1175.65,1207.11
20260831,22,11110615,34787.51,39.66,54.22,319.22,1088.03,2133.38,2448.20,2067.36,2255.79,2263.25,2233.07,1664.99,1235.70,989.23,1358.07,11.25,83.97,412.31,1623.04,2191.97,1870.75,1144.50,1099.86,1169.25,1184.11,1188.20,912.26,808.48,937.39
20260831,23,11110615,26513.99,39.66,54.16,165.88,746.16,1602.63,1856.59,1597.82,1735.99,1678.39,1695.63,1247.85,1001.32,743.81,1180.69,5.89,86.64,283.04,1167.74,1531.50,1283.96,927.22,875.66,880.66,931.12,936.52,777.18,647.40,832.88
20260901,00,11110615,19420.16,34.13,62.34,117.93,442.29,1042.16,1226.51,1204.19,1213.16,1230.67,1336.85,876.95,781.68,605.12,1048.37,13.29,73.42,180.26,595.32,905.76,694.30,733.79,657.30,740.95,783.16,810.56,678.20,555.64,775.86
20260901,01,11110615,18623.77,34.13,58.77,105.80,390.06,957.66,1170.82,1152.53,1140.66,1179.17,1271.20,863.20,751.61,567.11,1025.22,13.29,73.42,184.05,588.83,860.67,656.81,712.78,643.56,718.55,767.95,791.50,647.78,538.57,758.07
20260901,02,11110615,17805.28,34.13,58.61,105.59,346.61,867.16,1065.53,1065.87,1084.47,1151.80,1244.31,814.29,743.61,557.56,991.19,13.29,73.49,179.17,547.14,798.15,597.55,680.13,607.20,707.96,760.54,781.45,644.45,529.93,754.10
20260901,03,11110615,17432.31,35.31,58.69,105.72,315.99,810.99,983.89,1044.35,1073.77,1119.05,1260.64,803.36,727.51,572.25,975.15,13.29,73.51,177.39,521.19,767.98,561.73,678.33,591.43,692.42,758.64,773.95,641.62,537.42,756.74
20260901,04,11110615,17301.92,35.31,58.78,109.59,298.96,785.29,962.03,1040.98,1048.04,1098.22,1230.02,787.39,718.82,571.56,1004.60,13.29,79.83,172.32,480.45,738.55,558.23,677.76,577.29,686.40,740.77,804.72,683.14,565.58,774.00
20260901,05,11110615,18372.29,34.10,58.66,109.36,260.44,743.15,957.16,1040.87,1074.45,1117.87,1303.30,855.82,784.86,677.36,1109.09,13.26,79.71,168.09,473.51,742.74,561.89,684.89,592.21,681.13,768.30,877.91,878.98,770.97,952.21
20260901,06,11110615,21661.42,34.39,59.07,111.59,260.56,808.97,1050.88,1231.15,1248.96,1344.31,1558.35,1212.47,1025.81,906.24,1361.37,13.37,75.21,192.61,549.69,854.52,665.59,776.94,647.90,767.12,859.00,999.70,1046.17,906.39,1093.09
20260901,07,11110615,31776.24,34.71,52.23,114.66,353.22,1185.30,1521.32,1823.20,2029.81,2299.51,2649.74,2200.04,1495.79,1384.66,1826.80,13.42,89.61,335.79,668.68,1217.32,1150.79,1175.22,948.14,1110.10,1166.99,1260.13,1196.07,1143.15,1329.84
20260901,08,11110615,60777.99,40.73,52.49,105.76,562.80,2270.18,3428.08,3836.59,4318.32,4848.63,5402.73,4159.32,2357.14,2035.13,2527.43,24.62,133.66,664.87,1182.01,2890.11,3108.26,2729.91,2504.04,2427.96,2393.32,2035.24,1544.37,1539.95,1654.34
20260901,09,11110615,100881.61,30.43,51.37,210.34,991.84,4063.32,6173.48,6248.45,6962.09,7367.34,7826.41,5928.22,3380.77,2889.31,3622.86,24.95,130.88,759.93,2078.96,6243.76,6454.95,5248.60,4895.15,4636.86,4186.91,3574.78,2404.25,2213.86,2281.54
20260901,10,11110615,122327.17,19.68,97.23,270.29,1285.09,4982.45,7361.24,7236.48,7797.10,8279.68,8850.44,6916.61,4187.01,3703.97,5289.83,25.35,214.12,812.20,2667.07,7411.81,7818.24,6206.28,5957.26,5571.83,5196.83,4652.99,3247.91,3077.50,3190.68
20260901,11,11110615,138807.38,20.82,128.26,337.55,1536.86,5553.45,8150.36,7991.24,8615.94,8910.41,9584.18,7673.77,4848.05,4505.09,6893.98,26.78,229.26,872.39,3030.30,8248.82,8726.07,6772.06,6685.60,6223.24,5922.47,5422.33,4025.93,3851.66,4020.51
20260901,12,11110615,146727.42,21.17,128.52,345.34,1626.90,5724.24,8388.29,8023.70,8937.51,9220.14,9827.26,7844.93,5304.68,4961.39,7973.42,34.03,234.67,884.60,3195.64,8642.01,9183.56,7189.05,6986.64,6604.45,6261.39,5926.17,4434.27,4073.44,4750.01
20260901,13,11110615,149953.68,21.20,110.61,401.45,1662.40,5796.45,8493.72,8111.94,8901.62,9245.18,10004.19,8044.27,5464.42,5204.65,9035.33,39.42,233.39,911.57,3229.32,8715.50,9154.72,7113.48,6968.85,6604.93,6518.61,5998.94,4674.64,4288.90,5003.98
20260901,14,11110615,149491.83,32.79,103.47,445.22,1703.01,5831.86,8399.30,7980.61,8864.71,9198.96,9811.25,7962.29,5509.41,5326.03,9498.00,38.37,209.74,949.26,3295.56,8717.48,9021.19,6961.43,6810.74,6420.74,6452.44,5990.29,4584.09,4255.03,5118.56
20260901,15,11110615,147537.99,32.45,101.01,409.18,1723.36,5857.06,8438.18,7899.66,8810.50,9107.41,9691.90,7778.90,5549.41,5204.53,9295.10,48.01,180.28,982.72,3466.35,8728.36,8936.45,6927.65,6574.44,6359.61,6451.43,5790.58,4439.68,3967.79,4785.99
20260901,16,11110615,143219.73,21.19,82.44,491.36,1713.79,5999.23,8373.60,7959.07,8606.06,8995.83,9700.43,7733.72,5408.55,4852.55,8294.32,38.21,138.65,927.72,3529.73,8636.11,8819.90,6672.95,6477.52,6248.60,6274.07,5531.70,4102.63,3484.05,4105.75
20260901,17,11110615,138417.40,17.31,96.26,651.57,1899.63,6095.50,8442.82,7892.69,8445.59,8908.25,9531.74,7403.25,5018.89,4442.99,7120.73,26.35,117.75,959.52,3819.42,8725.35,8748.43,6328.75,6216.26,6116.55,6067.16,5158.29,3739.44,3029.58,3397.33
20260901,18,11110615,121607.81,27.05,87.31,701.76,2002.43,5576.69,7769.35,7047.87,7540.02,7941.81,8276.56,6374.15,4140.73,3730.82,5571.79,24.85,113.83,1025.75,3955.78,8046.48,7628.56,5414.01,5135.57,5357.82,5236.88,4304.80,3191.08,2520.12,2863.94
20260901,19,11110615,87505.38,36.61,92.58,608.82,1761.44,4358.51,5788.21,4979.82,5296.69,5526.51,5911.38,4631.83,3097.02,2744.83,3905.32,22.01,103.12,916.64,3394.79,5641.41,5211.01,3390.90,3264.52,3715.16,3533.96,3015.54,2391.45,2026.10,2139.20
20260901,20,11110615,67571.45,41.71,80.69,509.98,1627.13,3594.45,4628.01,3780.60,4002.44,4102.52,4453.30,3420.76,2388.64,2142.39,2743.12,16.33,81.03,842.51,3051.76,4466.24,3872.94,2579.01,2376.14,2615.67,2685.77,2269.97,1932.37,1591.22,1674.75
20260901,21,11110615,52648.96,41.36,76.43,422.00,1409.75,3033.72,3673.62,3016.75,3104.08,3319.83,3423.47,2533.53,1787.76,1583.65,1979.24,16.21,73.82,711.80,2594.15,3512.37,2959.77,2002.10,1707.26,1828.78,2068.23,1656.09,1464.98,1279.54,1368.67
20260901,22,11110615,38377.33,35.75,61.63,320.64,1145.15,2344.89,2750.98,2309.55,2362.54,2465.27,2430.98,1754.60,1323.89,1150.00,1502.79,16.16,74.24,499.33,1963.09,2432.29,1989.84,1454.25,1224.72,1229.81,1364.15,1158.27,1033.07,914.08,1065.37
20260901,23,11110615,28644.99,35.69,57.18,249.70,825.29,1786.48,2030.94,1825.82,1754.87,1870.92,1813.00,1279.10,1028.90,863.95,1237.78,11.01,68.93,296.85,1323.15,1720.01,1266.90,1080.98,964.73,923.32,998.99,903.90,812.71,711.97,901.92
20260902,00,11110615,20734.64,34.58,62.59,123.22,443.65,1196.21,1380.82,1284.98,1218.74,1278.36,1433.16,946.90,782.68,756.47,1093.85,10.97,72.60,202.01,671.01,1006.35,748.25,798.00,705.19,734.22,850.42,803.08,702.82,615.34,778.17
20260902,01,11110615,19843.69,34.58,62.59,127.31,423.30,1130.38,1300.55,1211.77,1147.53,1228.26,1372.56,904.30,775.76,745.28,1083.85,10.97,72.60,197.27,636.86,925.97,699.02,740.85,665.36,702.61,818.48,794.25,665.91,600.18,765.34
20260902,02,11110615,18786.44,34.31,62.16,126.97,411.04,1000.74,1168.06,1113.78,1084.71,1169.97,1322.22,843.26,729.99,707.95,1047.28,10.88,72.06,185.64,586.75,863.13,630.32,713.00,645.65,682.41,799.71,801.81,645.55,591.63,735.46
20260902,03,11110615,18259.55,34.31,62.16,121.83,342.69,963.87,1062.57,1081.92,1054.78,1108.33,1312.55,846.01,735.67,696.33,1050.02,10.88,69.35,171.75,560.98,811.83,613.22,706.83,631.77,660.01,791.72,775.15,649.52,588.90,744.60
20260902,04,11110615,18161.25,34.31,62.16,117.42,341.15,934.17,1000.74,1056.05,1029.71,1124.76,1315.23,819.81,747.75,704.92,1065.04,10.88,69.35,166.77,551.52,799.78,596.26,705.25,620.62,656.80,798.75,794.75,681.07,594.10,762.13
20260902,05,11110615,19463.55,34.58,62.69,114.39,324.19,905.49,976.75,1100.32,1058.64,1137.76,1359.85,925.57,825.97,812.54,1183.35,10.97,69.94,171.23,543.00,803.54,605.83,723.74,644.10,664.52,853.45,889.99,879.39,828.93,952.83
20260902,06,11110615,22710.48,34.58,68.07,126.30,329.05,936.91,1053.17,1230.39,1267.34,1356.29,1669.06,1250.94,1099.04,1014.53,1371.41,10.97,63.77,192.31,609.75,957.55,745.41,808.44,704.96,768.24,927.35,989.18,1073.22,946.47,1105.78
20260902,07,11110615,32848.63,35.00,72.09,114.53,396.66,1271.46,1551.16,1857.49,2098.01,2406.17,2791.14,2219.39,1560.78,1410.47,1873.01,11.07,87.38,328.56,754.67,1299.07,1151.77,1183.70,1029.13,1105.85,1258.39,1244.60,1259.91,1151.19,1325.98
20260902,08,11110615,63080.46,57.60,56.54,126.71,640.06,2411.43,3389.81,3906.60,4535.97,4994.19,5656.43,4305.22,2443.09,2145.53,2583.50,22.32,135.14,646.62,1291.91,3125.35,3275.38,2798.42,2599.41,2460.02,2421.91,2116.60,1656.91,1544.92,1732.87
20260902,09,11110615,106982.50,37.52,57.99,238.30,1157.69,4426.01,6250.82,6639.30,7190.89,7851.09,8368.32,6291.20,3648.86,3067.92,4002.04,23.69,140.85,735.97,2346.17,6487.85,6900.78,5464.27,5193.99,4764.02,4326.51,3806.68,2692.87,2421.95,2448.95
20260902,10,11110615,127872.01,37.64,63.94,358.74,1537.86,5193.06,7279.94,7478.75,8197.72,8770.30,9386.72,7103.16,4500.54,3908.15,5820.87,18.37,137.15,771.88,2829.41,7547.53,8145.44,6487.28,6214.99,5723.96,5379.21,4820.18,3651.08,3284.07,3224.07
20260902,11,11110615,139358.54,31.19,65.90,370.76,1663.95,5426.34,7743.18,7825.34,8635.06,8974.48,9782.81,7638.08,5046.54,4613.11,7484.84,17.47,142.50,788.49,3065.77,7924.43,8609.76,6789.25,6680.40,6225.19,5883.78,5456.08,4341.63,3885.54,4246.67
20260902,12,11110615,154308.08,32.80,64.52,486.18,1982.01,5941.65,8441.38,8478.30,9239.08,9492.13,10149.58,8036.22,5405.60,5310.00,9444.00,20.34,148.64,859.76,3605.62,8743.29,9412.29,7429.86,7386.73,6756.37,6743.26,6038.83,4895.33,4528.93,5235.38
20260902,13,11110615,153799.79,36.88,66.22,473.02,1934.47,5747.39,8364.39,8041.18,8784.66,9378.62,9960.16,8117.55,5656.94,5464.07,10363.88,19.03,159.38,869.58,3463.49,8518.83,9370.07,7102.09,7131.95,6577.43,6644.99,6302.38,5124.69,4638.27,5488.18
20260902,14,11110615,156348.29,25.48,55.40,482.22,2025.26,5884.71,8383.37,8113.60,8736.52,9545.71,10136.68,8213.03,5677.01,5586.82,10746.37,13.34,154.62,936.75,3606.66,8655.86,9410.71,7228.84,7217.43,6680.46,6759.51,6384.72,5174.07,4874.82,5638.32
20260902,15,11110615,155931.87,19.93,44.42,478.45,2055.92,5896.73,8480.77,8121.52,8760.43,9516.88,10176.40,8255.93,5695.74,5604.06,10497.08,13.41,107.31,1023.55,3914.16,8803.90,9366.24,7225.78,7127.92,6712.17,6753.47,6288.09,5026.29,4575.53,5389.79
20260902,16,11110615,150759.99,19.85,210.19,516.99,2090.15,5847.29,8336.52,8030.87,8552.82,9359.59,9937.89,8031.38,5453.93,5327.35,9470.33,6.46,183.57,1082.74,4193.22,8743.42,9069.06,6973.27,6837.35,6529.41,6499.48,6164.07,4534.60,4129.74,4628.45
20260902,17,11110615,142743.38,42.11,260.99,645.65,2237.31,5713.40,8156.57,7852.71,8399.98,8932.74,9509.68,7586.68,5091.08,4987.71,7920.10,11.97,203.38,1020.65,4330.06,8683.63,8777.65,6569.24,6416.91,6118.39,6087.90,5804.38,4028.35,3553.55,3800.61
20260902,18,11110615,126426.55,30.85,175.28,804.69,2357.75,5563.20,7538.58,7130.20,7579.43,8026.26,8518.01,6578.50,4475.88,4251.27,6134.45,22.76,119.58,952.35,4316.76,8119.64,7861.79,5685.01,5362.65,5314.01,5280.85,4830.14,3530.27,2931.46,2934.93
20260902,19,11110615,96527.53,37.09,138.27,815.81,2239.02,4520.39,6003.00,5359.68,5588.66,5911.25,6323.84,4860.99,3485.09,3191.82,4402.50,16.95,84.44,941.76,4035.18,6398.02,5895.70,3940.47,3732.99,3788.84,3722.14,3585.83,2780.49,2372.51,2354.80
20260902,20,11110615,75865.68,42.25,117.37,767.43,2116.66,3992.87,4849.27,4199.63,4440.51,4450.03,4713.29,3631.28,2747.89,2542.26,3144.80,16.63,81.42,835.78,3806.03,5259.10,4459.97,2942.00,2685.88,2715.68,2685.98,2667.32,2166.51,1895.65,1892.19
20260902,21,11110615,60638.54,35.47,87.43,612.16,1957.66,3367.46,4116.79,3451.21,3663.58,3391.79,3639.27,2721.95,2136.97,1872.00,2270.12,11.08,74.76,790.49,3418.52,4291.14,3555.07,2411.87,2146.66,2108.65,2038.33,1989.34,1582.12,1402.23,1494.42
20260902,22,11110615,43755.73,35.10,68.85,435.39,1566.66,2590.13,3077.27,2692.61,2802.88,2584.62,2642.78,1932.37,1531.16,1236.22,1559.23,11.00,75.40,557.81,2376.28,2935.88,2442.97,1713.20,1503.37,1430.59,1404.80,1353.75,1091.68,991.37,1112.36
20260902,23,11110615,31440.95,29.38,71.53,287.22,1083.58,1878.70,2238.99,2039.77,2065.24,1859.10,1944.75,1427.85,1112.23,923.25,1290.73,11.06,70.30,410.98,1499.30,1882.77,1538.59,1161.08,999.30,1069.68,1045.26,988.96,817.18,753.35,940.82
20260903,00,11110615,21439.88,30.51,75.06,137.58,574.47,1230.30,1446.48,1393.40,1350.90,1253.09,1431.83,947.67,846.94,712.94,1080.06,11.06,66.79,203.54,714.86,999.23,848.03,771.28,694.33,829.67,844.84,809.94,710.61,653.33,771.14
20260903,01,11110615,20351.84,30.51,75.06,123.48,490.67,1133.82,1337.90,1295.75,1270.49,1178.33,1342.65,903.86,830.10,689.45,1073.95,11.06,66.79,185.39,669.16,915.17,781.45,744.78,676.99,807.85,832.61,793.03,701.22,626.86,763.46
20260903,02,11110615,19307.74,30.45,75.06,110.93,418.89,1012.29,1220.47,1222.03,1187.56,1143.76,1300.81,838.53,796.59,661.57,1045.55,11.06,72.01,174.03,611.59,819.63,714.86,727.10,665.78,797.81,820.48,783.09,690.88,602.95,751.98
20260903,03,11110615,18669.36,30.45,71.45,106.14,366.96,929.75,1120.25,1154.95,1136.35,1094.03,1294.80,827.66,784.93,649.81,1029.63,11.06,72.01,173.70,581.25,810.29,658.65,686.82,658.81,801.02,815.81,788.69,677.44,597.93,738.72
20260903,04,11110615,18497.88,30.45,71.45,102.20,336.97,873.11,1039.82,1140.53,1134.46,1080.99,1278.69,835.92,774.00,654.11,1042.18,11.06,72.01,177.24,570.59,788.58,633.38,691.07,665.80,787.36,812.18,807.92,711.62,612.05,762.14
20260903,05,11110615,19636.11,25.12,67.85,109.22,342.26,839.33,1045.69,1146.43,1147.02,1099.43,1332.94,878.01,876.71,743.28,1150.01,11.06,72.09,170.65,537.43,779.82,651.24,692.93,681.36,806.25,846.89,901.51,911.46,835.28,934.84
20260903,06,11110615,22840.10,25.12,67.79,123.21,331.68,858.52,1125.13,1214.76,1316.16,1358.66,1652.03,1195.52,1111.48,1028.76,1389.40,11.06,76.48,175.07,614.03,881.30,733.58,756.22,740.50,884.85,936.05,1043.36,1103.55,977.98,1107.85
20260903,07,11110615,33763.37,30.92,69.06,126.72,396.67,1258.26,1634.65,1840.39,2250.44,2333.25,2798.11,2216.68,1648.76,1514.40,1905.47,11.21,109.05,332.97,806.52,1317.67,1167.27,1177.36,1030.26,1291.55,1284.97,1384.76,1276.29,1193.88,1355.83
20260903,08,11110615,63086.28,36.90,62.36,165.85,600.62,2272.08,3528.55,3781.65,4621.94,4934.07,5613.42,4119.39,2518.97,2244.00,2658.53,18.26,146.37,660.76,1326.02,2963.88,3120.94,2732.43,2584.56,2535.18,2586.18,2252.75,1606.41,1565.24,1828.97
20260903,09,11110615,104344.12,37.49,74.44,258.86,1141.27,4156.88,6287.96,6340.41,7059.83,7449.27,8060.87,5975.99,3648.20,3231.62,3880.85,18.72,154.06,765.50,2245.92,6329.88,6586.10,5166.95,4992.50,4781.18,4287.32,4002.77,2559.75,2314.22,2535.31
20260903,10,11110615,125581.49,32.45,70.31,327.15,1446.84,4903.41,7275.48,7262.12,7979.52,8385.70,8996.63,7043.77,4535.75,4075.04,5635.93,21.44,161.38,822.02,2822.89,7422.18,7878.62,6208.70,6072.23,5689.11,5343.47,5159.04,3446.00,3157.77,3406.54
20260903,11,11110615,141316.90,27.04,74.59,344.52,1638.94,5264.02,8035.38,7925.32,8618.79,8967.98,9663.03,7623.46,5058.14,4806.74,7512.37,27.35,157.12,838.22,3242.81,8154.38,8579.24,6783.75,6865.66,6414.96,6079.72,5839.95,4246.96,3989.95,4536.51
20260903,12,11110615,155120.23,27.96,89.05,405.63,1942.29,5740.20,8438.46,8265.86,9132.99,9346.94,9967.49,8114.10,5660.89,5305.89,9641.60,30.27,157.87,906.23,3721.94,9004.70,9223.86,7359.60,7371.28,7086.34,6861.82,6422.33,4769.79,4567.25,5557.60
20260903,13,11110615,155578.85,21.46,86.50,445.08,1833.08,5792.59,8514.39,7957.13,8877.53,9241.37,9874.14,7984.10,5677.84,5505.01,10662.00,28.72,183.75,950.82,3774.39,8725.02,9349.42,7275.95,7171.14,7007.60,6754.14,6508.07,4918.94,4627.78,5830.89
20260903,14,11110615,160778.10,22.28,132.00,548.37,2102.04,6044.59,8721.34,8180.28,9032.81,9336.55,10007.74,8283.73,5814.59,5749.34,11163.29,28.44,224.08,1048.90,4008.41,9124.79,9537.91,7434.93,7277.60,7124.00,6938.44,6839.06,5127.02,4928.18,5997.39
20260903,15,11110615,158111.72,28.50,158.31,557.14,2114.00,6081.16,8686.45,8071.07,8921.49,9288.32,9959.49,8147.64,5621.80,5780.73,10542.06,21.36,228.04,1102.31,4118.90,9088.63,9381.07,7311.01,7161.18,6910.61,6945.17,6705.14,4903.40,4584.43,5692.31
20260903,16,11110615,153908.32,39.75,124.68,599.37,2147.74,6122.15,8632.77,8022.48,8935.85,9198.96,9808.06,8029.24,5423.33,5596.04,9530.47,32.12,107.99,1104.27,4249.02,9143.13,9418.97,7294.93,6914.33,6690.60,6604.02,6463.62,4579.60,4171.31,4923.52
20260903,17,11110615,145725.63,39.23,145.32,712.52,2252.27,6195.54,8483.12,7817.20,8680.63,8691.73,9553.42,7687.56,5238.83,4972.30,8054.28,47.85,85.85,1055.74,4462.11,9001.07,9217.34,6829.44,6495.97,6324.10,6184.22,5986.77,3992.54,3609.80,3908.88
20260903,18,11110615,131122.33,38.79,138.05,736.33,2372.25,6110.01,8157.22,7242.44,7871.18,8028.72,8503.42,6602.10,4488.42,4327.22,6354.34,41.89,120.40,1020.62,4615.87,8591.19,8277.34,5980.24,5789.12,5570.26,5558.54,4929.79,3496.09,2993.20,3167.29
20260903,19,11110615,99730.25,44.98,119.38,685.82,2271.61,5055.32,6553.15,5313.67,5861.29,6039.35,6494.86,4891.08,3475.55,3276.27,4468.87,27.96,104.15,996.88,4153.87,6746.73,6112.57,4278.13,4041.48,3834.11,3965.98,3517.41,2673.76,2322.49,2403.53
20260903,20,11110615,80358.85,33.77,111.22,629.36,2232.18,4559.33,5580.37,4254.60,4635.85,4602.38,4954.21,3743.38,2871.49,2677.69,3154.93,27.75,98.83,929.79,3775.18,5631.14,4832.40,3274.37,2911.84,2910.57,3139.59,2758.74,2161.99,1921.35,1944.55
20260903,21,11110615,64609.79,32.12,115.95,551.81,1994.15,3925.80,4570.91,3603.21,3730.04,3667.64,3991.27,2903.06,2169.33,1872.95,2199.76,16.73,93.31,842.53,3288.79,4724.03,4018.24,2666.07,2282.20,2260.49,2391.68,2077.92,1604.65,1516.69,1498.46
20260903,22,11110615,47393.78,31.80,122.31,416.00,1430.11,3152.51,3563.53,2904.41,2887.22,2666.35,2759.01,1948.20,1573.57,1266.66,1624.42,11.02,71.41,609.31,2375.67,3441.95,2904.45,1917.10,1674.36,1575.24,1683.84,1427.04,1132.27,1075.97,1148.05
20260903,23,11110615,34447.90,26.44,106.60,306.37,1026.05,2353.40,2548.76,2288.86,2146.28,1981.01,2002.06,1469.70,1166.19,968.88,1263.83,10.93,70.61,431.72,1562.63,2383.72,1848.55,1319.19,1138.10,1144.46,1210.95,1045.36,895.59,783.64,948.02
20260904,00,11110615,22898.09,19.82,97.03,181.20,577.90,1393.42,1584.36,1578.00,1334.81,1386.86,1406.29,1071.92,856.86,671.88,1080.32,11.03,74.82,232.13,781.11,1306.42,967.16,859.35,762.24,815.50,901.75,813.44,696.56,642.24,793.67
20260904,01,11110615,21561.03,19.82,97.03,159.92,546.23,1316.83,1428.74,1417.15,1252.91,1277.21,1377.33,1017.21,816.45,662.12,1066.58,11.03,74.76,209.20,716.45,1163.95,881.19,785.13,730.92,801.07,873.42,786.52,676.79,620.74,774.33
20260904,02,11110615,19864.73,19.82,97.03,164.02,478.54,1142.45,1237.02,1264.83,1141.16,1185.54,1296.54,909.01,762.46,641.26,1063.44,10.93,74.76,199.77,615.77,976.96,718.48,724.98,690.05,776.46,836.76,770.00,676.56,618.22,771.91
20260904,03,11110615,19098.56,19.82,97.03,155.62,449.62,1067.04,1112.12,1198.21,1117.32,1146.21,1268.33,875.17,737.48,646.04,1060.53,10.83,74.76,194.58,589.15,888.08,662.41,694.70,656.99,753.84,841.29,743.77,671.30,596.99,769.33
20260904,04,11110615,18913.27,19.82,96.96,151.35,408.47,1022.26,1066.30,1175.26,1070.53,1134.74,1267.30,861.69,755.50,651.23,1071.54,10.83,74.83,198.14,574.01,874.22,647.92,673.28,661.16,742.45,847.17,756.76,704.02,608.10,787.43
20260904,05,11110615,19945.97,19.82,96.96,153.67,406.52,1011.84,1059.73,1175.75,1084.21,1136.24,1333.66,932.27,824.46,732.70,1161.70,10.84,74.83,191.73,567.89,883.98,658.91,674.71,657.71,743.85,883.67,848.39,854.82,840.73,924.38
20260904,06,11110615,22915.75,19.97,97.65,151.83,414.94,1041.08,1116.96,1311.04,1264.53,1330.29,1595.04,1212.60,1047.02,972.69,1367.07,10.93,74.44,215.57,642.51,1002.52,731.84,761.43,732.94,809.95,978.90,967.92,1021.91,924.02,1098.16
20260904,07,11110615,31260.11,20.13,98.47,135.78,464.53,1261.16,1524.85,1808.78,1902.75,2144.72,2517.91,2051.21,1436.86,1341.42,1795.49,11.01,83.60,381.60,752.33,1294.00,1032.85,1066.87,982.99,1117.83,1273.09,1173.19,1177.97,1130.02,1278.70
20260904,08,11110615,55245.26,25.95,76.52,144.07,625.00,2128.89,3059.19,3428.12,3901.80,4141.52,4917.05,3679.71,2209.84,1944.88,2478.50,17.99,138.70,630.90,1173.72,2633.06,2624.12,2250.52,2084.22,2180.91,2227.65,1951.44,1468.99,1438.90,1663.10
20260904,09,11110615,86695.37,31.72,88.24,206.64,988.52,3522.45,5230.76,5262.83,5737.06,6121.48,6781.52,5131.32,3013.18,2656.97,3531.27,23.60,165.45,745.02,1868.28,5016.50,5229.30,4091.31,3855.34,3861.31,3563.38,3462.86,2236.83,1978.46,2293.77
20260904,10,11110615,104123.67,21.01,135.13,291.31,1279.13,4144.63,6119.61,6000.52,6454.16,6840.27,7644.07,5832.34,3643.06,3511.25,5131.12,24.08,186.58,830.53,2362.41,5822.33,6226.35,4884.18,4742.53,4590.62,4364.94,4358.16,2958.40,2701.70,3023.25
20260904,11,11110615,131141.01,26.83,232.23,367.73,1662.63,5201.06,7515.78,7225.45,7844.50,8171.38,8815.23,6967.91,4596.26,4396.91,7250.84,24.42,218.47,928.85,3028.35,7442.77,7846.06,6210.02,6063.83,5892.75,5770.71,5654.72,3888.95,3647.42,4248.95
20260904,12,11110615,144703.38,21.42,258.84,457.31,1895.49,5611.87,8182.74,7652.44,8281.25,8567.24,9129.81,7398.98,5082.95,5055.96,9120.69,37.40,250.80,1086.84,3455.71,8266.47,8695.38,6731.59,6679.32,6683.68,6356.49,6084.51,4445.01,4055.01,5158.18
20260904,13,11110615,147982.62,21.50,195.05,474.40,1964.35,5655.15,8123.62,7491.26,8230.25,8494.24,9210.80,7529.55,5323.18,5502.07,10302.21,30.47,271.09,1201.07,3671.99,8402.91,8610.63,6706.26,6634.65,6435.74,6387.93,6290.88,4672.61,4442.68,5706.08
20260904,14,11110615,150008.51,21.42,210.64,552.72,2151.76,5960.13,8296.77,7509.89,8227.20,8492.35,9246.16,7425.06,5499.58,5646.24,10394.06,41.81,295.28,1316.16,4056.47,8507.38,8824.09,6704.61,6545.53,6269.05,6504.82,6367.47,4756.32,4549.95,5635.59
20260904,15,11110615,147724.35,21.44,206.58,585.39,2254.93,6109.20,8286.14,7314.04,8080.17,8308.99,9119.19,7464.56,5465.85,5443.13,9921.97,36.15,199.53,1356.72,4313.65,8582.46,8666.06,6564.03,6480.53,6063.86,6388.97,6157.04,4571.44,4338.07,5424.26
20260904,16,11110615,142860.12,21.37,167.72,732.82,2374.26,6115.98,8250.34,7165.40,7829.40,7924.00,8826.34,7402.90,5229.56,5350.88,8939.78,46.47,150.76,1245.84,4495.77,8686.23,8550.72,6291.98,6340.66,5921.43,6172.48,5984.35,4183.51,3957.07,4502.10
20260904,17,11110615,135711.82,26.93,166.18,856.83,2607.94,6076.25,8150.57,6942.18,7424.10,7537.92,8504.37,6910.21,4953.39,5019.10,7596.30,51.65,152.29,1202.56,4767.21,8620.64,8373.08,5881.06,5889.31,5673.01,5911.81,5688.69,3561.51,3391.80,3774.93
20260904,18,11110615,123758.35,19.87,169.32,959.22,2890.81,6354.87,7726.25,6267.15,6522.67,6758.04,7628.17,6157.66,4555.11,4408.14,5947.22,50.93,155.22,1323.07,5148.53,8273.12,7783.86,5347.47,5084.63,5034.96,5177.45,4819.58,3303.45,2878.45,3013.13
20260904,19,11110615,101248.98,26.41,183.86,897.45,2948.83,6133.74,6631.69,4879.96,4850.53,5028.85,5874.43,4858.65,3887.66,3508.05,4328.21,68.09,154.01,1311.62,5052.75,7656.96,6562.82,4169.56,3670.07,3833.95,3791.24,3730.51,2670.82,2248.59,2289.67
20260904,20,11110615,85038.98,35.86,182.09,840.98,2701.70,5790.80,6085.04,4097.65,3930.21,3886.67,4430.32,3731.22,3124.74,2864.52,3103.03,62.21,179.03,1236.38,4860.40,7052.27,5676.88,3404.07,2951.43,2995.28,2978.31,2974.03,2197.17,1853.47,1813.22
20260904,21,11110615,71588.29,42.20,156.05,713.13,2399.71,5446.09,5653.55,3634.87,3299.62,3136.94,3616.31,2983.99,2404.01,2070.40,2168.04,54.98,147.88,1077.23,4312.84,6473.53,4892.71,2853.19,2443.15,2405.87,2472.85,2185.53,1638.75,1435.50,1469.37
20260904,22,11110615,56644.16,31.24,125.53,577.67,2073.04,4871.60,4928.63,3168.62,2685.73,2567.47,2776.23,2204.69,1773.89,1347.23,1601.73,54.96,92.72,775.38,3396.53,5487.26,3905.82,2210.10,1735.95,1721.61,1676.68,1501.25,1219.61,1023.57,1109.42
20260904,23,11110615,43361.21,36.27,117.13,439.10,1635.13,4083.83,3981.98,2664.86,2070.26,1992.48,2086.78,1609.10,1330.23,982.66,1291.59,54.38,86.08,563.64,2490.70,4102.68,2781.74,1675.84,1254.92,1236.27,1198.45,1050.89,878.28,756.76,909.18
20260905,00,11110615,27382.74,41.62,118.59,247.22,965.32,2659.72,2552.12,1812.25,1324.95,1345.79,1319.30,933.57,919.07,734.34,1062.27,56.72,93.11,267.75,1166.21,2153.74,1386.65,1026.01,795.18,832.65,805.71,733.49,700.91,606.12,722.36
20260905,01,11110615,25367.72,41.62,113.16,231.65,876.22,2366.90,2224.83,1705.89,1209.90,1246.44,1231.79,878.18,910.71,706.87,1051.97,56.72,103.00,251.19,1081.62,1850.64,1232.95,975.32,766.50,804.96,771.04,720.77,667.01,590.58,699.29
20260905,02,11110615,22817.14,35.95,112.27,214.29,778.14,1984.93,1827.51,1515.26,1107.95,1137.69,1138.95,824.54,862.26,687.60,1043.12,56.26,102.14,224.16,953.42,1464.24,1059.93,876.69,705.37,771.39,751.10,696.94,640.31,559.58,685.15
20260905,03,11110615,20919.30,35.95,112.27,197.73,678.44,1616.97,1564.53,1343.35,1044.27,1035.63,1124.65,801.67,775.37,681.87,1049.55,56.26,102.06,217.60,812.92,1235.09,909.76,797.05,667.93,758.70,753.22,688.39,625.97,550.22,681.88
20260905,04,11110615,19310.97,35.94,112.21,161.07,548.48,1347.31,1326.51,1221.62,936.45,991.82,1069.64,760.44,738.62,681.81,1026.58,61.53,102.06,193.13,756.70,1069.32,756.35,749.93,646.84,741.39,739.31,681.28,621.48,546.78,686.37
20260905,05,11110615,18954.93,35.94,112.16,151.21,543.11,1135.87,1144.39,1157.12,952.81,990.81,1059.40,773.73,806.39,724.26,1087.28,56.26,102.11,194.12,674.19,1009.58,718.71,727.94,615.19,737.53,749.14,701.96,643.59,604.69,745.44
20260905,06,11110615,19629.25,36.24,113.18,136.24,483.24,1033.14,1071.01,1096.09,965.12,995.63,1147.18,889.09,937.50,867.06,1277.32,56.72,103.08,187.11,647.56,995.52,717.19,767.31,615.33,764.44,771.70,748.67,713.77,668.95,823.86
20260905,07,11110615,22282.02,36.51,124.93,142.51,488.41,1037.45,1172.90,1170.12,1049.22,1224.32,1372.74,1139.89,1147.12,1050.99,1556.18,57.07,113.21,222.72,670.71,1071.45,832.02,826.31,692.55,824.56,852.03,837.55,798.03,750.97,1019.55
20260905,08,11110615,26593.88,47.76,143.57,164.01,508.10,1163.40,1346.91,1360.15,1208.47,1403.43,1618.06,1402.18,1370.53,1348.08,2023.05,63.00,111.46,289.43,814.91,1218.85,1009.88,923.08,809.48,1020.47,1038.89,967.76,942.85,919.17,1356.95
20260905,09,11110615,35246.61,42.84,215.74,238.66,690.65,1534.97,1738.61,1611.40,1538.20,1642.46,1951.72,1763.73,1701.33,1733.79,2627.67,80.16,178.34,362.04,1247.04,1639.23,1455.88,1146.65,1059.69,1359.43,1515.72,1462.60,1304.80,1450.64,1952.62
20260905,10,11110615,48092.09,67.43,254.50,358.66,1028.12,2075.63,2462.65,1961.00,1917.65,2041.23,2481.23,2179.31,2115.44,2246.88,4001.87,122.90,186.13,517.23,1764.72,2281.56,2106.31,1623.05,1530.77,1852.89,2245.22,2106.87,1850.42,2059.65,2652.77
20260905,11,11110615,60485.46,79.36,301.25,447.11,1235.94,2498.73,2917.24,2295.77,2284.07,2278.14,2822.09,2612.29,2517.29,2634.43,5512.62,175.85,259.06,660.62,1991.21,2927.15,2759.07,2067.46,2062.49,2474.24,2913.00,2871.25,2484.68,2683.86,3719.19
20260905,12,11110615,76345.84,95.02,448.26,647.55,1383.93,3009.86,3525.17,2721.75,2566.14,2819.77,3147.24,2960.12,2921.09,3529.41,8047.12,197.10,449.81,815.82,2578.94,3791.13,3566.31,2685.87,2799.37,3077.42,3591.75,3708.01,3029.75,3402.95,4829.18
20260905,13,11110615,88469.89,140.87,542.54,747.88,1542.87,3598.28,4231.61,3201.15,2941.09,3037.85,3447.76,3315.89,3311.47,4052.61,9188.66,232.33,563.50,1131.22,3160.84,4949.11,4400.59,3276.20,3229.13,3575.61,4031.37,4087.33,3432.84,3794.15,5305.14
20260905,14,11110615,98904.02,168.32,640.45,928.72,2030.58,4241.87,4911.70,3508.31,3167.20,3285.26,3707.39,3517.32,3602.80,4305.78,9550.62,316.57,674.35,1310.23,3833.86,6034.94,5332.12,3836.06,3772.68,4125.72,4416.45,4356.40,3796.43,4005.06,5526.83
20260905,15,11110615,104861.91,181.16,622.93,1105.22,2298.23,4810.16,5244.20,3787.96,3327.82,3460.91,3774.04,3690.38,3757.14,4551.52,9215.96,344.09,819.71,1407.16,4367.56,7116.92,6081.27,4163.35,4137.15,4318.64,4743.11,4522.71,3762.32,4047.47,5202.82
20260905,16,11110615,105282.25,201.01,607.90,1194.56,2632.06,5216.22,5703.04,3931.85,3471.27,3398.61,3952.74,3618.78,3724.53,4229.85,8091.23,410.81,809.56,1499.53,4960.35,7816.06,6339.99,4244.78,4221.04,4303.05,4559.56,4462.79,3582.99,3600.76,4497.33
20260905,17,11110615,104174.89,200.29,557.02,1134.53,2736.79,5725.29,6154.11,3954.08,3357.48,3228.30,3838.17,3681.72,3784.79,4162.95,6963.77,402.01,716.57,1720.29,5480.72,8638.59,6672.41,4171.78,4046.53,4106.20,4425.31,4132.09,3357.66,3133.68,3691.76
20260905,18,11110615,99260.53,170.08,461.26,1138.29,2932.60,6101.50,6353.92,4076.36,3121.27,3216.39,3536.54,3331.31,3597.78,3786.95,5696.00,360.77,676.46,1706.56,5706.56,9055.82,6652.08,3912.08,3673.89,3668.15,3869.66,3738.05,3028.11,2733.31,2958.78
20260905,19,11110615,90581.79,144.24,415.57,982.84,3058.51,6248.11,6438.27,3891.67,3080.49,2898.24,3181.23,3042.85,3213.43,3177.97,4481.16,279.80,606.13,1508.57,5516.28,8981.68,6273.10,3580.41,3029.09,3177.39,3114.29,3077.35,2610.38,2199.28,2373.46
20260905,20,11110615,78329.65,117.41,351.35,794.40,2862.04,6121.19,6136.14,3728.79,2639.45,2533.16,2802.71,2487.27,2660.23,2607.54,3241.18,198.65,560.58,1209.62,5005.02,8114.08,5677.87,3013.37,2467.40,2505.65,2461.46,2468.43,2105.74,1670.43,1788.49
20260905,21,11110615,66118.33,80.11,239.42,738.35,2674.28,5851.71,5818.20,3377.68,2307.21,2185.76,2416.24,2055.92,2054.63,1901.59,2294.50,156.71,404.55,1012.90,4488.71,7127.75,4761.40,2412.43,1933.15,2001.02,1921.71,1820.74,1568.32,1259.34,1254.00
20260905,22,11110615,55201.65,62.99,228.85,573.53,2489.07,5484.65,5353.92,3094.71,2103.17,1904.59,2023.70,1630.12,1608.92,1412.69,1711.94,111.58,261.19,815.50,3849.40,5875.19,3788.18,1926.38,1501.10,1551.50,1516.18,1325.62,1063.16,955.73,978.09
20260905,23,11110615,44506.86,56.88,187.69,478.97,2064.08,4791.47,4494.45,2740.78,1871.23,1596.59,1691.24,1239.80,1189.56,1006.35,1324.71,93.43,193.10,763.73,2916.13,4382.26,2907.25,1449.26,1200.73,1208.14,1144.34,1019.54,861.11,757.68,876.36
20260906,00,11110615,29815.16,50.59,138.32,319.72,1199.69,3147.19,3074.79,1964.15,1510.36,1252.14,1357.50,905.49,856.67,778.77,1027.04,60.69,117.60,386.17,1348.92,2441.09,1649.08,1033.85,877.87,845.66,785.20,777.40,666.99,572.07,670.15
20260906,01,11110615,28361.90,50.59,132.81,328.28,1188.31,2813.62,2828.67,1879.15,1472.08,1232.44,1324.36,882.34,824.68,740.36,994.39,55.29,117.44,361.02,1266.32,2215.97,1523.27,1022.76,848.18,827.78,771.25,770.75,667.64,566.37,655.78
20260906,02,11110615,25840.55,50.21,131.75,279.32,1056.53,2465.91,2491.80,1694.74,1296.98,1144.37,1236.83,805.71,787.66,700.67,973.38,54.76,112.15,319.08,1151.67,1892.67,1299.25,957.88,810.63,811.43,752.04,746.60,632.75,555.57,628.21
20260906,03,11110615,23666.95,50.21,131.75,248.68,966.00,2084.29,2132.70,1510.19,1166.30,1080.36,1201.65,758.20,750.73,674.61,970.17,54.76,107.14,273.57,1037.60,1612.24,1111.37,896.48,794.77,813.19,759.45,720.69,624.11,524.42,611.32
20260906,04,11110615,21627.97,50.21,120.87,218.46,769.52,1744.24,1789.60,1321.22,1093.80,1008.30,1150.77,729.53,740.04,667.66,957.00,54.69,107.19,252.60,877.67,1384.51,964.48,833.26,784.28,786.02,745.21,713.94,625.28,515.70,621.92
20260906,05,11110615,20443.36,50.21,120.87,202.86,642.94,1506.72,1509.47,1213.16,1024.77,960.24,1105.75,735.97,775.31,669.43,1013.74,54.69,101.76,252.45,763.39,1246.05,867.79,815.46,777.55,786.29,743.64,707.15,646.49,513.38,635.83
20260906,06,11110615,20359.34,50.59,121.94,181.26,574.71,1303.35,1272.07,1081.27,1009.51,988.59,1148.67,818.17,828.68,750.41,1217.01,55.13,105.13,267.06,728.85,1194.03,820.94,835.74,781.28,815.20,752.62,741.71,680.74,559.81,674.87
20260906,07,11110615,20861.16,50.59,122.01,154.05,507.83,1264.28,1163.93,1066.65,1053.20,1025.21,1231.40,940.16,910.95,835.68,1316.67,55.24,105.21,244.49,716.91,1148.48,827.62,843.27,765.91,778.14,797.42,785.32,750.21,635.05,765.28
20260906,08,11110615,22542.73,50.98,128.85,156.24,520.06,1248.61,1261.49,1144.81,1112.55,1133.09,1305.46,1019.66,952.50,910.90,1487.57,55.82,110.35,266.34,764.22,1228.18,953.73,882.68,859.13,849.59,883.99,838.37,846.30,701.05,870.21
20260906,09,11110615,27142.80,45.80,162.76,221.54,621.78,1450.91,1447.29,1343.20,1315.18,1299.85,1598.18,1248.98,1123.39,1079.91,1804.60,56.33,152.51,314.56,1056.34,1403.04,1126.65,1049.35,1019.84,1067.21,1063.74,1081.37,981.84,909.51,1097.14
20260906,10,11110615,35281.05,62.97,235.76,353.98,871.83,1743.46,1810.86,1679.18,1487.73,1644.49,1928.11,1499.74,1364.13,1353.78,2363.72,90.39,219.89,381.82,1446.51,1882.58,1553.49,1358.92,1378.70,1362.40,1530.76,1493.72,1305.24,1250.75,1626.14
20260906,11,11110615,44622.07,72.04,315.24,529.07,1061.75,1981.30,2278.39,2059.43,1735.52,1844.61,2186.07,1780.07,1664.79,1801.28,3247.43,131.86,370.76,500.39,1770.68,2299.71,1996.23,1809.80,1698.90,1841.83,1941.37,1972.94,1666.52,1627.40,2436.69
20260906,12,11110615,54880.99,92.93,443.43,637.22,1219.53,2401.99,2747.09,2408.63,2132.06,2033.27,2356.09,2100.20,1937.45,2235.22,4308.97,196.09,543.79,693.81,2129.00,3027.45,2590.00,2316.04,2224.00,2294.69,2413.54,2360.65,2070.65,2081.21,2885.99
20260906,13,11110615,65281.08,166.82,578.96,808.23,1481.74,2820.85,3195.91,2779.40,2404.82,2322.96,2587.28,2368.06,2257.58,2539.63,5187.51,240.49,613.72,986.11,2689.59,3903.32,3364.69,2691.84,2710.47,2791.37,2819.28,2743.35,2434.68,2371.12,3421.30
20260906,14,11110615,71550.84,182.41,644.34,893.04,1713.55,3272.66,3496.45,2980.59,2547.59,2515.34,2637.00,2451.27,2385.33,2775.40,5577.61,304.68,761.13,1179.71,3148.83,4738.61,3854.92,2895.61,3055.81,3047.54,2948.53,3044.51,2560.68,2513.25,3424.45
20260906,15,11110615,73943.87,163.37,698.27,834.97,1919.65,3691.09,3676.45,2990.11,2659.94,2626.07,2711.05,2591.94,2363.74,2781.02,5485.09,278.65,852.17,1310.12,3657.86,5346.99,4075.89,3027.12,3206.60,3006.63,2901.63,2936.92,2489.56,2403.41,3257.56
20260906,16,11110615,71996.64,136.75,644.05,856.15,2127.89,3942.16,3746.28,2969.54,2657.25,2550.22,2680.07,2389.26,2222.72,2593.70,4973.80,270.11,627.68,1379.28,4031.66,5511.21,3999.13,3018.43,2961.14,2836.23,2739.27,2733.01,2282.29,2276.72,2840.64
20260906,17,11110615,69313.60,116.52,524.41,863.11,2168.47,4210.21,4075.73,2842.47,2672.10,2449.30,2519.50,2179.12,2079.28,2359.43,4146.60,208.62,639.51,1416.17,4359.16,5757.46,4156.19,2920.04,2765.77,2571.23,2447.59,2455.90,2011.05,2020.83,2377.83
20260906,18,11110615,64810.32,107.01,416.83,787.30,2454.77,4295.40,4173.01,2705.40,2421.24,2258.71,2279.14,2001.58,1948.19,2006.92,3223.25,186.12,561.61,1349.53,4587.50,5867.45,4177.75,2581.68,2409.99,2176.14,2142.15,2178.29,1786.10,1699.88,2027.38
20260906,19,11110615,56840.25,98.66,337.10,731.53,2434.94,4266.35,3765.55,2403.80,2131.93,1892.30,1991.03,1657.36,1693.60,1737.45,2540.08,115.20,429.07,1317.84,4273.90,5349.62,3704.01,2335.87,2017.19,1714.91,1740.24,1695.95,1546.88,1324.32,1593.57
20260906,20,11110615,47727.14,54.54,237.42,586.02,2256.75,3843.43,3346.10,2139.40,1787.58,1595.64,1649.73,1406.25,1372.92,1357.60,1920.22,65.64,283.49,1133.38,3824.01,4783.53,2979.93,1812.25,1629.00,1389.17,1388.53,1309.75,1260.91,1041.76,1272.19
20260906,21,11110615,38806.40,32.23,168.78,442.30,1936.06,3269.77,2879.77,1871.36,1483.56,1323.96,1426.53,1167.70,1175.96,1066.51,1482.44,38.05,156.19,909.76,3230.94,3841.49,2384.19,1416.92,1146.76,1122.42,1084.93,1048.86,904.88,819.21,974.87
20260906,22,11110615,30141.28,20.09,85.22,291.23,1513.44,2601.11,2348.27,1486.35,1278.12,1124.59,1278.45,946.75,962.84,792.53,1258.56,21.69,99.16,601.53,2369.76,2847.91,1657.02,1025.86,760.70,862.75,871.27,787.50,715.53,665.61,867.44
20260906,23,11110615,24150.69,19.99,79.11,184.66,1101.86,2045.66,1834.55,1259.29,1120.71,1048.41,1164.54,805.46,825.04,665.47,1153.75,21.60,80.03,404.10,1608.71,1882.20,1140.91,862.59,632.05,741.35,739.72,675.26,632.77,602.61,818.29
20260907,00,11110615,19306.94,14.42,77.67,118.19,586.89,1404.74,1316.46,1123.80,1070.65,1104.06,1133.40,763.13,708.85,582.70,1019.18,22.68,79.78,204.64,806.90,1084.19,808.27,723.22,648.23,713.12,712.35,645.60,611.04,539.49,683.29
20260907,01,11110615,18611.26,14.42,77.78,105.66,542.47,1289.42,1205.85,1099.98,1036.80,1091.01,1115.10,744.75,693.27,585.66,1012.99,22.68,79.69,206.88,718.92,997.50,743.00,712.99,652.69,706.62,708.44,636.28,599.11,539.05,672.25
20260907,02,11110615,17765.45,14.42,77.78,105.53,438.81,1136.83,1118.50,1033.23,1000.11,1059.08,1093.32,727.59,673.31,576.09,1000.87,22.68,79.69,200.91,655.30,916.41,686.46,677.98,628.90,701.26,699.81,642.24,590.53,536.17,671.64
20260907,03,11110615,17171.33,14.42,77.94,99.68,371.72,1010.85,1044.02,950.54,988.35,1045.62,1095.54,714.11,663.15,562.80,1007.62,22.68,82.65,189.54,609.53,856.83,635.56,677.48,622.87,698.83,691.50,640.75,585.30,537.97,673.48
20260907,04,11110615,17022.90,14.42,77.94,99.77,316.83,954.32,994.68,922.34,983.81,1053.96,1101.17,730.31,672.82,579.70,1031.22,22.68,82.66,179.94,554.31,797.82,635.24,655.00,627.63,702.77,695.04,679.33,620.97,537.52,698.70
20260907,05,11110615,18199.96,14.42,77.94,94.49,311.93,935.51,984.38,958.36,1010.36,1066.08,1156.39,821.77,733.52,653.94,1125.78,22.68,82.65,171.43,530.07,810.12,645.47,661.43,642.80,717.75,734.21,773.03,815.84,772.20,875.41
20260907,06,11110615,21867.16,14.54,74.94,99.86,333.43,1015.42,1098.53,1170.25,1292.59,1365.80,1520.97,1147.75,1001.16,918.00,1342.65,22.88,83.45,183.32,613.20,933.52,768.35,754.89,668.03,809.29,829.29,888.49,971.39,892.94,1052.23
20260907,07,11110615,32631.65,20.06,75.57,118.51,403.07,1353.24,1562.88,1888.01,2154.51,2430.46,2755.86,2196.37,1514.23,1344.26,1838.75,23.03,87.39,374.06,748.36,1265.73,1197.15,1137.23,988.99,1202.03,1180.40,1163.66,1147.94,1129.99,1329.91
20260907,08,11110615,62708.19,20.45,85.45,131.46,587.08,2502.87,3534.60,3823.46,4494.37,5212.94,5677.09,4281.73,2385.44,2034.66,2613.19,34.56,149.92,663.30,1254.87,3046.86,3222.70,2687.48,2452.72,2583.83,2394.52,2021.18,1560.47,1487.50,1763.49
20260907,09,11110615,104056.18,20.90,86.09,223.98,1026.82,4249.52,6406.21,6282.02,7139.67,7938.58,8128.41,6111.95,3503.83,3002.92,3977.06,29.79,148.80,759.79,2172.37,6290.01,6601.35,5100.67,4824.01,4871.11,4117.68,3649.41,2528.05,2349.73,2515.45
20260907,10,11110615,124387.27,21.16,75.15,287.86,1363.19,4907.42,7441.64,7029.36,7996.26,8754.04,8978.56,7016.88,4419.22,3930.20,5792.01,30.11,139.27,804.40,2769.80,7361.00,7762.65,5983.61,5779.35,5696.31,5120.61,4720.82,3457.51,3186.26,3562.62
20260907,11,11110615,138733.66,26.04,92.89,324.34,1566.67,5348.04,7959.23,7603.95,8500.46,9406.18,9547.05,7732.29,4944.68,4692.33,7445.16,30.55,159.55,820.03,3084.77,7990.50,8401.10,6596.83,6434.15,6341.47,5790.87,5447.48,4051.35,3866.62,4529.08
20260907,12,11110615,148106.07,31.72,108.54,312.78,1669.71,5729.73,8311.56,7973.86,8736.27,9492.64,9674.37,7990.54,5253.48,5137.55,9103.77,36.46,169.20,906.84,3411.84,8541.24,8922.75,6993.63,6876.81,6497.51,6199.85,5978.92,4540.46,4163.13,5340.91
20260907,13,11110615,154903.78,38.76,106.56,369.60,1774.05,5795.61,8416.75,8008.14,9012.77,9656.63,10196.27,8462.25,5563.54,5577.16,10454.02,31.98,171.41,987.38,3601.98,8744.82,9284.54,7188.33,6890.61,6737.12,6562.70,6208.21,4857.22,4450.77,5754.60
20260907,14,11110615,152482.46,20.31,82.10,389.13,1731.77,5757.70,8306.70,7876.92,8804.84,9456.52,9949.64,8202.10,5604.52,5723.59,10382.63,24.83,117.02,951.84,3628.86,8661.96,8943.94,6849.38,6653.47,6608.29,6466.35,6176.54,4951.66,4513.04,5646.81
20260907,15,11110615,150738.82,25.98,79.18,434.33,1812.53,5804.70,8372.43,7825.25,8780.49,9449.55,10023.66,8163.42,5544.99,5480.41,10078.20,30.59,104.07,1007.21,3639.57,8663.89,8948.52,6688.13,6593.05,6400.16,6422.67,6113.69,4794.09,4230.69,5227.37
20260907,16,11110615,145321.28,32.70,74.64,576.13,1850.64,5751.30,8271.30,7820.21,8628.81,9188.99,9844.97,7996.31,5396.78,5237.11,8892.46,36.09,116.27,1020.81,3913.73,8538.77,8670.87,6425.29,6366.88,6247.90,6193.90,5730.16,4283.29,3805.74,4409.23
20260907,17,11110615,137033.10,21.10,79.67,699.58,2045.99,5696.13,8021.80,7513.18,8352.60,8833.95,9531.46,7594.48,4976.06,4703.09,7281.02,35.75,90.00,1050.13,4109.45,8352.61,8378.46,5990.52,6034.65,5974.12,5864.74,5251.60,3659.00,3293.30,3598.66
20260907,18,11110615,119754.54,26.44,78.35,782.44,2186.53,5399.31,7383.48,6840.66,7472.51,7790.41,8386.33,6431.97,4040.88,3791.50,5586.30,29.45,113.70,1086.04,4135.66,7619.03,7304.77,5122.67,5155.57,5115.93,4882.28,4358.55,3124.26,2652.57,2856.95
20260907,19,11110615,88218.56,25.98,81.42,729.88,2171.67,4259.74,5659.95,4960.87,5352.48,5645.99,6023.81,4584.48,3086.51,2861.55,3918.28,12.53,107.74,965.79,3908.44,5762.95,4913.43,3291.84,3223.90,3421.86,3451.90,3103.42,2368.64,2077.53,2245.98
20260907,20,11110615,67194.07,25.76,104.02,684.42,1987.31,3759.02,4390.27,3810.76,3955.14,4143.15,4395.45,3323.79,2346.34,2211.68,2733.33,12.37,102.29,889.58,3501.18,4530.50,3481.90,2279.42,2138.32,2467.13,2371.38,2258.76,1841.93,1652.26,1796.61
20260907,21,11110615,52522.35,25.54,76.84,594.19,1751.48,3280.18,3725.64,3114.27,2973.28,3211.31,3335.10,2365.71,1716.31,1550.75,2063.83,17.64,85.76,767.33,2958.03,3652.60,2704.21,1651.37,1699.94,1826.93,1780.74,1639.32,1334.92,1242.81,1376.32
20260907,22,11110615,38659.14,25.33,76.07,412.60,1412.09,2528.60,2865.16,2354.13,2215.18,2402.37,2404.72,1650.77,1247.63,1102.94,1526.70,17.68,72.23,576.16,2048.94,2617.02,1941.56,1249.85,1197.66,1321.09,1294.69,1183.12,938.36,897.01,1079.48
20260907,23,11110615,29342.27,25.33,70.80,209.13,1017.46,1972.03,2204.87,1843.91,1677.77,1800.89,1832.82,1220.84,990.03,891.62,1234.99,17.60,66.70,379.79,1453.32,1850.28,1344.23,968.67,920.25,967.54,971.60,907.43,804.01,761.56,936.80
20260908,00,11110615,21168.05,24.22,70.47,119.89,518.80,1291.37,1448.77,1308.46,1223.54,1257.80,1430.02,994.00,803.66,715.77,1097.76,17.35,74.67,200.83,720.50,1084.87,796.68,736.85,716.07,798.74,807.84,758.00,707.38,632.67,811.07
20260908,01,11110615,20012.97,23.91,69.89,112.54,466.45,1208.20,1299.61,1228.85,1141.35,1179.98,1387.41,921.52,763.26,701.83,1085.80,17.19,74.00,189.54,642.95,1019.76,704.83,703.40,701.28,770.06,786.12,734.27,687.96,601.20,789.81
20260908,02,11110615,19167.57,23.91,69.89,112.79,432.50,1071.14,1224.34,1199.07,1093.56,1158.42,1334.24,870.28,756.82,675.56,1063.01,17.19,74.00,178.15,593.38,944.23,644.76,671.46,673.97,750.15,778.92,736.77,664.22,583.48,771.36
20260908,03,11110615,18603.82,23.91,69.93,106.89,385.18,1018.81,1136.49,1124.58,1069.72,1140.18,1329.78,872.59,724.88,680.70,1064.47,17.19,74.00,177.99,554.41,877.32,594.57,666.90,670.13,720.75,758.34,723.65,648.92,581.98,789.56
20260908,04,11110615,18492.48,23.91,69.83,110.96,365.57,978.10,1094.59,1113.21,1071.13,1136.71,1331.73,829.49,734.18,696.74,1087.30,17.19,74.08,168.37,548.12,848.16,586.55,656.05,673.66,716.73,753.75,737.86,683.65,588.87,795.99
20260908,05,11110615,19781.22,24.13,70.43,106.91,356.42,999.97,1096.90,1138.86,1112.46,1173.76,1359.04,886.46,800.39,792.51,1191.54,17.35,74.71,171.23,544.38,851.83,589.64,659.20,697.11,726.22,793.55,841.82,891.96,830.49,981.95
20260908,06,11110615,23134.27,24.10,70.31,113.64,360.58,1048.12,1193.81,1297.31,1309.45,1345.52,1662.17,1252.33,1101.19,1032.19,1425.48,17.33,74.69,176.35,595.45,990.82,742.72,757.27,740.41,785.33,908.14,969.71,1068.68,962.20,1108.97
20260908,07,11110615,34222.78,24.31,72.64,115.13,441.69,1350.35,1697.49,1951.73,2208.79,2443.43,2927.04,2212.04,1622.40,1496.88,1914.93,17.55,85.08,340.89,768.23,1396.88,1235.18,1234.54,1100.74,1178.92,1293.69,1290.36,1260.00,1170.14,1371.73
20260908,08,11110615,65029.28,30.46,72.07,147.94,657.30,2516.32,3781.44,3952.47,4739.99,5267.89,5835.69,4372.26,2541.15,2182.94,2715.89,23.62,139.34,639.07,1257.60,3089.26,3312.84,2809.52,2582.97,2508.00,2595.79,2170.23,1659.38,1571.53,1856.32
20260908,09,11110615,109279.31,26.46,86.88,236.01,1132.22,4524.66,6667.67,6601.25,7348.16,7986.24,8474.25,6350.62,3784.82,3197.54,4109.96,25.14,184.10,819.17,2259.73,6646.06,6965.92,5581.79,5208.10,4890.60,4521.37,3815.79,2671.26,2454.95,2708.59
20260908,10,11110615,131799.64,20.87,99.79,326.81,1540.41,5426.40,7851.67,7538.64,8378.69,8993.67,9481.70,7269.01,4693.84,4086.13,6001.24,31.17,237.79,919.59,2810.30,7793.94,8247.63,6554.50,6391.01,5892.91,5591.33,4934.84,3539.97,3305.47,3840.32
20260908,11,11110615,147308.98,22.44,111.90,394.29,1750.33,5752.35,8511.42,8139.20,8855.76,9657.66,9887.46,8034.54,5333.54,4837.19,7960.04,20.25,251.34,931.17,3106.82,8631.64,8885.66,7226.16,7022.42,6538.46,6390.52,5900.39,4321.26,3958.93,4875.84
20260908,12,11110615,156823.56,26.81,101.44,404.60,1867.68,6009.93,8840.85,8374.15,9117.10,9697.10,10123.58,8298.74,5676.79,5248.87,9906.91,25.92,234.22,958.19,3414.51,9064.12,9465.18,7545.23,7391.70,7000.23,6779.47,6382.75,4682.48,4457.34,5727.67
20260908,13,11110615,155797.26,18.90,85.84,381.95,1821.99,5868.12,8714.81,7967.68,8904.54,9482.88,10063.62,8231.14,5757.99,5498.12,10922.50,13.33,218.45,921.14,3332.21,8714.22,9148.54,7284.81,7075.79,6864.08,6711.01,6429.38,4911.46,4542.81,5909.95
20260908,14,11110615,157954.88,19.03,100.93,444.57,1954.19,6034.06,8776.73,8145.70,8974.64,9599.15,10065.03,8323.83,5832.16,5654.88,11197.05,30.69,241.54,971.63,3447.01,8838.25,9271.38,7313.10,7114.00,6923.87,6680.92,6468.60,4928.52,4653.83,5949.59
20260908,15,11110615,154163.04,18.91,119.33,453.37,1977.45,6046.57,8684.65,7928.91,8751.17,9573.27,10051.23,8006.09,5781.32,5357.33,10417.74,29.16,250.18,945.78,3661.65,8779.13,9099.53,7117.69,6965.45,6709.28,6458.35,6246.36,4680.70,4364.11,5688.33
20260908,16,11110615,151641.01,25.46,130.22,580.85,2075.52,6129.71,8793.88,7985.56,8833.25,9579.09,9968.14,8010.51,5780.83,5246.49,9456.32,13.00,201.70,974.48,3886.46,8914.73,9117.94,7045.71,6961.13,6547.36,6406.33,5903.78,4439.43,3877.63,4755.50
20260908,17,11110615,141873.64,27.88,129.89,600.22,2075.14,5977.01,8569.15,7761.78,8490.54,9257.02,9510.18,7602.53,5382.87,4971.58,7848.60,18.34,102.86,810.77,3993.25,8785.68,8768.23,6550.29,6321.57,6089.68,5924.61,5274.93,3926.35,3299.52,3803.17
20260908,18,11110615,126774.42,27.50,103.00,656.00,2349.81,5829.09,8012.35,7121.26,7658.57,8280.72,8529.93,6655.71,4782.22,4309.02,6091.73,23.87,106.78,923.74,4151.60,8468.46,7742.35,5617.98,5360.73,5300.41,5032.75,4447.45,3495.54,2737.10,2958.75
20260908,19,11110615,93986.02,26.18,71.10,643.84,2211.87,4845.57,6161.91,5360.56,5414.38,5752.10,6203.78,4939.66,3621.16,3229.85,4331.96,22.60,82.01,949.64,3859.39,6439.05,5606.25,3513.38,3620.26,3527.87,3446.68,3109.21,2649.66,2152.91,2193.19
20260908,20,11110615,72264.56,20.40,75.17,563.87,2036.18,4047.93,4851.49,4101.32,3991.97,4356.48,4596.20,3555.46,2763.92,2536.20,3039.58,16.77,72.25,927.88,3499.07,5172.07,4261.01,2504.41,2546.53,2478.67,2439.09,2282.27,2013.56,1758.91,1755.90
20260908,21,11110615,57325.50,24.34,81.97,492.45,1731.95,3503.81,4164.52,3367.72,3369.66,3333.48,3414.50,2764.97,2097.84,1745.23,2117.30,16.55,71.17,839.87,3115.53,4206.81,3295.59,1946.31,1917.83,1917.37,1855.15,1704.37,1425.76,1403.65,1399.80
20260908,22,11110615,42512.79,24.42,86.84,412.10,1388.60,2788.68,3325.36,2760.96,2603.34,2607.11,2487.85,1803.67,1503.73,1113.43,1551.02,16.55,59.28,553.31,2339.15,3012.81,2300.56,1459.56,1350.84,1348.23,1301.15,1211.21,1017.82,958.30,1126.91
20260908,23,11110615,31192.59,24.14,92.67,295.07,980.00,2140.45,2425.21,2074.63,1901.28,1861.50,1940.88,1271.79,1121.18,795.17,1273.27,16.43,64.01,411.25,1479.03,1918.97,1575.50,1066.30,989.28,991.84,1011.53,921.15,834.20,767.19,948.67
20260909,00,11110615,21704.49,19.89,84.56,141.90,508.36,1390.78,1511.16,1335.98,1319.01,1378.62,1451.31,952.15,817.31,687.57,1128.17,18.63,74.48,209.15,739.51,1137.99,853.75,767.07,731.90,735.77,806.78,769.49,682.64,642.67,807.89
20260909,01,11110615,20522.63,19.97,80.98,128.96,426.77,1256.29,1394.59,1241.24,1201.13,1330.93,1398.40,918.72,797.94,673.39,1105.05,18.63,72.03,199.00,669.75,998.29,803.71,738.05,708.91,718.70,803.37,753.21,656.09,617.57,790.96
20260909,02,11110615,19603.06,19.97,75.77,123.95,421.56,1137.77,1280.86,1139.64,1157.78,1281.54,1352.47,888.56,790.18,652.17,1082.62,18.63,72.10,172.68,587.82,908.76,725.42,719.73,704.61,700.93,770.72,752.98,649.47,615.55,798.82
20260909,03,11110615,18790.03,19.78,75.13,115.23,367.34,1005.89,1168.01,1096.82,1110.51,1244.82,1325.40,889.42,760.84,611.86,1076.76,18.44,71.41,179.41,568.43,829.84,649.20,705.28,685.85,671.19,770.49,730.07,640.90,602.49,799.22
20260909,04,11110615,18687.16,19.78,75.13,115.21,346.72,979.42,1139.64,1097.28,1102.61,1235.57,1290.51,925.97,754.72,618.75,1074.23,18.44,71.41,176.04,520.19,835.31,641.81,701.98,671.13,672.58,772.42,736.60,677.16,603.19,813.36
20260909,05,11110615,19994.01,19.97,75.82,119.45,340.40,951.57,1125.97,1137.35,1105.42,1267.91,1369.65,996.89,855.99,723.20,1167.84,18.63,72.03,180.19,525.89,823.47,658.65,710.81,685.90,687.35,812.57,833.93,896.79,835.39,994.98
20260909,06,11110615,23533.75,19.97,85.47,123.91,365.52,979.68,1205.69,1287.62,1366.11,1477.67,1706.45,1355.51,1164.96,960.25,1422.22,18.63,76.87,196.64,589.56,937.18,813.07,791.32,771.58,768.20,894.37,967.22,1097.36,940.14,1150.58
20260909,07,11110615,34218.69,20.09,95.88,121.71,421.48,1288.35,1674.68,2003.54,2175.41,2567.70,2901.00,2311.90,1629.96,1526.77,1862.22,18.81,86.72,356.82,745.19,1363.88,1270.15,1233.37,1068.71,1118.42,1297.60,1288.89,1262.48,1136.82,1370.14
20260909,08,11110615,64128.27,26.16,112.33,135.21,623.13,2474.58,3696.99,3938.81,4620.09,5313.17,5703.61,4256.98,2618.86,2184.49,2644.96,30.55,158.37,703.21,1243.50,3008.77,3279.37,2889.43,2516.24,2441.71,2464.25,2106.66,1623.90,1508.11,1804.83
20260909,09,11110615,107157.12,16.22,147.60,258.07,1159.17,4276.00,6485.24,6414.89,7277.55,7911.01,8314.80,6270.94,3718.40,3135.71,3897.58,38.20,208.36,824.19,2191.44,6392.85,6928.66,5610.04,5030.83,4795.45,4400.05,3946.26,2668.55,2346.23,2492.83
20260909,10,11110615,129629.72,22.10,185.07,368.21,1479.24,5064.01,7496.25,7379.46,8129.51,8813.50,9419.82,7156.65,4617.98,3986.14,5697.64,26.83,255.29,886.29,2788.37,7657.35,8249.91,6663.42,6143.49,5897.01,5572.14,5071.32,3726.57,3379.24,3496.91
20260909,11,11110615,145776.79,22.49,186.31,418.66,1673.18,5575.09,8265.72,7835.55,8790.83,9351.00,9974.23,7957.02,5180.24,4858.60,7662.86,27.08,268.92,937.97,3117.34,8463.39,8923.98,7180.88,7002.03,6471.56,6388.88,6066.76,4512.25,4102.49,4561.48
20260909,12,11110615,152578.04,21.38,183.34,483.12,1776.52,5739.03,8354.39,7870.21,8906.00,9372.09,10054.99,8095.43,5337.18,5264.73,9559.75,43.41,249.91,1030.86,3250.70,8681.37,9355.16,7197.51,7200.99,6552.35,6587.77,6512.90,4993.10,4446.45,5457.40
20260909,13,11110615,156448.67,21.49,170.40,494.40,1833.86,5817.26,8245.16,7873.83,8895.16,9323.85,10217.19,8164.80,5598.07,5641.28,10923.13,43.41,280.71,1109.53,3279.52,8722.18,9411.68,7263.29,7115.53,6636.46,6876.44,6733.11,5130.44,4792.39,5834.10
20260909,14,11110615,158950.40,15.98,124.85,443.08,1942.26,5962.43,8469.56,8085.32,8902.64,9396.99,10235.70,8136.30,5755.78,5981.92,11235.85,43.72,263.12,996.85,3524.12,8934.69,9560.80,7286.77,7045.26,6786.06,6858.00,6809.91,5162.25,4928.63,6061.56
20260909,15,11110615,155700.70,33.00,148.19,491.75,1977.19,5920.33,8413.02,7867.32,8681.82,9353.17,9992.88,8062.93,5695.58,5989.69,10710.08,54.75,228.83,910.49,3682.40,8651.67,9412.34,7155.24,6847.20,6548.42,6787.32,6725.17,4994.52,4626.31,5739.09
20260909,16,11110615,149473.81,38.40,155.15,640.41,2018.05,5874.59,8272.03,7703.16,8501.51,9130.47,9845.66,7874.88,5509.20,5649.66,9369.09,54.31,218.98,860.59,3835.81,8583.94,9278.09,6945.80,6590.35,6359.02,6347.10,6278.22,4576.37,4171.92,4791.05
20260909,17,11110615,141119.65,43.54,108.88,718.25,2099.28,5710.74,8265.08,7507.41,8344.47,8826.81,9582.89,7541.70,5305.46,5034.22,7683.69,41.45,211.32,890.16,3982.27,8463.46,8900.93,6616.23,6300.45,5947.12,6016.33,5638.11,3952.26,3562.22,3824.92
20260909,18,11110615,127814.04,32.23,145.21,768.50,2323.72,5555.74,7798.98,7045.35,7781.21,7974.81,8522.55,6743.29,4597.81,4430.10,6239.83,29.94,140.62,1004.99,4596.78,8281.73,7871.08,5738.10,5379.59,5252.39,5244.23,4845.56,3453.29,2959.92,3056.49
20260909,19,11110615,99686.15,26.19,127.51,690.81,2234.71,4750.58,6395.65,5341.15,5822.08,5926.78,6467.61,5171.74,3646.63,3422.44,4571.12,34.90,117.71,1052.75,4600.07,6876.14,5900.10,4112.62,3873.57,3706.37,3736.30,3602.49,2722.17,2378.55,2377.41
20260909,20,11110615,79139.35,25.93,119.63,634.36,2127.85,4207.21,5183.15,4398.06,4363.70,4446.14,4960.80,3803.70,2951.88,2784.25,3155.72,23.60,110.04,997.48,4298.01,5698.41,4785.74,3119.20,2866.96,2834.90,2734.02,2768.45,2036.46,1825.63,1878.07
20260909,21,11110615,62827.96,20.28,105.33,569.24,1981.50,3619.70,4385.52,3635.53,3432.54,3464.41,3837.23,2980.31,2188.66,1937.12,2130.33,23.14,92.98,799.27,3705.69,4767.31,3858.99,2380.85,2306.42,2148.63,2115.45,2045.42,1506.08,1354.74,1435.29
20260909,22,11110615,45243.68,20.09,89.91,362.85,1589.22,2906.90,3378.79,2780.11,2599.05,2554.74,2784.53,1986.46,1454.37,1219.05,1544.71,21.75,74.55,527.03,2675.05,3338.86,2673.75,1732.15,1601.06,1449.42,1371.88,1363.53,1046.45,977.58,1119.84
20260909,23,11110615,33279.36,19.94,96.25,248.91,1193.38,2197.81,2449.68,2136.29,1986.34,1854.32,2091.36,1413.25,1088.07,871.58,1295.83,21.59,69.10,413.72,1708.34,2272.64,1851.42,1247.15,1097.23,1037.25,1003.16,1004.80,845.80,828.23,935.92
20260910,00,11110615,22685.53,19.86,103.19,119.04,662.57,1428.80,1592.25,1423.81,1297.46,1307.15,1514.02,1030.01,909.32,703.41,1114.08,21.78,73.69,235.63,799.43,1161.42,981.52,864.80,791.45,803.92,837.14,788.05,680.78,630.81,790.14
20260910,01,11110615,21253.15,19.86,97.84,123.70,547.52,1265.71,1404.96,1318.31,1220.07,1268.22,1436.93,963.17,859.78,666.91,1094.45,21.78,73.69,227.93,703.06,1064.58,864.34,826.63,749.02,802.40,816.09,761.79,675.66,598.33,780.42
20260910,02,11110615,19959.84,19.86,97.91,123.84,441.15,1106.17,1244.13,1222.05,1147.24,1201.17,1350.10,908.28,820.69,636.68,1070.29,21.78,73.74,210.94,652.61,952.27,775.63,804.17,719.25,787.58,801.09,742.68,657.32,592.19,779.03
20260910,03,11110615,19284.29,19.86,101.42,119.75,414.44,1002.79,1130.98,1155.52,1100.54,1158.83,1326.90,894.85,801.56,622.24,1073.84,21.78,73.69,212.40,594.56,877.37,732.42,785.93,702.92,783.45,801.78,735.19,655.08,593.68,790.52
20260910,04,11110615,19083.79,19.86,101.34,137.47,377.13,969.18,1080.19,1115.22,1089.30,1140.94,1330.95,928.37,792.63,626.05,1100.69,21.78,73.69,203.95,580.54,850.43,678.84,778.87,681.20,768.12,804.64,746.95,687.56,590.15,807.75
20260910,05,11110615,20138.91,19.86,101.29,130.57,346.76,909.15,1074.87,1124.35,1122.89,1170.75,1401.90,978.84,856.53,716.58,1172.71,21.78,73.74,196.56,537.12,853.16,677.45,774.00,708.27,765.23,833.56,833.81,918.19,842.92,976.07
20260910,06,11110615,23224.89,19.84,101.26,132.84,356.88,983.49,1124.53,1246.93,1348.35,1320.02,1690.70,1269.53,1086.82,971.65,1406.40,21.75,78.90,205.18,567.43,973.37,787.26,870.45,764.48,852.32,898.05,937.65,1118.19,956.48,1134.14
20260910,07,11110615,33528.05,20.17,110.20,120.93,403.54,1299.14,1633.25,1871.60,2095.58,2362.24,2874.63,2133.34,1650.74,1407.56,1960.31,22.05,102.15,358.36,722.01,1291.53,1219.07,1261.07,1010.14,1187.72,1269.36,1286.79,1306.91,1213.27,1334.39
20260910,08,11110615,63214.27,37.20,106.74,136.13,618.84,2372.59,3544.30,3808.81,4526.49,4845.10,5681.10,4049.01,2595.82,2115.19,2710.95,40.24,168.56,714.27,1221.63,3071.27,3279.91,2823.81,2533.41,2445.51,2494.31,2199.81,1681.04,1597.38,1794.85
20260910,09,11110615,103683.01,32.12,172.73,271.98,1068.79,4171.44,6241.00,6217.77,6918.51,7337.11,7980.24,5818.43,3719.99,3027.95,4090.42,46.50,290.82,860.88,2111.61,6121.61,6718.48,5381.30,4849.23,4631.98,4303.68,3688.82,2595.36,2355.94,2658.32
20260910,10,11110615,128650.71,27.69,196.07,378.84,1469.56,5177.67,7550.15,7261.74,7963.97,8377.64,9157.40,6962.35,4631.86,4009.19,6097.20,43.02,322.03,970.28,2827.04,7392.46,8242.36,6589.83,6085.43,5913.12,5465.43,4882.29,3585.30,3377.16,3693.63
20260910,11,11110615,140833.69,28.48,234.57,365.78,1648.26,5384.58,8058.69,7588.43,8578.66,8773.94,9550.59,7328.37,5098.61,4661.84,7582.29,47.77,364.95,926.99,3084.47,7848.58,8729.89,7107.74,6619.08,6423.48,6211.96,5588.93,4243.91,4132.79,4620.06
20260910,12,11110615,151431.26,28.56,235.66,388.79,1767.14,5824.31,8547.40,7782.57,8731.31,8912.19,9567.69,7670.41,5423.38,5288.75,9540.79,36.29,395.93,1072.80,3488.72,8543.26,9215.44,7493.12,7021.38,6863.11,6594.57,6093.91,4779.63,4535.30,5588.85
20260910,13,11110615,160067.24,35.38,170.31,498.05,1926.95,5900.94,8751.13,8063.44,9056.72,9487.47,10146.06,8086.64,5758.34,5791.56,11444.39,55.97,316.47,1127.73,3711.99,8738.33,9463.44,7645.05,7163.60,7198.32,6846.59,6540.19,5110.20,4813.62,6218.36
20260910,14,11110615,157466.88,28.62,133.75,537.54,1931.15,5834.31,8477.13,7897.13,8867.35,9341.30,9904.52,7785.77,5700.70,5918.63,11741.64,48.40,234.39,1030.24,3789.10,8585.37,9252.95,7416.19,7025.72,6862.13,6826.18,6457.26,4985.47,4852.15,6001.79
20260910,15,11110615,155778.13,27.61,157.07,497.42,2074.27,5853.25,8417.69,7889.49,8843.23,9218.74,9833.86,7888.41,5701.86,5715.91,11290.72,23.88,250.75,1069.27,3861.21,8638.31,9278.03,7329.66,6840.65,6629.30,6873.57,6177.79,4787.97,4673.99,5934.22
20260910,16,11110615,149104.59,38.79,228.67,540.69,2153.86,5828.55,8349.51,7594.28,8542.19,8987.27,9662.64,7668.13,5419.87,5385.63,9907.12,29.31,256.43,995.85,3935.53,8579.85,9097.41,7036.39,6501.22,6477.02,6452.46,6026.69,4556.08,3970.25,4882.90
20260910,17,11110615,141188.35,34.06,244.43,702.27,2219.14,5920.83,8077.13,7476.95,8192.94,8681.29,9446.53,7341.10,5056.48,4952.93,8273.95,34.77,244.10,1071.81,4282.42,8503.34,8743.63,6653.29,6091.53,6023.34,5990.39,5477.94,4018.58,3575.91,3857.27
20260910,18,11110615,126992.48,22.13,123.90,754.17,2377.25,5813.74,7723.29,6975.04,7610.00,7827.32,8284.27,6441.19,4695.55,4249.80,6515.39,24.23,191.48,1236.02,4521.11,8091.05,7884.08,5742.10,5297.92,5282.34,5196.20,4711.57,3468.22,2965.22,2967.90
20260910,19,11110615,100327.80,21.86,88.38,670.18,2388.07,5101.93,6612.41,5329.26,5809.29,6062.58,6134.87,5012.35,3804.80,3320.54,4685.63,36.04,129.18,1096.21,4517.98,6653.31,6160.12,4128.17,3736.87,3889.02,3689.58,3684.71,2778.04,2383.44,2402.98
20260910,20,11110615,80907.76,21.60,111.09,629.29,2329.23,4387.81,5531.35,4351.31,4436.78,4742.89,4751.22,3950.20,3033.45,2539.97,3351.54,29.10,132.51,1090.78,4291.14,5592.69,5053.54,3197.08,2815.89,2894.78,2854.87,2801.69,2186.61,1868.38,1930.97
20260910,21,11110615,64852.69,14.78,101.39,549.11,2222.52,3896.67,4746.06,3653.79,3585.95,3775.57,3581.99,3010.74,2265.21,1791.97,2283.56,28.71,110.54,983.87,3843.62,4719.47,3968.94,2489.96,2105.58,2188.39,2212.52,2126.40,1607.70,1481.55,1506.13
20260910,22,11110615,47460.14,14.64,101.13,489.18,1758.98,3177.38,3755.05,2868.18,2706.31,2783.10,2552.46,2078.59,1542.95,1162.16,1541.92,21.97,82.03,695.67,2871.66,3551.73,2838.59,1775.19,1461.74,1484.21,1564.32,1379.44,1045.40,998.07,1158.09
20260910,23,11110615,35558.28,19.92,114.24,354.56,1349.87,2512.46,2995.02,2236.23,1975.65,2185.29,1856.21,1440.09,1091.05,908.41,1260.03,16.55,86.00,490.53,2008.57,2536.80,1965.46,1295.66,1115.18,1071.42,1171.77,985.14,815.88,750.49,949.80
20260911,00,11110615,23458.48,19.83,121.95,180.88,785.10,1494.55,1831.15,1538.55,1367.93,1379.07,1386.60,1005.46,837.84,683.59,1111.86,17.59,79.37,226.60,914.57,1250.58,1000.96,869.82,802.21,772.79,837.96,790.15,680.68,645.11,825.73
20260911,01,11110615,21879.26,19.83,123.13,174.23,691.91,1323.75,1650.62,1403.93,1272.66,1283.78,1347.10,955.35,795.27,651.69,1102.05,17.59,79.37,224.69,781.25,1090.29,877.41,838.06,762.01,768.84,796.01,767.38,657.06,614.84,809.16
20260911,02,11110615,20206.41,19.82,123.13,160.56,515.09,1191.59,1392.70,1295.66,1217.06,1203.74,1300.63,898.30,757.97,625.74,1040.84,17.59,79.39,227.68,668.44,906.91,752.34,777.03,729.98,732.78,779.28,745.23,642.15,598.46,806.32
20260911,03,11110615,19244.56,19.82,123.12,113.21,430.04,1030.08,1284.72,1245.70,1175.05,1164.52,1288.10,856.03,715.76,611.32,1051.18,17.59,79.39,206.81,605.52,839.47,672.04,736.64,720.73,706.57,764.74,717.57,650.92,593.18,824.74
20260911,04,11110615,18942.25,19.82,123.12,98.54,414.58,955.04,1180.66,1215.35,1133.08,1141.81,1262.20,862.47,743.12,619.43,1094.70,17.59,79.37,190.96,570.12,782.06,642.59,735.28,709.81,694.69,764.19,735.70,687.69,610.08,858.20
20260911,05,11110615,19934.55,19.82,119.49,98.58,414.73,925.85,1125.96,1184.46,1166.73,1136.89,1324.92,925.20,843.11,735.88,1146.97,17.59,79.37,180.52,533.57,775.08,640.77,723.63,722.48,697.86,799.67,847.01,889.77,811.72,1046.92
20260911,06,11110615,22943.32,19.77,119.42,107.73,408.47,964.07,1132.02,1323.53,1354.43,1319.25,1598.80,1209.68,1052.61,972.71,1373.09,17.59,79.37,198.36,590.30,858.02,752.66,790.01,772.25,782.62,862.45,982.50,1071.89,933.76,1295.96
20260911,07,11110615,33489.17,20.11,132.27,109.21,459.92,1274.04,1580.69,1952.08,2239.47,2329.63,2721.62,2178.22,1569.83,1472.80,1864.04,17.89,97.21,352.50,748.97,1199.80,1205.82,1188.73,1048.16,1157.81,1205.88,1271.27,1285.32,1207.60,1598.28
20260911,08,11110615,61656.37,26.16,119.98,135.00,651.83,2347.25,3492.14,3790.00,4467.00,4654.89,5401.19,3976.91,2415.41,2087.23,2634.07,29.34,159.13,662.26,1272.66,2843.22,2976.71,2695.32,2459.71,2419.99,2394.00,2039.50,1690.92,1631.24,2183.31
20260911,09,11110615,102141.47,44.20,110.43,243.51,1214.76,4114.31,6164.99,6161.69,6951.53,7187.55,7730.48,5606.90,3475.17,3021.40,3929.67,47.80,197.45,817.12,2173.38,5943.32,6341.49,5047.00,4781.79,4538.71,4191.58,3701.85,2659.01,2563.61,3180.77
20260911,10,11110615,123218.88,50.46,149.22,331.00,1550.03,4902.02,7082.54,7026.90,7737.39,8055.68,8631.56,6674.62,4233.26,3906.22,5695.41,48.16,241.36,885.98,2747.13,6948.61,7505.90,6006.49,5850.32,5499.97,5272.19,4777.66,3625.75,3470.31,4312.74
20260911,11,11110615,139041.75,62.34,197.62,381.72,1818.50,5239.42,7788.57,7745.83,8323.93,8615.43,9132.73,7267.31,4821.22,4586.94,7598.95,37.14,247.30,906.31,3178.38,7565.41,8147.17,6677.94,6557.72,6293.61,6005.11,5701.24,4348.63,4288.34,5506.94
20260911,12,11110615,150454.96,73.77,209.51,437.67,1936.23,5612.73,8364.74,8154.82,8660.73,8952.29,9247.96,7510.65,5157.55,5199.07,9198.82,54.61,319.98,1026.94,3683.61,8240.44,8884.62,7188.45,6982.61,6700.20,6553.39,6253.97,4797.65,4778.16,6273.79
20260911,13,11110615,149771.61,78.58,173.56,514.95,2033.80,5601.20,8104.39,7653.83,8432.38,8655.33,9148.01,7422.19,5212.55,5361.72,10248.93,58.96,314.24,1084.56,3810.48,8180.67,8558.64,6911.88,6821.02,6592.48,6520.63,6195.73,4893.25,4792.34,6395.31
20260911,14,11110615,152314.14,73.42,226.15,580.11,2171.93,5856.28,8091.90,7716.33,8501.27,8809.96,9132.72,7468.27,5284.48,5585.50,10767.33,71.04,314.76,1113.83,4089.50,8459.37,8678.40,7003.50,6913.89,6701.52,6460.01,6287.58,4930.83,4777.13,6247.13
20260911,15,11110615,149317.94,77.36,200.30,580.30,2268.65,5959.14,8093.17,7591.22,8283.92,8610.64,8995.85,7339.06,5182.24,5539.63,10281.64,70.61,256.65,1100.19,4437.08,8383.88,8705.70,6769.02,6604.09,6388.30,6386.83,6188.57,4839.27,4500.75,5683.88
20260911,16,11110615,144792.00,61.48,196.86,658.85,2355.50,6049.20,8048.56,7489.41,8113.59,8266.08,8730.26,7151.29,5092.99,5349.49,9259.71,60.53,164.96,1001.93,4746.35,8556.67,8670.56,6574.57,6446.33,6174.98,6325.92,5973.19,4411.29,4031.50,4829.95
20260911,17,11110615,142299.42,55.44,205.30,804.85,2683.55,6324.29,8169.07,7428.43,7997.91,7980.83,8754.05,7164.15,5114.69,5221.77,7881.46,69.49,166.03,1161.96,5260.08,8976.14,8715.56,6357.81,6256.92,6172.41,6095.26,5659.82,4009.03,3505.69,4107.43
20260911,18,11110615,128302.67,36.94,172.23,825.63,2943.78,6429.74,7877.23,6622.17,6865.51,6838.43,7662.44,6341.03,4643.53,4474.66,6190.41,38.38,219.80,1189.44,5641.35,8881.26,8363.65,5597.41,5324.77,5338.53,5412.37,4822.10,3511.66,2985.37,3052.85
20260911,19,11110615,106850.02,43.07,155.57,843.83,3050.04,6157.50,7175.38,5389.87,5119.33,5130.62,6101.81,4968.77,3946.40,3664.64,4401.53,61.94,226.05,1205.31,5714.10,8610.84,7069.09,4312.94,3869.04,4041.61,4185.28,3646.03,2862.84,2493.40,2403.19
20260911,20,11110615,90923.16,36.98,149.49,760.43,3086.46,5953.94,6531.18,4624.43,4067.75,3950.17,4827.54,3941.21,3219.97,2974.21,3195.94,55.76,216.31,1221.00,5619.10,8086.80,6195.24,3577.55,3088.28,3269.46,3177.27,2940.96,2309.43,1961.38,1884.92
20260911,21,11110615,78830.11,37.74,134.21,663.70,3005.03,5780.24,6170.68,4114.38,3598.57,3388.38,4029.14,3117.32,2524.74,2093.74,2341.83,56.38,192.31,1133.46,5304.48,7484.05,5577.99,3150.79,2543.09,2727.23,2458.81,2333.48,1775.29,1562.40,1530.65
20260911,22,11110615,62831.94,43.30,109.32,518.49,2603.80,5213.22,5583.67,3597.27,2951.05,2695.67,2961.04,2376.20,1855.23,1413.29,1721.56,50.60,142.96,871.61,4323.36,6384.66,4399.82,2511.93,1784.98,1968.31,1730.62,1593.13,1202.81,1062.42,1161.62
20260911,23,11110615,48186.99,42.79,96.32,381.50,2072.56,4407.51,4691.53,2944.27,2382.01,2059.42,2232.40,1633.43,1307.50,1061.54,1326.08,39.18,112.29,597.58,3258.13,4895.40,3164.18,1817.65,1309.74,1399.32,1154.17,1150.41,877.86,843.36,928.86
20260912,00,11110615,28962.53,29.73,94.71,216.36,1281.64,2755.33,2926.31,1915.85,1419.05,1335.15,1401.66,949.45,851.34,732.23,1068.76,29.67,93.96,293.06,1345.15,2384.10,1540.82,1078.52,818.51,861.05,772.14,768.24,632.55,642.72,724.47
20260912,01,11110615,26787.00,29.73,89.35,193.84,1161.32,2579.61,2651.20,1762.24,1321.59,1241.20,1327.36,863.61,816.74,677.97,1033.02,29.75,93.96,267.81,1161.55,2066.19,1362.23,968.99,801.23,830.91,742.25,747.42,628.76,631.49,705.68
20260912,02,11110615,24161.86,29.73,89.35,199.70,933.13,2141.61,2280.05,1553.36,1254.92,1160.15,1231.02,819.32,780.15,634.87,1020.20,29.75,99.04,238.66,1007.26,1738.32,1142.15,905.06,750.41,791.03,707.68,719.82,601.78,606.44,696.90
20260912,03,11110615,21694.70,29.73,89.28,175.49,756.30,1810.26,1818.73,1342.42,1135.63,1097.27,1154.82,792.22,744.68,611.64,1004.42,29.75,94.23,223.91,890.10,1401.47,964.98,784.91,710.21,749.86,681.46,707.63,601.98,597.65,693.67
20260912,04,11110615,19919.87,29.73,84.02,163.59,605.73,1506.22,1531.43,1234.95,1037.78,1031.01,1120.66,776.21,708.79,610.14,995.97,29.75,94.14,201.58,752.43,1172.18,842.12,738.90,680.08,726.98,679.54,691.89,596.83,581.63,695.59
20260912,05,11110615,19089.67,29.73,84.02,144.44,508.36,1310.05,1304.64,1159.09,1004.02,1005.69,1099.22,767.75,730.68,642.15,1028.11,29.75,94.14,185.11,694.97,1044.75,756.13,716.06,657.84,711.36,685.75,715.02,627.22,606.53,747.09
20260912,06,11110615,20107.52,29.99,84.74,136.93,464.77,1179.71,1247.13,1145.99,1054.37,1024.62,1160.63,906.75,928.84,803.19,1285.97,30.02,94.96,168.41,690.44,1040.43,713.73,734.84,671.99,735.33,749.47,739.80,724.98,672.69,886.80
20260912,07,11110615,22620.84,30.20,85.32,131.37,448.81,1206.43,1280.51,1224.03,1135.99,1192.31,1332.79,1188.55,1105.43,983.41,1618.83,30.23,98.34,187.49,705.12,1094.30,805.91,807.85,740.38,791.89,846.92,834.48,826.43,809.26,1078.26
20260912,08,11110615,26913.11,35.99,87.95,151.83,502.42,1310.65,1468.60,1334.87,1300.69,1307.81,1536.60,1410.68,1319.60,1321.11,2169.74,30.50,108.23,219.21,813.09,1290.34,922.55,906.02,903.15,955.95,1035.60,1022.28,961.31,1049.74,1436.60
20260912,09,11110615,34930.41,47.41,136.94,221.46,710.00,1625.93,1762.50,1608.19,1486.93,1634.86,1924.20,1860.53,1622.17,1748.23,2874.81,32.20,144.64,269.85,1206.22,1672.70,1278.26,1160.04,1076.55,1252.24,1502.38,1467.33,1214.88,1416.99,1971.97
20260912,10,11110615,47533.08,65.26,281.23,316.10,1003.28,2094.39,2355.82,2065.58,1889.19,1935.34,2437.12,2317.31,2012.71,2268.77,4096.61,69.47,250.98,431.24,1657.32,2250.88,1889.84,1665.94,1609.42,1808.85,2267.76,2137.58,1698.34,1950.34,2706.41
20260912,11,11110615,61880.46,66.58,354.18,444.94,1326.91,2503.70,2882.33,2427.00,2283.69,2229.77,2821.67,2671.30,2428.94,2824.71,5958.80,105.06,355.74,592.13,2111.64,2837.46,2685.12,2270.78,2173.05,2466.43,3068.29,2977.86,2462.21,2718.04,3832.13
20260912,12,11110615,77922.06,120.16,418.58,574.18,1614.66,3059.38,3440.74,2847.58,2614.86,2616.55,3160.97,3086.82,2888.32,3583.96,8300.20,206.08,492.13,774.17,2606.46,3690.29,3700.69,2877.69,2745.35,3095.27,3723.16,3730.55,3304.85,3474.26,5174.15
20260912,13,11110615,91895.44,190.04,476.57,794.59,1848.78,3825.11,4026.43,3308.76,2975.49,2967.34,3443.95,3530.26,3291.26,4089.06,10148.61,297.92,574.40,1000.06,3145.15,4796.51,4522.86,3583.12,3256.44,3623.56,4406.22,4317.64,3684.04,3941.50,5829.77
20260912,14,11110615,101412.63,243.78,491.17,897.40,2242.69,4355.91,4526.24,3571.88,3273.15,3102.81,3698.45,3803.44,3525.05,4542.14,10365.26,314.40,771.00,1129.22,3820.05,6099.58,5378.63,4035.70,3817.17,3837.26,4700.91,4708.53,4055.90,4070.92,6033.99
20260912,15,11110615,106382.79,275.67,563.54,1090.34,2502.40,4839.65,4980.59,3888.29,3429.59,3407.03,3817.61,3977.93,3599.91,4538.73,9866.30,332.99,841.96,1365.26,4559.51,7061.67,5808.69,4365.58,3992.62,4094.87,4755.58,4792.64,4075.33,3915.96,5642.55
20260912,16,11110615,108654.33,253.87,601.96,1073.46,2828.54,5482.81,5487.17,4003.94,3541.47,3518.11,4099.85,4033.24,3812.62,4558.65,8484.03,354.00,799.01,1553.63,5381.07,8046.38,6201.43,4355.64,4108.91,4106.58,4734.56,4763.96,3894.88,3819.53,4755.03
20260912,17,11110615,108466.31,221.42,506.10,1120.11,3268.61,6192.59,6147.19,4147.69,3522.88,3372.43,3787.37,3841.04,3872.90,4491.26,7133.22,368.23,774.87,1662.17,5719.37,9291.89,6927.68,4384.34,4149.93,4004.41,4450.31,4331.20,3442.03,3507.82,3827.25
20260912,18,11110615,106375.02,208.05,466.57,1064.98,3732.85,7137.68,6877.38,4121.81,3465.46,3281.62,3658.08,3742.49,3785.62,4099.48,5775.80,254.93,689.90,1668.58,6462.33,9991.52,7425.47,4277.88,3855.93,3642.70,4026.53,3699.84,2936.76,2970.55,3054.23
20260912,19,11110615,100734.45,158.30,418.65,1064.63,3999.26,7862.59,7214.98,4313.86,3301.97,3128.15,3378.12,3371.39,3394.03,3441.74,4484.29,211.70,658.31,1568.40,6594.58,10307.16,7246.95,3958.58,3373.15,3209.72,3467.01,3277.29,2459.63,2445.67,2424.34
20260912,20,11110615,89127.25,122.08,367.54,928.67,3844.48,7618.21,7043.67,4155.74,2992.02,2696.82,2906.31,2748.57,2908.75,2715.62,3116.34,174.63,584.86,1442.97,6290.38,9899.91,6584.74,3501.57,2728.35,2656.57,2719.30,2601.92,1923.54,1962.17,1891.52
20260912,21,11110615,75771.94,98.84,289.88,838.86,3534.37,7147.61,6445.21,3873.89,2593.91,2270.82,2548.70,2221.62,2259.19,1865.47,2116.16,134.09,420.72,1219.86,5521.27,9139.38,5861.72,2855.04,2085.31,2087.34,2157.15,1925.90,1440.20,1376.96,1442.47
20260912,22,11110615,59710.01,63.04,184.81,617.52,3089.39,6245.05,5730.90,3392.60,2110.97,1869.06,2052.62,1689.15,1533.33,1305.08,1509.62,91.23,240.48,896.84,4345.86,7406.87,4390.64,2098.56,1479.95,1397.06,1454.51,1331.86,1081.49,957.55,1143.97
20260912,23,11110615,46228.86,51.34,120.77,468.40,2412.53,5082.85,4804.27,2949.41,1829.91,1544.08,1670.66,1299.33,1160.04,878.88,1212.45,68.49,178.84,608.31,3116.36,5444.18,3179.64,1594.80,1086.86,1045.28,969.56,986.83,824.73,688.85,951.21
20260913,00,11110615,30812.20,40.06,104.26,302.08,1310.76,3412.49,3336.06,2183.47,1419.67,1250.11,1288.06,924.25,867.88,649.15,1038.37,39.38,99.99,301.19,1327.01,2804.13,1862.90,1101.13,842.91,792.83,696.52,814.71,666.60,591.19,745.04
20260913,01,11110615,28987.33,40.06,98.76,280.91,1221.40,3101.41,3092.21,2036.91,1369.54,1193.64,1243.93,864.15,853.70,633.41,993.93,39.38,104.89,278.53,1218.41,2566.12,1696.30,1053.22,807.48,784.03,688.96,785.94,640.65,579.29,720.17
20260913,02,11110615,26214.02,40.06,98.76,219.63,1024.08,2612.71,2692.28,1828.57,1269.76,1149.11,1215.14,809.43,816.98,592.58,990.67,39.38,93.98,252.52,1014.78,2150.71,1405.04,1015.85,790.30,763.69,669.62,769.07,612.62,566.28,710.42
20260913,03,11110615,23639.59,40.06,98.71,218.52,874.89,2261.29,2203.18,1594.10,1178.01,1080.38,1123.09,784.79,770.93,576.11,975.72,39.38,93.98,232.19,862.74,1751.69,1212.41,932.27,751.24,731.63,644.22,761.59,604.88,545.47,696.12
20260913,04,11110615,21437.96,40.06,98.71,199.47,738.87,1813.65,1847.46,1377.55,1084.85,1016.57,1054.70,753.92,727.98,549.46,971.53,39.38,93.98,215.53,744.45,1464.33,1047.19,855.70,737.48,728.13,641.34,752.51,595.66,535.47,712.03
20260913,05,11110615,20282.38,39.98,98.71,185.82,655.16,1516.48,1590.16,1262.25,1033.20,985.94,1035.89,751.75,731.43,544.57,1000.72,38.18,102.21,204.56,680.10,1287.41,981.44,815.87,717.23,715.79,653.81,757.82,606.01,544.32,745.57
20260913,06,11110615,19995.43,39.98,102.42,181.47,539.23,1275.82,1383.12,1193.27,1018.55,965.41,1042.14,801.33,820.50,641.34,1082.77,38.18,96.81,195.56,625.61,1199.10,953.62,807.85,690.74,720.68,684.44,777.72,652.21,621.05,844.51
20260913,07,11110615,20949.11,40.29,97.61,199.02,477.32,1232.90,1308.00,1200.84,1052.72,979.14,1146.81,881.46,920.19,736.61,1280.88,38.48,102.81,207.96,630.92,1216.89,939.59,848.29,719.65,773.81,714.27,849.37,719.22,716.17,917.89
20260913,08,11110615,22697.03,40.60,98.71,224.10,471.88,1259.33,1328.12,1268.37,1136.71,1066.54,1224.52,984.19,967.12,848.65,1506.51,44.34,107.92,226.89,694.99,1263.97,1012.68,906.64,782.97,805.43,805.58,914.86,792.05,826.84,1086.52
20260913,09,11110615,28404.41,59.28,144.23,269.18,624.37,1567.67,1615.58,1459.21,1404.55,1264.62,1484.17,1223.61,1120.80,1137.27,1848.39,51.73,180.88,303.93,970.42,1536.19,1219.23,1083.17,985.57,1052.68,1033.93,1166.08,1015.05,1087.30,1495.32
20260913,10,11110615,36069.61,80.83,285.39,349.30,841.30,1856.71,1964.28,1681.46,1599.44,1571.93,1759.61,1454.45,1314.54,1380.51,2459.16,97.23,279.22,364.71,1281.82,2006.04,1580.37,1421.20,1356.90,1416.13,1497.05,1502.28,1322.37,1365.60,1979.78
20260913,11,11110615,45670.22,117.80,331.22,455.31,1084.90,2104.30,2408.08,1965.72,1868.41,1773.57,1968.17,1771.75,1670.73,1800.86,3518.99,144.68,378.43,459.30,1649.94,2482.84,2150.99,1722.60,1723.47,1886.08,1962.26,2027.85,1756.87,1773.01,2712.09
20260913,12,11110615,55467.52,137.68,454.95,632.37,1213.84,2483.10,2813.80,2281.07,2142.81,1970.80,2333.07,2026.51,1919.27,2153.07,4592.37,190.66,525.79,626.21,1970.37,3140.15,2833.37,2099.46,2190.64,2321.74,2361.03,2434.22,2221.03,2159.60,3238.54
20260913,13,11110615,64835.23,150.54,482.05,732.49,1488.79,2948.38,3330.82,2521.50,2328.59,2223.70,2534.47,2286.23,2214.59,2531.51,5486.20,209.26,623.35,834.04,2571.15,3887.99,3545.13,2626.96,2618.20,2617.98,2603.80,2830.99,2438.45,2374.04,3794.03
20260913,14,11110615,71146.31,186.31,517.40,806.21,1850.73,3445.73,3614.28,2784.39,2618.37,2389.46,2748.95,2412.26,2357.59,2755.59,5910.99,249.66,728.25,872.34,3126.71,4596.45,4017.34,2840.83,2912.03,2858.39,2779.26,2971.91,2552.89,2514.78,3727.21
20260913,15,11110615,73582.21,162.02,527.91,810.06,2049.81,3768.23,3870.35,3032.45,2691.71,2419.21,2761.39,2432.95,2394.31,2824.31,5777.93,249.38,761.00,967.99,3658.01,5009.32,4327.97,2984.28,2960.70,2932.33,2813.91,2919.37,2558.20,2443.08,3474.03
20260913,16,11110615,71929.05,175.20,452.48,842.92,2185.05,3975.12,4035.59,2950.02,2664.13,2429.11,2699.14,2411.79,2241.64,2678.45,5144.26,282.59,696.24,1174.13,3930.79,5534.86,4183.83,2809.88,2804.39,2645.80,2715.64,2770.83,2275.74,2247.88,2971.55
20260913,17,11110615,69128.61,142.46,377.32,880.14,2331.91,4314.89,4165.78,2930.57,2558.38,2249.83,2406.84,2272.73,1979.71,2399.91,4249.25,233.88,578.35,1317.86,4265.69,5922.90,4421.59,2657.50,2626.32,2535.72,2409.51,2554.08,1985.27,1938.08,2422.14
20260913,18,11110615,65002.96,86.58,322.70,912.03,2527.18,4700.98,4164.97,2718.59,2312.70,2059.08,2203.23,2116.33,1853.50,2062.32,3402.62,211.23,441.02,1381.33,4752.32,6110.59,4181.18,2483.18,2182.14,2162.09,2138.01,2185.42,1692.82,1743.09,1895.73
20260913,19,11110615,57897.41,87.35,251.06,822.35,2676.13,4647.30,3960.84,2527.30,1956.96,1879.20,1808.44,1742.46,1714.48,1729.90,2646.01,154.18,355.33,1357.27,4628.22,5810.77,3666.53,2115.89,1728.12,1807.18,1768.88,1721.70,1424.42,1382.31,1526.83
20260913,20,11110615,49562.95,52.37,163.66,750.65,2631.86,4225.19,3508.50,2287.66,1619.06,1615.74,1517.98,1422.39,1390.43,1383.04,2165.53,73.25,257.47,1193.07,4343.51,5153.50,3102.21,1697.93,1352.25,1425.63,1404.52,1372.69,1143.73,1086.43,1222.70
20260913,21,11110615,41155.53,19.21,151.49,701.87,2385.63,3638.62,3027.55,1946.16,1409.81,1298.68,1312.19,1184.96,1145.80,994.75,1667.10,40.06,156.88,986.26,3840.00,4250.53,2481.68,1359.38,1076.50,1116.48,1097.17,1101.28,905.78,848.58,1011.13
20260913,22,11110615,32128.41,8.15,108.79,442.09,1894.64,2917.34,2488.70,1645.37,1201.60,1114.66,1132.57,939.65,965.21,767.82,1319.79,23.15,94.11,683.76,2854.50,3119.42,1751.69,1052.39,778.76,878.59,851.64,856.97,721.85,674.76,840.44
20260913,23,11110615,25937.87,8.09,91.76,325.54,1387.99,2303.80,1985.87,1397.48,1096.53,1028.48,1057.10,846.66,849.82,671.15,1136.40,12.19,66.94,501.90,2029.37,2225.64,1185.94,844.45,651.21,789.50,734.38,730.41,622.14,587.98,769.15
20260914,00,11110615,20531.97,6.80,89.40,162.52,729.12,1482.34,1461.17,1240.20,1112.10,1043.77,1159.30,878.46,757.46,630.96,1033.26,11.00,69.75,240.90,913.75,1298.53,809.82,719.28,645.89,717.89,760.43,695.72,596.04,562.42,703.69
20260914,01,11110615,19618.46,6.80,89.40,153.62,631.74,1307.13,1345.64,1146.92,1065.12,1047.96,1152.61,861.73,749.56,619.44,1015.99,11.00,69.66,206.54,839.07,1202.15,742.42,721.39,647.32,700.66,747.76,688.73,592.18,548.10,707.82
20260914,02,11110615,18560.18,6.80,89.40,134.53,530.82,1160.65,1197.76,1095.81,1020.66,1021.02,1129.19,829.80,693.67,627.85,1006.67,11.00,70.83,165.80,739.14,1049.11,685.36,719.60,626.08,683.63,738.05,675.58,590.17,551.59,709.61
20260914,03,11110615,17908.28,6.80,89.40,128.00,447.51,1098.60,1110.99,1042.34,998.95,997.01,1098.49,839.63,669.21,616.36,1008.08,11.00,70.83,156.31,642.02,984.69,657.17,702.62,607.39,680.01,731.52,671.92,580.50,546.39,714.54
20260914,04,11110615,17708.13,6.80,89.50,112.70,381.28,990.32,1072.69,1018.59,988.30,1000.62,1099.13,862.27,703.00,628.87,1036.65,11.00,70.83,161.21,561.45,917.47,625.29,708.04,613.11,674.62,729.84,710.19,629.50,564.17,740.69
20260914,05,11110615,18878.71,6.80,89.36,112.67,367.86,959.83,1063.06,1057.36,1028.99,1027.86,1156.04,939.14,808.43,691.63,1145.74,11.00,70.78,152.49,539.76,916.10,610.40,710.37,629.39,695.15,769.23,777.51,843.31,787.81,910.64
20260914,06,11110615,22316.17,6.80,89.36,121.30,407.86,1044.66,1145.51,1219.50,1297.52,1325.96,1463.87,1303.44,1059.54,949.17,1333.29,11.00,70.83,170.18,605.56,1007.34,733.60,807.76,670.57,760.65,836.24,897.44,991.42,898.23,1087.57
20260914,07,11110615,33370.07,6.89,96.26,118.55,485.51,1374.37,1704.87,1970.40,2142.45,2443.57,2792.54,2294.13,1640.00,1374.75,1825.28,11.16,93.38,343.27,760.80,1411.44,1209.26,1180.28,996.83,1146.00,1177.26,1196.27,1147.06,1055.89,1371.60
20260914,08,11110615,63690.99,12.62,85.25,112.75,658.74,2539.32,3620.32,3983.42,4567.99,5144.11,5742.17,4507.32,2536.40,2003.75,2557.55,22.31,138.55,664.05,1191.67,3148.78,3257.08,2741.92,2437.08,2477.20,2500.03,2134.18,1562.71,1467.87,1875.85
20260914,09,11110615,104627.08,7.28,94.09,209.53,1111.43,4168.45,6391.67,6529.91,7206.97,7711.61,8231.96,6398.81,3590.40,2947.66,3808.69,22.77,145.79,763.22,2175.13,6307.44,6729.70,5327.90,4869.28,4594.49,4273.03,3690.22,2507.03,2276.20,2536.42
20260914,10,11110615,125519.32,14.38,96.84,275.65,1400.53,4991.60,7598.33,7299.95,8107.19,8543.60,9178.34,7336.05,4391.76,3923.61,5724.81,23.13,149.45,779.69,2726.87,7339.47,7819.15,6162.55,5939.63,5640.54,5345.12,4767.79,3433.43,3051.02,3458.84
20260914,11,11110615,140310.15,14.49,114.41,302.57,1593.95,5334.64,8081.59,7864.59,8583.10,9320.57,9767.62,7940.72,5009.11,4694.06,7640.41,23.29,163.97,857.10,3092.44,7996.76,8519.25,6792.54,6681.25,6169.38,5958.47,5495.45,4112.91,3795.49,4390.02
20260914,12,11110615,149782.01,20.26,120.48,328.56,1698.86,5539.21,8373.60,8101.33,8879.76,9452.96,9976.24,8137.55,5342.61,5285.30,9384.90,23.29,175.17,906.38,3455.44,8596.53,8923.64,7043.23,7082.67,6506.97,6383.97,6050.61,4622.24,4199.81,5170.44
20260914,13,11110615,154145.75,14.54,203.45,360.04,1755.22,5611.44,8340.86,8043.18,9040.93,9530.32,10186.54,8462.76,5466.81,5569.12,10460.23,23.61,233.11,938.02,3634.05,8507.19,9022.73,7067.57,7046.04,6676.27,6679.67,6213.14,4786.90,4546.53,5725.48
20260914,14,11110615,155250.54,14.63,195.77,358.54,1816.46,5692.89,8496.50,8094.41,8978.27,9605.14,10085.36,8548.08,5553.68,5645.26,10597.75,29.56,229.87,1009.92,3716.67,8602.82,8948.30,7029.11,7025.61,6679.43,6726.26,6221.64,4807.49,4788.71,5752.41
20260914,15,11110615,156189.20,9.47,133.84,396.57,1895.07,5906.73,8630.56,8210.15,8929.63,9731.88,10283.65,8559.75,5682.49,5606.42,10299.84,13.10,190.74,1121.03,3929.82,8827.33,9173.81,7103.15,6974.34,6590.32,6764.41,6296.66,4697.11,4631.03,5600.30
20260914,16,11110615,148135.26,18.71,93.25,548.05,1968.58,5820.34,8320.52,7893.07,8679.74,9290.92,9949.01,8109.51,5401.36,5237.96,9081.98,17.81,128.23,1098.11,3984.80,8734.78,8841.39,6731.84,6571.85,6255.61,6378.11,5881.89,4370.17,4030.17,4697.50
20260914,17,11110615,143627.63,30.95,88.34,699.34,2105.10,5906.48,8351.82,7946.30,8673.99,9255.61,9894.18,7966.52,5170.70,4865.02,7634.81,12.70,132.85,1076.70,4436.05,8840.73,8647.28,6582.74,6218.62,6062.22,6234.46,5508.06,3977.64,3511.01,3797.41
20260914,18,11110615,124385.03,7.28,84.29,778.77,2223.41,5688.31,7652.62,7060.20,7533.95,7969.16,8550.13,6636.50,4462.27,3905.09,5559.05,17.41,129.96,1189.39,4594.74,8106.61,7645.22,5464.74,5125.65,5134.18,5259.69,4522.17,3288.97,2795.25,3000.02
20260914,19,11110615,94346.55,7.19,92.85,789.84,2293.00,4849.66,6154.01,5228.52,5506.91,5914.84,6498.24,4899.30,3363.03,2978.00,3928.96,22.32,121.22,1161.42,4470.65,6148.32,5506.35,3588.53,3348.01,3575.02,3645.26,3306.06,2458.82,2189.55,2300.67
20260914,20,11110615,73009.16,8.19,79.42,751.78,2145.50,4232.31,4849.09,3896.32,4036.66,4500.92,4826.55,3513.47,2504.35,2325.94,2798.18,11.29,135.52,1153.10,4059.25,5006.30,4124.61,2603.62,2404.60,2573.38,2531.68,2461.01,1909.34,1712.08,1854.70
20260914,21,11110615,56869.37,8.03,82.32,617.83,1967.77,3602.64,4036.13,3136.63,3206.68,3418.44,3591.37,2558.30,1877.51,1569.45,1926.42,5.66,90.76,1020.53,3521.32,4060.47,3203.75,1899.99,1777.03,1877.28,1846.15,1812.83,1395.28,1341.31,1417.49
20260914,22,11110615,41607.37,7.96,75.00,476.64,1540.98,2769.05,3107.09,2397.84,2438.13,2516.36,2574.58,1725.99,1284.76,1024.68,1403.86,5.61,88.57,736.03,2628.97,2971.61,2231.35,1403.05,1301.39,1299.29,1280.38,1213.28,1031.49,961.18,1112.25
20260914,23,11110615,31846.48,8.30,82.01,303.24,1060.53,2157.65,2292.79,1949.08,1875.09,1934.00,1928.58,1297.88,1076.93,820.57,1248.28,5.97,89.72,495.40,1811.16,2124.70,1709.60,1079.68,943.67,995.47,967.46,1010.95,814.21,787.52,976.04
20260915,00,11110615,21747.93,6.78,77.86,132.43,604.31,1391.45,1448.69,1323.77,1244.37,1352.52,1425.78,938.67,811.91,649.81,1074.52,5.56,84.31,243.32,799.34,1117.11,892.74,777.03,707.40,787.42,808.02,842.90,672.35,678.91,848.65
20260915,01,11110615,20576.45,6.78,77.81,114.46,479.13,1256.54,1373.98,1265.23,1141.85,1279.73,1407.37,893.93,784.14,646.02,1064.20,5.56,81.79,240.72,664.85,999.64,800.99,746.67,691.33,777.44,803.92,813.67,664.31,647.43,846.96
20260915,02,11110615,19389.09,6.78,77.81,106.11,390.30,1117.39,1213.33,1184.94,1070.20,1191.96,1334.29,861.55,761.57,637.51,1055.46,5.55,81.79,204.16,581.18,919.29,720.06,700.65,679.11,760.00,798.61,818.45,666.40,628.18,816.46
20260915,03,11110615,18601.77,7.96,77.81,104.78,352.56,1008.70,1087.64,1125.98,1014.49,1163.91,1306.30,860.41,722.95,637.65,1053.23,5.55,75.26,199.93,512.83,864.05,663.31,676.70,670.68,750.09,790.40,811.52,647.37,603.82,805.89
20260915,04,11110615,18495.34,7.96,77.81,102.64,332.68,930.81,1070.70,1132.36,1016.27,1170.40,1280.72,849.13,748.63,643.36,1069.72,5.55,75.29,179.62,485.46,838.27,637.35,656.71,687.49,736.66,782.09,851.85,680.29,608.67,836.85
20260915,05,11110615,19516.42,7.96,77.81,89.50,317.78,914.18,1040.04,1148.28,1041.47,1156.55,1343.27,922.93,844.11,727.78,1178.67,5.55,75.29,175.55,459.22,826.74,636.70,664.68,705.94,732.74,800.07,913.93,881.10,832.23,996.35
20260915,06,11110615,23159.71,6.83,78.42,94.67,312.98,995.81,1149.22,1326.45,1288.91,1433.24,1690.66,1239.30,1153.61,1002.11,1400.65,5.59,76.05,187.60,519.42,946.99,761.97,781.24,781.71,826.87,883.66,1014.93,1067.56,959.24,1174.02
20260915,07,11110615,34839.53,7.31,82.53,106.86,416.82,1329.53,1693.08,2016.53,2216.06,2542.65,2893.26,2296.97,1696.00,1580.09,2031.16,5.98,101.36,382.86,672.06,1373.32,1268.50,1214.15,1073.06,1244.88,1285.53,1381.70,1251.04,1233.16,1443.08
20260915,08,11110615,65225.07,12.87,78.03,124.63,643.95,2465.75,3634.88,4008.59,4619.83,5089.62,5747.05,4254.03,2694.35,2330.78,2898.84,17.48,147.86,696.07,1211.96,3149.94,3299.44,2897.18,2678.34,2597.23,2559.77,2252.12,1645.96,1593.98,1874.54
20260915,09,11110615,107984.02,7.98,66.24,229.15,1080.83,4371.91,6469.17,6564.25,7206.62,7796.02,8459.58,6158.86,3936.65,3279.01,4319.75,23.62,151.66,793.44,2255.43,6515.74,6794.82,5539.51,5093.70,4955.10,4514.06,3827.50,2582.83,2396.08,2594.51
20260915,10,11110615,129729.98,7.68,74.36,310.33,1481.30,5265.42,7527.26,7367.44,8035.87,8640.14,9518.18,7147.22,4804.60,4092.02,6230.18,23.83,147.56,854.78,2804.83,7684.94,7991.26,6524.70,6290.36,5944.60,5612.95,4894.27,3599.18,3264.06,3590.66
20260915,11,11110615,145764.75,7.94,84.69,349.37,1679.19,5672.66,8216.36,7992.26,8769.37,9311.86,9954.97,7954.00,5348.24,4769.76,7835.97,23.99,145.10,911.23,3143.20,8335.62,8821.33,7264.95,6937.88,6647.80,6415.57,5878.82,4321.35,4117.77,4853.50
20260915,12,11110615,153118.26,13.38,86.50,374.14,1706.03,5817.66,8436.06,8149.41,8790.79,9282.13,10034.22,8079.42,5586.17,5265.59,9685.31,27.20,149.98,997.63,3334.60,8715.46,9174.91,7641.89,7118.92,6979.06,6676.51,6268.77,4701.96,4502.98,5521.58
20260915,13,11110615,156873.75,13.32,92.19,407.29,1729.27,5733.13,8500.02,8077.48,8841.77,9226.58,10156.41,8314.59,5810.25,5610.05,11044.91,27.42,162.05,1032.48,3487.55,8679.83,9170.42,7632.64,7172.27,7066.75,6725.19,6569.51,4968.50,4707.82,5914.06
20260915,14,11110615,158830.19,7.45,162.93,403.51,1911.49,5844.56,8601.31,8133.96,8946.06,9385.38,10176.17,8401.27,5903.80,5710.79,11183.06,21.66,211.88,1089.48,3618.75,8783.22,9227.03,7677.81,7097.19,6924.25,6933.02,6562.05,5111.36,4716.00,6084.75
20260915,15,11110615,157650.28,7.55,195.74,424.01,1942.98,5877.39,8614.50,8149.91,9033.27,9511.00,10223.07,8340.52,5805.19,5761.18,10795.21,15.94,256.56,1078.83,3809.83,8967.04,9169.10,7563.82,6942.50,6783.01,6978.94,6458.02,4870.74,4405.35,5669.08
20260915,16,11110615,155511.99,7.91,151.74,484.85,2152.80,6069.81,8821.35,8166.27,9031.57,9408.89,10129.62,8302.25,5664.86,5569.56,9873.54,16.76,205.23,1072.94,4089.59,9306.77,9221.00,7530.91,6974.32,6756.76,6794.95,6246.59,4547.23,4007.49,4906.43
20260915,17,11110615,146967.38,7.68,164.06,577.32,2243.85,6195.92,8820.67,7864.98,8750.27,9117.03,9872.64,7908.26,5397.78,5010.38,8163.11,17.83,214.84,1039.04,4403.45,9177.00,8996.27,6978.96,6560.58,6331.51,6402.88,5706.55,3946.26,3394.31,3703.95
20260915,18,11110615,129189.92,18.68,180.81,715.71,2244.70,5799.13,7969.65,7126.17,7744.34,8261.63,8758.90,6946.08,4772.59,4203.80,6265.25,22.39,221.26,1073.02,4493.48,8531.64,8229.65,5686.65,5502.67,5486.71,5372.47,4757.30,3310.97,2732.14,2762.13
20260915,19,11110615,105173.47,19.05,178.69,747.58,2412.18,5179.18,6810.01,5763.29,5876.27,6405.75,6759.68,5405.42,3894.25,3427.94,4660.34,22.17,197.89,1273.33,4899.94,7452.36,6637.39,4182.57,4076.49,3972.98,3960.86,3703.36,2723.83,2198.05,2332.62
20260915,20,11110615,82790.83,20.21,83.29,642.64,2265.40,4601.82,5614.68,4491.67,4413.21,4727.50,5254.16,4192.48,2983.67,2612.14,3223.54,16.04,129.22,1253.26,4685.13,6139.60,5211.25,2988.95,2902.37,2871.45,3064.46,2656.53,2150.35,1742.63,1853.18
20260915,21,11110615,66053.10,14.32,81.71,521.20,2029.79,3982.14,4767.02,3650.06,3576.95,3705.10,3984.29,3209.54,2226.61,1812.82,2224.27,15.58,83.21,1143.46,4256.63,4980.95,4086.18,2440.86,2179.04,2222.60,2365.68,1970.75,1610.41,1399.65,1512.28
20260915,22,11110615,48669.18,14.05,86.89,445.61,1668.09,3238.99,3633.51,2837.84,2761.38,2731.30,2853.68,2181.18,1611.68,1194.87,1590.77,9.73,84.95,817.91,3155.11,3650.66,2941.24,1826.74,1570.35,1486.51,1589.98,1361.45,1097.40,981.49,1245.82
20260915,23,11110615,35266.68,12.19,75.77,264.49,1255.52,2324.28,2666.81,2129.75,2003.84,1968.81,2129.62,1543.58,1145.56,876.45,1326.14,9.12,76.91,546.82,2089.01,2495.94,1955.43,1257.24,1128.60,1092.95,1178.86,995.58,874.09,794.33,1048.99
20260916,00,11110615,22825.44,,81.31,159.29,709.99,1380.28,1605.87,1489.82,1348.73,1334.24,1424.43,981.04,871.34,703.05,1100.09,8.92,63.68,241.65,888.18,1132.33,984.17,772.33,731.91,834.79,960.15,802.93,709.46,654.13,848.68
20260916,01,11110615,21599.34,,81.31,154.97,618.41,1258.49,1423.52,1419.16,1274.15,1251.23,1358.22,955.61,844.46,687.64,1080.17,8.92,63.68,209.73,814.07,1015.34,858.28,768.50,723.52,810.69,940.71,811.90,688.72,628.48,846.81
20260916,02,11110615,20335.56,,81.25,129.38,500.00,1151.01,1284.74,1290.80,1192.22,1180.48,1343.48,909.42,831.69,661.27,1061.51,8.92,63.61,204.75,723.57,936.63,747.76,733.70,717.55,776.93,901.47,797.41,675.38,594.13,833.85
20260916,03,11110615,19455.70,,76.04,127.72,466.60,1068.49,1153.31,1226.16,1135.10,1135.26,1295.80,894.05,825.80,659.62,1039.65,8.92,63.57,186.52,604.04,873.86,676.59,701.10,689.55,756.77,878.68,795.26,676.31,593.85,844.43
20260916,04,11110615,19124.25,,75.95,119.32,407.24,990.33,1073.51,1205.23,1103.09,1126.65,1260.15,896.79,839.48,665.91,1061.13,8.92,63.57,179.14,552.71,793.49,669.11,699.43,692.99,743.32,883.60,824.51,720.97,615.51,849.55
20260916,05,11110615,20147.34,,76.01,108.65,371.88,961.45,1053.21,1229.26,1106.96,1130.46,1337.88,966.62,907.34,731.14,1186.13,8.92,66.29,178.21,531.83,783.72,676.16,719.64,714.89,736.46,895.67,894.62,934.86,825.77,1010.66
20260916,06,11110615,23818.89,,72.93,111.07,364.09,1078.28,1199.79,1388.31,1337.47,1405.90,1706.24,1325.38,1198.23,1012.78,1438.74,9.00,75.42,197.62,615.05,866.25,797.01,786.37,748.26,836.31,989.25,1008.91,1105.23,967.26,1175.06
20260916,07,11110615,34201.87,,74.04,123.29,425.96,1329.05,1700.55,1990.44,2173.71,2500.69,2946.09,2250.68,1720.09,1439.96,1805.08,9.16,78.76,337.64,804.17,1187.88,1264.25,1200.34,1085.90,1228.43,1377.27,1292.65,1267.59,1163.94,1421.56
20260916,08,11110615,66247.29,19.98,81.17,159.24,642.82,2486.94,3710.44,4176.19,4724.34,5224.21,5991.89,4485.46,2661.74,2223.31,2635.33,15.57,135.54,687.71,1344.26,3085.24,3322.91,2912.58,2670.27,2666.44,2684.36,2363.34,1681.48,1578.37,1876.16
20260916,09,11110615,109168.38,20.65,76.37,276.52,1128.97,4402.29,6707.19,6807.09,7418.79,7950.48,8694.31,6390.26,3782.39,3229.55,3802.61,18.19,161.86,798.28,2253.61,6509.66,6973.83,5524.38,5102.77,4951.74,4551.21,3931.19,2646.73,2467.23,2590.23
20260916,10,11110615,129651.92,15.39,94.46,359.76,1479.43,5127.83,7670.62,7612.42,8222.95,8783.18,9560.28,7244.13,4649.26,4081.03,5741.04,18.57,208.28,864.52,2827.71,7507.14,8119.86,6561.46,6137.38,5940.04,5606.30,5031.11,3570.48,3280.14,3337.15
20260916,11,11110615,144856.75,21.18,156.32,461.58,1694.93,5602.17,8310.78,8194.03,8756.03,9314.30,10002.78,7696.25,5315.41,4758.40,7699.22,24.74,243.26,912.90,3180.74,8238.59,8865.16,7168.93,6879.65,6762.35,6269.20,5795.72,4239.04,4013.55,4279.54
20260916,12,11110615,157293.81,15.27,159.55,639.87,1795.85,5862.14,8942.58,8605.42,9192.06,9577.13,10220.44,8177.72,5631.77,5378.84,9948.98,24.57,272.94,969.66,3541.25,8948.44,9569.35,7564.78,7467.84,7100.65,6803.85,6368.16,4777.71,4525.10,5211.89
20260916,13,11110615,157067.34,14.57,148.14,617.55,1723.46,5686.93,8631.61,8215.57,8904.73,9468.93,10336.91,8251.53,5670.37,5601.19,10945.04,23.50,207.33,970.85,3545.76,8660.50,9283.04,7344.65,7112.99,6914.44,6936.80,6493.84,4955.01,4752.11,5649.99
20260916,14,11110615,159608.83,20.32,195.57,713.15,1844.68,5779.75,8778.46,8291.55,8993.29,9437.60,10134.93,8316.01,5754.97,5772.32,11304.99,35.06,222.44,995.55,3813.84,8913.09,9248.47,7377.25,7094.31,6982.69,7118.02,6604.20,5136.68,4930.92,5798.72
20260916,15,11110615,158953.62,20.43,190.25,810.39,1858.43,5779.80,8846.97,8272.41,8938.74,9352.21,10104.77,8255.22,5821.20,5697.73,10947.06,23.47,223.61,1031.55,3820.98,9022.25,9381.67,7469.08,7197.13,6942.92,7081.44,6565.48,4980.12,4639.95,5678.36
20260916,16,11110615,153219.29,26.02,176.40,1093.13,1964.69,5758.55,8589.42,7891.82,8703.69,9180.18,9909.83,8009.94,5690.76,5541.67,9689.85,26.57,225.78,1057.61,4104.86,9102.53,9267.68,7184.92,6905.53,6602.02,6764.35,6319.38,4657.09,3940.47,4834.55
20260916,17,11110615,145386.11,15.68,210.26,1129.75,2175.90,5766.99,8307.42,7744.61,8452.42,8890.51,9517.15,7597.90,5334.96,5044.09,8394.68,32.01,227.01,1194.17,4382.52,9107.38,8915.30,6710.36,6464.17,6325.12,6445.88,5750.42,3999.14,3315.32,3934.99
20260916,18,11110615,133542.48,14.28,163.31,1173.81,2522.67,5863.29,7867.84,7184.65,7956.22,8177.16,8599.74,6925.98,4929.90,4495.39,6855.61,20.68,217.35,1370.70,4990.79,8613.32,8316.15,5830.75,5627.57,5632.31,5516.80,4880.91,3471.16,2932.60,3391.54
20260916,19,11110615,105180.88,19.53,142.08,894.00,2645.05,5370.43,6483.25,5480.55,5930.84,5977.47,6620.86,5247.95,3861.33,3363.17,4969.68,22.62,179.70,1409.72,5172.91,7201.85,6350.58,4244.42,4132.78,4064.29,4038.40,3661.19,2795.45,2297.43,2603.35
20260916,20,11110615,84341.34,13.62,147.32,767.65,2544.57,4786.57,5396.55,4364.15,4622.82,4559.82,5024.66,4027.45,3064.48,2702.20,3516.66,16.70,174.19,1373.66,4978.06,6184.89,5003.54,3202.64,3220.64,3022.35,2966.14,2725.41,2195.34,1761.43,1977.83
20260916,21,11110615,68042.68,13.52,124.57,645.03,2267.33,4193.16,4650.98,3650.11,3694.37,3707.55,4067.03,2985.61,2327.74,2007.77,2411.42,11.22,148.57,1211.83,4542.82,5337.55,4120.57,2392.55,2471.14,2262.32,2233.23,2079.04,1651.31,1335.83,1498.51
20260916,22,11110615,49488.85,13.52,89.70,443.86,1869.41,3346.97,3617.45,2793.35,2790.82,2701.70,2797.88,1984.42,1715.85,1308.05,1634.43,11.11,97.45,842.82,3488.34,3834.75,2981.08,1694.76,1755.96,1580.36,1527.94,1388.09,1079.00,945.70,1154.08
20260916,23,11110615,35779.96,13.37,86.93,338.74,1416.93,2502.66,2725.78,2078.54,2054.42,1927.89,2078.35,1477.27,1156.36,910.20,1281.51,5.68,95.17,531.85,2319.26,2547.48,1943.19,1236.14,1183.04,1123.07,1170.22,1033.17,857.68,723.68,961.38
20260917,00,11110615,23312.68,12.70,88.65,159.42,759.58,1591.76,1661.75,1422.56,1385.77,1272.05,1357.27,1003.11,849.13,697.41,1124.19,6.07,91.31,237.07,915.03,1258.27,982.97,810.81,819.31,856.61,878.61,886.29,699.71,627.89,857.38
20260917,01,11110615,21728.99,12.17,84.68,139.85,636.59,1461.95,1499.39,1345.14,1305.89,1196.82,1316.13,925.62,796.67,682.88,1088.28,5.64,87.53,223.29,817.29,1104.92,904.04,772.24,742.91,817.84,842.03,835.25,663.98,603.85,816.12
20260917,02,11110615,20077.91,12.17,84.68,121.83,478.48,1274.15,1325.14,1216.10,1196.25,1125.82,1308.06,870.09,775.23,661.29,1083.82,5.64,87.53,193.87,668.61,956.20,753.34,736.92,733.10,779.40,818.60,811.67,649.55,572.21,778.16
20260917,03,11110615,19242.43,12.17,84.68,111.61,382.00,1151.85,1201.21,1154.12,1149.41,1099.72,1269.33,845.03,762.44,641.41,1087.28,5.64,87.61,191.25,603.41,905.33,705.07,695.99,716.86,770.01,809.18,813.33,642.78,563.28,780.43
20260917,04,11110615,18922.35,12.17,84.68,102.40,333.27,1055.63,1126.86,1093.78,1116.89,1096.63,1260.40,854.33,778.60,656.00,1105.57,5.64,87.61,178.16,556.15,880.39,678.57,691.68,717.25,753.67,812.00,834.82,668.30,570.10,810.80
20260917,05,11110615,19882.81,12.17,84.68,93.17,307.71,1024.67,1085.96,1144.12,1132.85,1123.79,1292.67,907.46,859.46,711.01,1222.48,5.64,87.61,167.52,535.24,870.53,671.00,694.79,701.89,744.43,829.58,912.36,875.39,788.48,996.15
20260917,06,11110615,23197.60,12.24,81.57,93.77,313.48,1088.01,1162.29,1282.64,1344.72,1293.79,1524.88,1238.75,1161.31,989.59,1480.62,11.06,88.29,185.37,589.28,981.98,808.94,785.52,749.86,828.92,918.79,1035.13,1067.26,938.10,1141.44
20260917,07,11110615,33421.39,12.35,84.02,97.05,397.04,1364.37,1692.82,1888.24,2152.08,2280.14,2656.89,2158.32,1640.74,1401.82,2011.53,11.16,99.51,335.59,712.72,1350.03,1199.13,1220.81,1051.92,1173.26,1266.09,1412.90,1253.48,1136.49,1360.89
20260917,08,11110615,63226.43,18.07,80.85,153.44,579.77,2488.22,3677.59,3940.22,4470.00,4802.79,5600.29,4020.07,2622.76,2180.42,2829.79,22.31,157.06,690.43,1187.95,3010.14,3212.17,2721.37,2529.33,2527.12,2526.59,2237.10,1603.57,1581.57,1755.44
20260917,09,11110615,104113.07,12.94,94.77,249.20,1037.33,4296.37,6378.38,6442.97,6810.39,7410.46,8062.42,6017.56,3602.88,3050.15,4123.31,23.10,164.29,781.46,2094.48,6369.93,6630.57,5218.61,4907.12,4792.90,4380.45,3728.28,2537.88,2320.90,2573.97
20260917,10,11110615,124249.66,13.05,147.42,304.07,1372.50,4978.14,7377.28,7139.03,7675.46,8207.88,8966.81,7003.68,4433.61,3871.62,5764.92,24.50,247.85,814.36,2591.22,7336.46,7809.66,6238.65,5936.23,5655.04,5351.22,4829.85,3415.53,3229.96,3513.66
20260917,11,11110615,140656.98,13.44,153.78,393.12,1612.48,5384.13,7935.08,7880.48,8359.10,8833.42,9499.47,7518.65,5049.60,4607.05,7673.07,35.14,266.49,890.14,3009.08,8152.37,8591.35,6901.46,6660.39,6454.29,6255.99,5742.51,4195.01,3985.02,4604.87
20260917,12,11110615,150588.90,13.34,132.70,426.48,1722.77,5673.23,8512.77,8107.42,8629.68,9018.44,9699.59,7887.59,5288.71,5042.65,9774.55,29.43,234.17,883.12,3412.10,8656.96,8994.17,7337.09,7041.50,6712.15,6722.15,6155.15,4651.79,4430.29,5398.91
20260917,13,11110615,156005.71,13.44,174.78,505.01,1815.36,5722.62,8394.01,7972.37,8700.87,9240.95,10056.13,8112.40,5602.58,5536.50,11309.64,29.53,281.22,910.36,3521.69,8746.26,9338.70,7334.85,7050.41,6886.59,7014.58,6527.36,4844.72,4662.02,5700.76
20260917,14,11110615,157481.17,19.15,163.68,521.53,1911.68,5852.68,8487.60,7942.57,8728.54,9330.23,10140.47,8055.49,5688.72,5729.94,11664.47,32.14,294.78,1022.91,3544.27,8848.61,9461.54,7254.75,7100.45,6764.81,7113.38,6506.77,4931.87,4774.26,5593.88
20260917,15,11110615,154691.36,19.08,147.10,547.01,2073.95,5870.58,8558.28,7913.39,8519.13,9117.52,9957.89,7849.02,5634.51,5714.10,11109.51,26.35,234.49,1020.87,3744.62,8929.03,9330.70,7102.72,7014.73,6684.42,6745.65,6308.91,4880.45,4444.79,5192.56
20260917,16,11110615,148461.33,13.08,143.29,587.21,2113.76,5851.37,8477.38,7733.98,8453.66,8921.76,9735.80,7743.61,5441.02,5364.77,9358.71,18.10,179.53,951.83,4031.63,8884.81,9120.97,6891.99,6683.62,6366.32,6480.46,6153.31,4381.28,3888.28,4489.80
20260917,17,11110615,145049.05,25.16,123.20,647.31,2303.81,6045.54,8587.11,7660.07,8363.91,9013.17,9558.33,7794.52,5241.45,5209.14,8112.49,35.82,146.94,967.07,4620.70,9038.41,9006.41,6578.37,6471.53,6240.63,6244.28,5644.63,4053.64,3514.14,3801.27
20260917,18,11110615,133525.74,19.18,149.49,765.07,2551.04,6143.85,8168.58,7134.25,7874.66,8336.21,8686.61,7049.06,4668.90,4444.19,6674.42,24.40,153.87,1131.55,5278.83,8750.86,8396.93,5962.39,5629.80,5554.79,5604.33,4895.39,3579.79,2959.44,2937.86
20260917,19,11110615,106713.13,36.13,150.41,763.87,2581.88,5411.55,6884.98,5602.21,6018.65,6347.65,6657.88,5289.55,3670.91,3544.11,4958.69,30.70,156.63,1320.97,5381.45,7343.92,6377.42,4371.17,4171.52,4035.67,4278.71,3849.43,2715.44,2388.18,2373.45
20260917,20,11110615,84598.95,23.62,109.89,691.94,2455.45,4790.16,5674.53,4433.28,4776.75,4822.54,5047.53,3968.05,2846.90,2829.18,3427.84,23.73,108.55,1211.55,4957.83,6179.87,5171.80,3301.39,3030.30,2952.63,3076.89,2883.84,2048.08,1823.69,1931.14
20260917,21,11110615,68077.38,6.97,106.57,638.60,2360.97,4362.13,4925.64,3572.34,3766.56,3856.37,3953.28,2965.26,2178.03,1988.72,2281.70,23.52,89.19,1069.31,4499.10,5199.36,4200.28,2635.42,2442.52,2112.42,2279.62,2081.77,1555.60,1394.09,1532.04
20260917,22,11110615,50651.58,6.91,112.07,497.98,1922.14,3515.25,3865.24,2851.11,2913.14,2861.84,2773.07,2007.06,1523.37,1318.23,1611.57,11.25,87.19,767.93,3516.30,4018.78,3041.84,1953.85,1732.03,1506.88,1563.22,1427.78,1047.10,979.42,1219.03
20260917,23,11110615,38158.43,7.27,101.34,403.59,1501.87,2732.40,2908.56,2289.69,2210.45,2127.76,2181.36,1528.14,1098.15,999.97,1312.08,11.79,79.74,497.59,2425.07,2900.95,2126.32,1373.44,1304.62,1058.37,1175.86,1115.20,850.43,788.32,1048.10
20260918,00,11110615,23933.56,6.81,86.82,197.63,729.74,1713.69,1681.46,1403.79,1425.88,1389.78,1500.31,1029.23,829.92,740.16,1109.51,5.75,85.13,220.86,1106.47,1310.25,979.02,839.53,843.30,796.45,848.92,885.05,676.70,627.29,864.11
20260918,01,11110615,22393.87,6.81,86.92,190.23,681.14,1517.56,1502.35,1304.41,1287.24,1287.37,1398.44,1005.19,809.81,715.76,1064.16,5.75,85.22,193.47,992.22,1171.21,898.64,808.77,826.90,781.98,812.99,863.06,644.75,608.18,843.34
20260918,02,11110615,20673.30,6.81,86.82,173.26,554.24,1297.31,1320.55,1155.59,1169.18,1232.15,1334.87,957.82,776.93,703.51,1039.76,5.75,84.97,187.74,817.60,976.64,769.00,753.73,786.89,771.15,803.69,833.72,642.17,587.34,844.11
20260918,03,11110615,19647.31,6.81,86.82,143.63,465.66,1159.67,1200.19,1103.15,1120.91,1185.59,1328.85,909.80,760.08,690.27,1031.56,5.75,85.12,182.30,689.13,876.38,698.21,739.74,757.43,755.73,803.25,822.03,635.98,569.33,833.94
20260918,04,11110615,19168.56,6.81,86.82,112.50,414.16,1062.62,1111.94,1064.08,1109.77,1169.86,1308.31,909.49,780.00,675.42,1048.44,5.75,85.06,177.71,645.64,803.26,672.01,705.34,744.28,740.84,785.93,846.54,662.60,589.60,843.78
20260918,05,11110615,20035.89,6.81,79.73,109.68,376.03,987.20,1053.66,1099.08,1135.67,1146.43,1345.08,978.82,878.99,769.51,1139.00,5.75,82.44,183.45,603.12,769.11,653.30,700.44,735.82,724.50,823.91,930.83,856.68,820.81,1040.04
20260918,06,11110615,23251.56,6.86,80.41,120.25,383.11,1020.24,1123.04,1206.05,1325.25,1388.86,1619.82,1275.69,1156.04,1036.88,1365.92,5.80,83.16,186.94,650.21,896.55,770.77,788.56,789.00,822.84,894.36,1067.90,1052.45,925.14,1209.46
20260918,07,11110615,33233.69,6.91,77.40,117.85,431.89,1355.30,1548.15,1820.55,2195.14,2332.99,2757.13,2058.64,1648.90,1498.38,1835.02,5.83,78.04,367.92,816.62,1208.72,1186.10,1152.05,1099.28,1154.25,1240.14,1381.95,1220.58,1185.79,1452.17
20260918,08,11110615,61209.95,12.62,73.45,147.09,626.43,2316.32,3366.55,3659.34,4320.88,4639.39,5367.04,3989.69,2577.10,2161.16,2626.85,22.42,123.96,696.22,1308.32,2917.10,3038.88,2607.30,2565.26,2442.44,2405.82,2150.86,1619.72,1576.40,1851.34
20260918,09,11110615,100622.31,18.45,129.53,270.59,1157.12,4136.09,6106.31,6088.94,6779.56,7134.66,7543.72,5706.86,3515.57,3054.54,3812.18,17.36,171.17,843.44,2215.48,6054.53,6359.35,4861.97,4862.73,4413.01,4225.90,3643.70,2504.50,2424.46,2570.59
20260918,10,11110615,120100.24,24.39,187.00,368.79,1477.99,4868.69,7064.33,6881.48,7505.13,7888.34,8409.46,6694.00,4339.00,3799.54,5485.63,35.92,174.01,970.55,2846.06,6960.47,7463.62,5751.80,5955.18,5231.18,5259.21,4652.06,3299.99,3224.36,3282.06
20260918,11,11110615,133875.32,24.57,198.91,446.67,1726.64,5278.71,7605.17,7416.30,8088.24,8581.99,8859.31,7130.68,4822.06,4485.38,7195.61,36.26,191.45,1022.56,3202.82,7509.28,8163.11,6319.46,6461.57,5816.80,5900.57,5406.06,3912.76,3847.27,4225.11
20260918,12,11110615,144313.01,42.28,209.57,496.13,1926.00,5633.39,8078.76,7708.67,8432.46,8757.54,9012.35,7471.89,5138.36,5107.54,8991.63,32.13,232.27,1097.10,3624.96,8013.15,8672.68,6831.26,6741.59,6094.73,6366.56,5809.57,4449.01,4197.27,5144.16
20260918,13,11110615,149110.71,36.34,178.77,574.12,2059.53,5610.16,8179.67,7692.69,8454.25,8668.73,9162.24,7695.32,5163.25,5482.59,10338.88,43.40,194.30,1129.75,3885.78,8138.09,8784.87,6835.61,6887.55,6226.08,6588.62,6149.98,4594.80,4554.92,5800.42
20260918,14,11110615,151193.88,24.73,170.37,633.35,2220.52,5693.78,8272.77,7779.05,8390.72,8560.30,9193.11,7620.53,5337.27,5434.99,10788.22,33.38,209.30,1125.32,4164.59,8389.35,9113.36,6782.12,6851.92,6282.75,6629.17,6148.56,4689.11,4681.90,5973.34
20260918,15,11110615,154186.80,31.79,139.08,658.90,2484.65,6032.60,8361.22,7929.37,8362.44,8678.80,9193.05,7884.77,5509.99,5562.29,10717.86,51.24,215.79,1276.69,4486.77,8710.51,9240.05,6872.77,7008.13,6479.83,6735.59,6336.55,4616.80,4795.30,5813.97
20260918,16,11110615,145168.05,41.93,180.58,723.34,2464.80,5859.71,8123.46,7567.31,8022.47,8234.12,8907.46,7356.43,5281.35,5277.25,9373.83,47.90,187.65,1191.18,4596.37,8613.05,8860.59,6375.51,6610.38,6079.94,6391.24,5939.90,3981.79,4097.65,4780.86
20260918,17,11110615,139090.49,24.50,155.92,812.40,2804.13,5973.47,7918.63,7294.31,7656.89,7899.86,8465.08,6793.83,5166.60,5123.62,8212.90,60.31,168.29,1255.80,4905.87,8949.79,8796.08,5906.76,6191.71,5682.03,6179.90,5445.65,3690.90,3608.47,3946.79
20260918,18,11110615,133485.57,19.93,134.34,884.78,3229.78,6321.81,8030.63,6926.90,7098.11,7422.72,7755.04,6384.12,4945.67,4761.85,6927.49,41.27,154.41,1314.17,6005.74,9478.32,8668.53,5599.21,5603.85,5279.64,5718.97,4920.40,3405.42,3214.43,3238.04
20260918,19,11110615,111683.93,29.89,97.12,850.76,3250.55,6614.96,7301.19,5567.81,5315.62,5589.05,5987.49,5095.65,4216.24,3793.37,5031.95,31.15,136.95,1407.02,6369.78,9143.61,7223.16,4399.94,4060.33,3990.42,4400.65,3866.08,2778.10,2681.58,2453.51
20260918,20,11110615,96091.59,35.11,96.35,783.04,3351.09,6434.51,6897.92,4794.79,4258.48,4471.09,4742.65,3993.66,3530.02,3113.27,3615.86,36.27,124.85,1391.89,6203.44,8637.19,6544.88,3703.48,3252.86,3224.52,3432.67,3153.60,2275.80,2028.98,1963.32
20260918,21,11110615,81682.93,34.94,75.26,702.70,3103.12,6213.69,6315.16,4228.01,3688.36,3710.80,3827.00,3117.05,2867.88,2196.35,2445.82,34.70,124.50,1246.57,5545.75,8073.18,5794.07,3044.50,2760.27,2609.19,2720.17,2460.13,1694.04,1594.49,1455.23
20260918,22,11110615,64799.31,34.58,91.13,549.56,2817.31,5517.61,5712.18,3565.19,3039.67,2977.69,3074.23,2249.71,1991.32,1400.68,1694.32,18.03,109.20,926.27,4426.35,6804.29,4584.90,2456.02,1983.06,1828.75,1976.15,1664.33,1157.35,1054.11,1095.32
20260918,23,11110615,49547.97,17.98,83.33,378.56,2241.88,4721.68,4660.23,2997.13,2389.69,2304.71,2237.94,1548.30,1448.87,1068.32,1309.51,11.23,99.97,704.36,3283.53,5153.36,3332.92,1869.45,1464.02,1285.28,1298.86,1177.65,829.33,750.46,879.42
20260919,00,11110615,30153.15,13.86,82.19,241.41,1346.02,3013.37,2969.45,2072.17,1488.89,1436.22,1388.22,979.18,965.93,765.42,1058.55,13.56,103.67,342.57,1458.44,2453.63,1655.82,1001.20,825.85,787.31,864.53,819.16,651.54,596.27,758.72
20260919,01,11110615,27836.34,13.86,76.82,227.10,1193.52,2759.68,2661.56,1916.42,1386.13,1344.19,1346.21,936.02,915.36,757.49,1048.87,18.99,94.87,288.44,1246.21,2141.71,1440.97,947.80,771.79,757.39,835.42,783.63,623.57,573.36,728.96
20260919,02,11110615,24981.23,13.86,71.43,210.50,1067.10,2367.39,2234.53,1711.33,1246.28,1260.97,1263.69,858.96,870.83,726.57,1032.58,20.20,100.06,248.09,1029.86,1784.21,1135.38,824.39,737.69,739.85,783.19,765.93,603.61,557.46,715.29
20260919,03,11110615,21978.44,13.74,70.75,176.69,869.07,1834.11,1814.35,1497.27,1122.31,1160.20,1133.47,836.11,811.41,674.50,1002.52,20.01,99.32,215.58,860.64,1418.61,879.39,742.66,669.52,724.63,758.10,735.32,598.59,536.52,703.05
20260919,04,11110615,19957.62,13.63,70.66,154.98,736.28,1427.35,1538.09,1304.82,1023.48,1072.40,1105.09,761.35,783.12,655.47,1004.22,20.01,99.32,193.13,715.02,1150.79,777.22,693.50,648.44,696.34,742.35,744.62,591.30,528.46,706.18
20260919,05,11110615,19294.50,13.76,71.27,156.32,596.32,1249.79,1361.72,1222.73,995.38,1029.23,1082.37,755.12,806.89,680.23,1049.91,20.25,100.01,197.77,672.44,1042.85,711.10,687.33,635.58,690.68,729.78,773.53,653.86,550.06,758.22
20260919,06,11110615,20379.08,12.55,71.27,157.87,545.22,1181.69,1235.96,1233.47,1008.83,1054.58,1168.08,859.57,1004.97,849.34,1271.87,20.25,103.66,189.87,684.18,1021.19,750.89,751.20,642.24,740.47,761.49,833.93,744.97,630.77,848.70
20260919,07,11110615,23012.78,12.61,73.59,149.39,556.13,1272.62,1313.71,1325.71,1132.08,1221.21,1351.68,1121.62,1195.26,1086.81,1618.44,20.37,112.23,204.38,713.35,1109.64,806.83,797.96,671.20,791.48,853.74,908.45,809.69,758.59,1024.01
20260919,08,11110615,27189.82,12.73,91.04,170.45,612.30,1383.64,1523.86,1449.34,1274.70,1404.26,1597.15,1417.12,1397.60,1402.91,1966.86,27.30,126.23,248.99,859.61,1252.07,965.36,941.53,800.84,963.89,1036.42,1048.31,938.78,977.16,1299.37
20260919,09,11110615,35255.49,12.83,189.87,250.51,776.13,1747.82,1759.16,1670.87,1545.19,1608.31,1965.75,1771.28,1708.23,1819.30,2708.99,50.05,185.07,302.27,1311.70,1742.52,1371.46,1202.61,1070.04,1344.80,1389.58,1455.18,1223.72,1280.24,1792.01
20260919,10,11110615,47664.80,30.37,305.75,368.26,1031.62,2218.80,2363.45,2016.74,1885.15,2008.48,2335.88,2192.59,2133.24,2317.12,4062.51,56.79,256.20,461.15,1832.98,2343.53,1986.80,1590.97,1598.37,1875.04,2104.72,2104.67,1749.89,1907.55,2526.18
20260919,11,11110615,61080.29,69.38,346.15,520.04,1268.22,2708.10,2933.97,2493.29,2328.67,2292.57,2769.95,2529.48,2594.01,2902.29,5538.68,93.62,337.36,610.00,2280.20,3073.13,2669.68,2028.69,2085.05,2374.82,2727.79,2936.17,2395.96,2620.14,3552.88
20260919,12,11110615,77839.92,76.79,379.44,606.64,1535.67,3274.43,3518.58,2944.72,2709.55,2725.54,3138.40,3041.47,3095.37,3733.17,8496.92,110.45,491.46,759.41,2875.74,4045.61,3565.21,2805.81,2795.45,2989.80,3426.51,3726.77,3073.49,3251.48,4646.04
20260919,13,11110615,91974.27,136.63,418.14,797.92,1837.64,3858.88,4156.06,3469.21,3007.89,3073.16,3507.24,3553.18,3451.51,4143.61,10002.40,202.70,649.53,883.90,3617.61,5176.76,4670.73,3359.04,3499.58,3484.28,4111.63,4279.54,3653.04,3629.22,5343.24
20260919,14,11110615,101239.49,175.98,515.90,865.29,2217.11,4375.93,4649.79,3677.49,3278.85,3285.39,3746.08,3688.40,3648.15,4473.52,10441.26,271.15,738.79,1127.50,4294.78,6003.87,5462.94,4080.68,4000.90,3981.26,4582.80,4546.99,3655.46,3836.08,5617.15
20260919,15,11110615,104944.39,205.21,558.13,953.67,2589.16,4801.45,5056.66,3962.14,3335.04,3336.98,3697.45,3775.96,3575.83,4637.67,9932.72,312.04,818.70,1414.26,4800.54,7048.53,6199.49,4168.69,4340.91,4143.12,4461.34,4327.77,3556.38,3763.13,5171.42
20260919,16,11110615,106387.74,237.14,587.43,1013.63,2949.36,5623.47,5766.15,4005.31,3340.06,3398.19,3645.27,3731.09,3613.20,4530.66,8704.94,312.60,741.81,1547.41,5482.17,8108.13,6637.52,4282.81,4292.99,4186.80,4349.97,4078.70,3449.27,3363.24,4408.42
20260919,17,11110615,111339.09,240.53,561.44,1055.93,3518.50,6475.03,6348.79,4463.47,3712.42,3640.24,3746.11,4043.72,3998.23,4597.57,7599.73,362.08,892.39,1697.65,6237.39,9246.95,7175.03,4447.54,4322.32,4261.51,4359.03,4185.55,3269.85,3153.92,3726.17
20260919,18,11110615,111916.66,158.02,549.05,1127.55,3932.30,7381.40,7108.30,4706.30,3764.85,3631.30,3797.97,3909.79,3836.56,4427.06,6460.93,333.75,827.84,1694.95,6788.17,10333.86,7771.26,4374.99,4264.72,3959.14,4096.60,3889.59,2920.97,2783.28,3086.16
20260919,19,11110615,104547.80,127.50,504.02,1104.18,4123.16,7914.99,7364.26,4699.41,3564.35,3396.59,3319.24,3515.76,3452.84,3732.79,5038.40,283.49,619.15,1730.55,6928.83,10610.79,7635.46,4014.17,3761.01,3279.26,3421.23,3224.64,2408.41,2342.26,2431.06
20260919,20,11110615,94272.50,98.01,479.28,999.34,4198.72,8063.82,7356.51,4547.22,3279.26,2979.00,2847.82,2972.63,2848.29,2807.24,3493.04,244.85,508.42,1719.80,6808.91,10408.71,7200.45,3559.16,3128.53,2733.47,2794.97,2547.77,2010.47,1849.76,1787.05
20260919,21,11110615,80209.87,71.99,388.50,904.14,3817.65,7559.10,6915.49,4141.05,2928.86,2542.97,2576.70,2386.79,2245.96,1996.30,2459.97,164.83,450.32,1399.33,6116.61,9240.72,6190.97,2901.22,2465.19,2114.03,2159.28,1890.05,1487.81,1309.69,1384.35
20260919,22,11110615,63691.79,32.20,244.13,705.80,3276.77,6823.91,6041.48,3531.25,2475.31,2044.25,2046.40,1825.19,1620.69,1350.69,1837.32,106.32,261.05,1081.19,4884.00,7480.07,4933.08,2164.51,1726.70,1461.23,1464.42,1308.56,1027.49,875.45,1062.33
20260919,23,11110615,48863.38,26.35,185.80,539.29,2558.96,5546.35,5077.08,2989.35,1989.61,1722.77,1621.07,1286.58,1172.33,994.60,1314.42,77.53,218.51,689.38,3484.39,5508.13,3565.63,1637.11,1260.22,1068.34,1009.36,982.77,780.78,684.24,872.43
20260920,00,11110615,31938.05,20.50,122.77,254.58,1535.38,3516.37,3429.97,2101.18,1488.00,1264.98,1234.26,972.20,824.26,719.98,1098.55,49.55,133.17,282.90,1655.75,2947.83,2041.12,1189.40,802.03,780.98,788.10,749.63,612.10,574.32,748.19
20260920,01,11110615,29808.22,20.50,122.72,250.18,1420.17,3195.80,3154.02,1995.81,1397.10,1190.26,1195.02,921.09,779.51,696.42,1057.23,49.55,133.17,273.07,1497.41,2615.94,1816.10,1129.67,783.79,762.05,753.83,737.52,595.37,544.66,720.26
20260920,02,11110615,26761.90,20.50,117.37,213.12,1204.47,2761.81,2678.99,1793.85,1256.52,1104.11,1154.98,858.18,732.17,657.71,1021.02,49.55,133.13,258.33,1324.24,2120.08,1509.75,995.89,755.25,745.00,742.01,731.61,577.00,542.35,702.91
20260920,03,11110615,23770.19,20.50,117.37,199.69,958.67,2268.41,2173.04,1531.79,1173.09,1052.36,1107.62,790.27,672.67,664.10,995.43,49.55,133.11,242.45,1091.16,1671.29,1286.00,891.30,693.45,722.17,730.36,723.93,571.67,546.96,691.78
20260920,04,11110615,21387.65,20.50,117.37,175.12,792.37,1795.60,1756.79,1363.84,1063.03,994.42,1058.97,729.65,658.42,630.29,985.21,49.55,128.48,228.84,895.45,1411.08,1106.18,829.49,681.27,706.44,721.14,716.74,565.99,515.61,689.81
20260920,05,11110615,20101.81,20.50,117.37,163.14,661.09,1591.09,1443.29,1274.37,1004.06,957.96,1042.05,707.52,664.60,622.86,1025.65,49.55,128.48,222.82,768.80,1232.61,991.00,792.09,675.14,698.59,725.99,712.22,575.56,523.95,709.46
20260920,06,11110615,19741.63,20.50,117.37,146.52,589.36,1369.75,1239.13,1158.29,997.74,903.59,1056.57,761.26,752.90,701.55,1117.35,49.55,128.48,220.96,736.90,1141.60,952.31,787.09,679.58,691.37,745.57,714.35,630.01,570.66,761.32
20260920,07,11110615,20869.34,20.75,112.68,156.64,540.26,1296.56,1237.90,1111.24,1055.45,1002.52,1164.26,875.96,896.43,805.59,1294.68,49.97,134.87,228.54,776.56,1120.85,982.28,803.47,703.29,725.50,795.35,777.16,698.86,687.49,814.23
20260920,08,11110615,22827.85,26.50,130.95,174.61,505.36,1239.92,1234.21,1202.18,1164.26,1069.90,1302.55,1073.57,1016.99,923.11,1474.53,61.48,141.68,243.74,829.38,1178.78,1035.28,855.71,782.83,850.23,939.28,860.61,750.09,800.73,959.39
20260920,09,11110615,28289.29,47.97,168.68,198.26,596.12,1418.58,1451.73,1427.62,1379.34,1270.65,1565.24,1290.47,1185.36,1138.67,1857.94,67.75,169.87,294.20,1095.44,1462.21,1298.25,1118.61,1092.02,1102.44,1156.74,1206.30,1025.33,989.52,1213.98
20260920,10,11110615,35940.79,95.06,284.98,301.09,814.58,1677.50,1729.29,1711.69,1662.80,1434.90,1846.93,1587.65,1392.69,1388.92,2499.16,102.16,224.55,390.73,1409.33,1887.75,1615.59,1434.45,1578.31,1468.72,1597.19,1535.69,1317.61,1288.23,1663.24
20260920,11,11110615,44749.22,87.73,327.15,379.32,969.01,1986.58,2085.08,1920.84,1965.48,1612.75,2057.87,1852.14,1659.38,1800.28,3641.69,157.08,336.02,462.90,1757.65,2293.78,2075.46,1892.99,1963.36,1820.73,1925.93,1939.81,1650.05,1672.33,2455.83
20260920,12,11110615,54331.40,105.67,423.70,512.53,1156.84,2342.99,2596.35,2282.58,2165.69,1902.85,2261.22,2218.26,1944.47,2191.08,4642.49,194.38,490.25,699.08,2138.08,2831.04,2727.20,2427.82,2402.07,2148.47,2435.49,2280.94,2000.02,1924.99,2884.85
20260920,13,11110615,64073.67,180.48,528.99,623.95,1356.10,2679.02,3194.48,2682.06,2605.96,2204.91,2474.54,2387.67,2224.24,2515.29,5538.38,215.78,528.19,851.06,2702.35,3646.74,3539.74,2837.66,2865.06,2424.62,2838.22,2620.94,2251.27,2121.63,3434.34
20260920,14,11110615,70451.30,167.02,581.01,733.07,1590.38,3159.94,3539.64,2990.70,2697.11,2474.32,2566.66,2489.49,2357.64,2828.60,5962.30,222.93,659.55,994.49,3324.74,4331.05,4010.89,3161.89,3189.70,2600.88,2999.46,2803.12,2325.34,2304.08,3385.30
20260920,15,11110615,72492.67,183.94,583.44,759.65,1849.94,3644.73,3808.95,3010.17,2736.23,2388.82,2584.09,2408.98,2368.92,2843.95,5707.86,262.01,630.32,1169.98,3774.84,4973.05,4278.90,3351.02,3094.11,2578.26,3014.57,2745.44,2406.06,2211.19,3123.25
20260920,16,11110615,71730.27,157.18,479.37,710.55,1987.21,3994.47,4063.85,2996.35,2747.37,2464.80,2478.74,2376.14,2382.99,2728.38,5225.91,225.79,586.69,1270.22,4135.64,5316.89,4306.07,3194.38,2847.71,2486.48,2809.49,2705.38,2216.09,2086.96,2749.17
20260920,17,11110615,70357.69,132.39,466.95,762.62,2186.01,4212.27,4087.73,3021.96,2543.70,2408.18,2446.39,2321.63,2334.90,2568.51,4260.32,199.86,636.97,1391.82,4743.71,5743.77,4377.84,3013.08,2780.24,2381.17,2629.80,2471.26,2061.61,1843.10,2329.90
20260920,18,11110615,67243.73,89.64,389.20,771.67,2448.42,4479.50,4211.13,2819.24,2367.81,2263.57,2243.29,2162.75,2166.28,2255.95,3455.01,195.67,509.94,1564.81,5251.50,5989.01,4386.08,2683.88,2559.72,2136.93,2350.76,2084.26,1776.63,1632.11,1998.97
20260920,19,11110615,59590.98,103.19,317.52,776.01,2418.00,4315.98,4115.04,2608.46,2101.30,1952.55,1997.15,1849.04,1828.45,1741.57,2601.99,136.29,377.54,1495.73,5069.59,5636.69,3928.20,2413.22,2050.10,1766.76,1914.97,1796.57,1465.33,1284.28,1529.46
20260920,20,11110615,50515.30,59.67,196.58,686.40,2456.07,4014.52,3658.08,2224.67,1806.82,1669.49,1649.99,1467.27,1539.61,1434.22,1907.67,90.42,274.80,1247.39,4577.48,5040.25,3218.57,1916.68,1534.28,1440.53,1517.08,1432.25,1167.38,1086.53,1200.60
20260920,21,11110615,41150.65,33.69,147.30,558.49,2155.18,3618.70,3047.26,1826.24,1506.06,1374.68,1396.87,1209.55,1204.79,1075.05,1421.50,62.68,180.99,1039.41,3956.70,4185.55,2471.31,1373.06,1138.29,1081.96,1178.88,1120.59,912.95,860.56,1012.36
20260920,22,11110615,32079.54,13.38,103.33,352.88,1803.71,2885.26,2423.84,1580.22,1340.65,1154.92,1164.20,998.59,1002.81,825.20,1199.54,44.66,101.67,689.60,3039.69,3066.86,1682.50,1052.13,806.04,798.33,888.87,883.98,682.97,683.74,809.97
20260920,23,11110615,25575.85,8.03,102.50,284.34,1372.06,2240.90,1894.41,1359.10,1123.18,1054.24,1085.08,844.79,867.76,688.56,1094.21,28.43,84.85,491.87,1949.85,2093.74,1184.36,845.28,677.32,705.32,804.68,737.97,624.18,591.78,737.06
20260921,00,11110615,19740.00,9.18,92.17,137.41,689.66,1476.83,1266.57,1169.31,1023.39,1042.58,1193.67,877.23,706.91,631.47,1024.44,21.78,79.61,225.01,844.31,1161.89,727.41,693.34,623.32,694.17,753.83,697.87,611.46,554.16,711.02
20260921,01,11110615,18852.04,9.18,97.43,131.79,589.12,1364.38,1145.15,1111.22,949.86,1048.89,1171.66,832.60,691.60,607.70,1012.13,21.70,79.61,216.96,768.01,1044.03,715.91,675.60,612.22,679.71,749.08,693.95,603.57,534.00,694.98
20260921,02,11110615,17806.16,9.18,93.80,117.11,471.02,1175.15,1065.04,1060.43,919.35,1026.11,1139.25,798.85,667.36,596.77,989.98,21.70,79.61,195.40,651.93,900.32,675.83,653.68,608.54,666.11,735.43,684.08,592.51,528.01,683.61
20260921,03,11110615,17222.62,8.00,93.72,106.55,423.71,1074.91,948.04,1014.01,888.60,993.34,1128.94,817.51,676.61,605.09,996.67,21.70,74.74,185.79,575.56,845.89,623.70,645.96,604.93,667.42,727.86,680.12,590.95,521.27,681.03
20260921,04,11110615,17154.90,8.00,93.71,106.66,389.98,979.68,917.40,995.67,898.98,1011.02,1137.41,813.99,682.80,626.08,1026.25,21.70,74.74,180.83,543.74,821.46,612.37,639.19,588.45,654.05,743.75,710.17,623.18,547.69,705.95
20260921,05,11110615,18234.35,8.00,93.71,104.69,340.44,921.95,907.41,1021.03,939.67,1033.40,1187.03,865.50,764.29,713.39,1105.60,21.70,74.74,166.85,513.36,816.57,632.14,639.54,595.16,663.18,780.73,802.57,839.45,780.38,901.87
20260921,06,11110615,21690.43,13.47,94.52,113.77,381.90,963.93,1023.17,1141.28,1183.89,1303.70,1512.00,1160.64,1002.46,953.81,1337.87,21.87,75.37,171.92,600.64,917.58,756.29,762.31,682.35,745.70,833.59,930.31,1014.50,884.87,1106.72
20260921,07,11110615,32517.06,13.59,100.87,105.24,468.65,1250.16,1580.30,1763.77,2060.08,2357.00,2799.77,2245.50,1570.11,1396.04,1853.61,22.08,95.80,335.67,757.75,1305.76,1175.79,1151.09,977.98,1085.34,1186.40,1213.29,1168.45,1110.64,1366.33
20260921,08,11110615,62310.90,8.48,84.06,99.94,671.03,2328.06,3488.07,3765.45,4293.21,4924.38,5715.79,4448.43,2533.45,2079.45,2612.58,27.98,145.46,665.87,1248.36,3058.86,3175.96,2718.54,2466.50,2437.08,2371.53,2102.21,1556.98,1464.72,1818.47
20260921,09,11110615,103610.41,8.70,76.55,213.75,1171.71,4259.64,6042.53,6238.02,6929.86,7525.95,8135.94,6337.05,3612.39,3071.68,3995.32,40.02,147.80,771.22,2074.44,6476.30,6474.97,5171.38,4831.62,4614.19,4368.05,3647.43,2553.65,2249.65,2570.60
20260921,10,11110615,123408.83,14.41,73.40,274.70,1465.26,5010.70,7094.99,7089.11,7732.20,8348.44,9053.37,7262.67,4499.66,3946.63,5833.72,36.02,150.61,812.12,2574.82,7410.47,7546.14,6080.11,5858.30,5586.59,5317.98,4648.08,3405.20,2954.06,3329.07
20260921,11,11110615,136994.97,14.73,90.74,281.27,1658.34,5388.30,7736.11,7656.52,8434.15,8803.03,9545.44,7873.36,5019.65,4655.76,7426.13,25.00,163.35,869.26,2900.69,7978.08,8169.60,6588.65,6560.11,6121.44,5949.44,5494.11,3973.26,3561.22,4057.23
20260921,12,11110615,147279.32,14.66,105.66,304.05,1781.24,5756.37,8087.68,7996.35,8763.08,9006.01,9807.97,8235.80,5363.95,5179.69,9198.13,26.59,171.27,907.27,3226.14,8498.93,8736.26,7072.21,6974.72,6607.67,6382.30,5998.21,4447.07,3933.72,4696.32
20260921,13,11110615,150062.22,8.65,114.63,348.31,1787.50,5729.86,7931.98,7989.32,8699.47,9183.20,9967.91,8334.70,5566.37,5516.08,10214.20,43.95,193.60,904.94,3379.23,8483.53,8819.06,6954.23,7015.75,6565.45,6502.74,5979.71,4542.28,4144.65,5140.92
20260921,14,11110615,151356.57,14.49,111.40,359.54,1848.14,5810.58,7986.70,7975.31,8704.87,9352.40,9919.59,8442.29,5508.09,5671.82,10409.36,43.78,176.98,938.56,3487.43,8555.92,8911.26,6896.70,6900.92,6604.07,6532.15,6077.13,4607.76,4300.36,5208.97
20260921,15,11110615,151027.48,20.40,160.09,374.88,1906.71,5787.54,8038.06,8027.07,8730.29,9323.59,9938.99,8371.31,5577.28,5700.37,10131.97,33.53,164.49,1003.40,3655.95,8624.25,8879.64,6906.62,6907.13,6511.60,6479.12,6080.09,4476.92,4073.56,5142.63
20260921,16,11110615,145426.91,14.54,144.75,460.62,2064.58,5724.41,7969.88,7783.79,8471.74,9107.98,9662.13,8142.41,5349.15,5348.38,9038.83,33.13,151.20,1071.38,3850.90,8638.36,8669.73,6686.12,6417.92,6250.94,6375.43,5752.06,4175.94,3630.38,4440.23
20260921,17,11110615,137722.60,31.40,132.31,569.86,2194.61,5746.52,7791.19,7556.86,8148.63,8971.90,9316.63,7717.25,5148.83,4939.47,7630.37,27.16,119.68,985.20,4087.02,8430.57,8230.21,6280.39,6043.05,5976.99,5930.86,5190.06,3784.78,3057.65,3683.15
20260921,18,11110615,123566.77,19.89,109.96,725.96,2262.73,5505.28,7373.12,7111.12,7443.60,8224.23,8247.91,6832.71,4537.57,4046.44,5891.22,36.91,97.75,1099.61,4484.95,8050.56,7509.22,5480.11,5085.35,5116.61,5081.64,4457.73,3140.14,2603.51,2990.94
20260921,19,11110615,94437.97,15.32,112.17,740.36,2140.69,4692.00,5932.97,5262.27,5549.07,6190.24,6074.31,5048.75,3449.11,3026.71,4222.82,35.00,100.36,1117.21,4534.85,6447.73,5470.34,3635.36,3396.42,3577.98,3628.26,3198.60,2382.02,2127.97,2329.08
20260921,20,11110615,73631.77,9.33,118.32,708.94,2063.74,4145.17,4704.55,4086.43,4309.87,4629.40,4634.28,3723.84,2667.28,2303.74,2922.63,29.04,97.36,1099.13,4139.38,5175.96,4295.73,2575.66,2480.48,2579.89,2532.41,2420.77,1767.45,1595.49,1815.50
20260921,21,11110615,58434.83,8.07,106.71,609.27,1854.23,3653.61,4019.51,3372.76,3495.12,3605.67,3546.07,2723.42,2020.66,1582.72,2033.69,12.51,75.35,1000.64,3702.86,4186.16,3401.82,1952.49,1880.67,1899.28,1873.93,1771.64,1359.37,1262.49,1424.11
20260921,22,11110615,43325.23,8.07,113.52,406.03,1579.85,2909.52,3173.97,2623.94,2619.33,2637.71,2531.78,1838.72,1487.64,1126.63,1510.77,7.05,82.93,738.36,2826.16,3055.59,2361.21,1460.58,1334.74,1266.44,1357.57,1257.57,1006.58,859.57,1143.40
20260921,23,11110615,32152.64,8.00,107.85,303.32,1190.54,2203.70,2401.10,1947.08,1932.29,1955.31,1828.68,1354.65,1072.69,820.52,1238.34,6.99,76.16,509.86,1788.42,2033.48,1729.00,1101.23,997.60,979.61,1093.55,934.31,827.76,715.14,995.46
20260922,00,11110615,21953.46,8.06,102.18,160.93,665.44,1441.92,1509.86,1296.93,1210.97,1365.84,1376.30,971.29,830.33,723.07,1103.79,5.70,85.45,246.92,797.19,1083.41,851.54,773.90,697.24,759.14,872.32,826.18,707.24,611.76,868.56
20260922,01,11110615,20695.56,8.06,102.18,152.40,610.23,1308.65,1336.24,1201.61,1123.90,1279.94,1328.19,965.67,798.80,713.74,1089.65,5.70,85.36,223.65,710.56,946.44,754.47,733.73,682.56,733.34,858.39,817.68,684.00,587.79,852.63
20260922,02,11110615,19513.60,8.06,105.84,130.20,508.32,1179.51,1169.00,1151.59,1073.36,1207.79,1290.15,953.46,767.02,684.86,1072.08,5.70,85.43,209.49,605.20,811.09,675.02,712.28,654.64,706.34,852.75,807.27,669.56,574.95,842.64
20260922,03,11110615,18557.59,8.06,105.93,130.35,425.62,1008.34,1007.70,1111.33,1033.94,1180.56,1250.80,910.70,745.05,660.14,1050.59,5.70,85.50,193.13,547.10,763.66,620.69,678.34,644.69,695.67,833.49,791.41,660.48,575.49,833.13
20260922,04,11110615,18351.64,8.06,106.00,130.15,391.86,949.57,958.47,1079.60,1007.53,1178.22,1253.68,905.82,745.57,664.97,1064.61,5.70,85.43,186.14,506.44,726.09,586.67,665.66,640.48,695.97,833.58,833.15,682.64,593.68,865.90
20260922,05,11110615,19447.32,9.27,106.00,124.90,354.83,911.24,921.15,1088.63,1018.51,1213.46,1304.16,944.05,820.50,768.89,1181.91,5.70,85.51,186.49,479.84,702.59,601.69,677.22,654.71,716.82,893.03,915.55,889.29,835.31,1036.07
20260922,06,11110615,22673.46,9.25,105.86,119.88,376.24,953.61,1017.69,1197.27,1236.09,1411.64,1633.75,1295.91,1091.71,996.10,1430.96,5.69,84.25,204.56,526.15,814.77,714.59,776.01,703.42,797.13,982.96,1005.82,1092.61,931.36,1158.18
20260922,07,11110615,33507.99,9.40,107.56,114.42,451.29,1236.88,1539.28,1819.32,2047.59,2554.98,2864.61,2375.82,1618.21,1371.94,2072.38,5.79,92.04,367.48,693.57,1186.64,1178.93,1189.22,1032.81,1180.74,1302.06,1256.56,1270.40,1137.52,1430.55
20260922,08,11110615,63120.39,19.47,80.05,128.07,648.19,2375.29,3431.97,3756.45,4388.70,5051.55,5770.96,4326.93,2511.75,2062.18,2824.17,17.06,122.56,689.85,1184.84,3053.10,3233.94,2784.64,2488.06,2521.48,2560.57,2120.92,1598.62,1538.54,1830.48
20260922,09,11110615,103643.46,14.12,74.30,214.69,1097.13,4272.88,6158.79,6375.13,6858.79,7490.98,8168.86,6154.17,3560.53,3012.58,4008.46,17.40,128.82,779.40,2090.73,6203.03,6647.23,5302.31,4762.88,4728.01,4443.19,3645.03,2544.47,2336.27,2553.28
20260922,10,11110615,127889.91,9.47,84.39,317.60,1513.22,5215.04,7427.52,7471.95,7897.89,8475.14,9340.78,7338.99,4611.49,3969.41,5865.51,20.00,169.38,840.28,2666.83,7487.63,8024.40,6513.25,5974.81,5862.90,5690.97,4852.08,3534.33,3208.93,3505.72
20260922,11,11110615,139140.32,14.75,111.87,377.52,1647.64,5522.61,7974.49,7791.64,8406.41,8912.66,9677.18,7733.25,5208.03,4614.66,7476.05,30.85,174.33,864.75,2915.80,7804.53,8439.13,6916.72,6523.07,6328.91,6191.78,5429.31,4042.43,3768.17,4241.78
20260922,12,11110615,151776.85,10.11,92.56,377.01,1765.97,5957.24,8671.28,8385.67,9057.68,9409.54,10187.31,8113.88,5505.21,5244.54,9027.10,31.95,155.35,888.71,3359.96,8502.07,9279.36,7581.62,7186.19,6717.27,6647.05,6008.16,4453.45,4175.69,4984.92
20260922,13,11110615,150126.84,14.89,146.12,513.02,1782.36,5677.74,8285.73,7862.95,8687.14,9083.65,9961.16,8101.13,5506.82,5507.99,9940.30,36.45,207.43,992.77,3287.91,8217.25,8921.44,7373.83,6852.29,6701.02,6647.81,5992.10,4451.73,4256.09,5117.72
20260922,14,11110615,150061.02,14.75,174.28,566.15,1867.93,5668.17,8332.57,7773.12,8590.65,9077.12,9771.96,8007.57,5577.04,5558.67,10164.67,30.73,225.65,1014.75,3397.03,8211.39,8933.92,7228.76,6792.89,6652.24,6605.12,6161.22,4307.35,4150.78,5204.54
20260922,15,11110615,152628.02,21.20,199.88,552.29,1993.92,5966.68,8528.92,8102.24,8757.42,9298.60,9882.30,8206.74,5525.08,5485.12,10032.78,25.71,242.98,1056.94,3765.13,8623.05,9122.89,7445.88,6925.83,6764.38,6689.65,6023.25,4318.69,4068.44,5002.03
20260922,16,11110615,143984.72,37.57,147.85,470.61,1953.49,5765.38,8250.98,7754.81,8467.84,8935.27,9539.49,7903.46,5316.84,5061.57,8835.13,30.90,144.11,1005.59,3812.82,8465.06,8711.49,6987.50,6482.77,6457.36,6317.22,5509.04,3914.66,3572.09,4133.82
20260922,17,11110615,138735.91,32.24,140.91,585.81,2160.86,5762.85,8217.75,7509.83,8288.91,8860.73,9180.23,7762.37,4984.16,4817.33,7448.96,25.46,135.62,925.22,4144.89,8607.39,8574.74,6667.59,6191.22,6171.60,6035.27,5187.38,3629.64,3112.69,3574.26
20260922,18,11110615,125646.76,32.71,145.95,675.68,2326.01,5860.17,7885.61,6983.98,7600.57,8010.26,8308.62,6899.67,4343.90,4150.14,5816.33,35.30,140.16,1003.16,4527.68,8175.27,7757.98,5637.84,5421.54,5473.02,5239.16,4351.95,3200.76,2695.47,2947.87
20260922,19,11110615,95841.86,8.47,125.29,625.83,2278.57,4996.97,6326.56,5216.88,5684.90,5882.31,6303.62,5186.07,3287.13,3092.77,3972.83,22.89,100.32,1113.90,4472.76,6689.88,5703.67,3810.45,3700.59,3719.88,3632.83,3139.03,2483.18,1970.82,2293.46
20260922,20,11110615,76365.78,8.40,118.05,592.47,2282.70,4374.45,5261.68,4273.51,4434.59,4489.50,4813.58,3811.17,2623.83,2402.69,2776.27,17.19,93.60,1006.39,4234.93,5637.18,4515.67,2827.88,2710.74,2752.96,2652.84,2369.20,1906.74,1607.25,1770.32
20260922,21,11110615,62678.08,8.80,126.84,546.55,2134.02,3973.09,4569.91,3577.98,3642.06,3669.51,3701.96,2849.30,2080.67,1790.42,1979.02,12.41,102.29,919.52,3919.76,4874.64,3573.72,2305.65,2123.88,2043.75,2103.10,1816.72,1479.14,1303.90,1449.47
20260922,22,11110615,46981.43,8.74,105.61,432.32,1718.62,3228.32,3661.77,2716.01,2836.56,2748.06,2723.36,1890.88,1454.35,1164.44,1493.28,12.09,95.32,675.27,3095.27,3697.55,2600.82,1657.90,1537.11,1489.92,1462.16,1305.21,1070.03,954.44,1146.02
20260922,23,11110615,34701.78,8.74,95.63,325.74,1372.03,2411.45,2768.69,2169.16,2075.62,2003.22,2050.09,1358.12,1056.27,883.26,1233.84,11.88,86.90,494.09,2029.65,2477.38,1766.83,1182.23,1076.69,1034.74,1107.73,989.88,876.11,741.19,1014.62
20260923,00,11110615,22004.28,8.20,86.59,128.94,727.54,1507.91,1653.84,1409.95,1233.65,1300.40,1324.06,955.23,779.47,683.13,1047.52,10.99,70.69,196.38,838.43,1160.76,887.98,726.72,688.93,777.51,803.17,819.78,720.10,584.88,871.53
20260923,01,11110615,20458.38,8.20,86.51,118.21,595.26,1358.53,1474.28,1267.77,1127.71,1198.53,1277.36,900.86,766.99,651.92,1040.42,10.99,70.69,194.32,737.39,1015.02,774.78,683.56,623.04,758.55,792.93,791.87,699.52,568.86,864.31
20260923,02,11110615,18775.89,8.20,86.51,107.14,494.77,1184.69,1251.57,1119.36,982.65,1100.13,1211.80,850.29,698.26,643.36,1029.29,10.99,75.43,167.23,638.09,843.65,654.38,647.81,590.48,727.77,773.49,771.54,682.65,571.19,853.17
20260923,03,11110615,17795.52,8.20,86.51,98.21,411.53,1040.86,1109.57,1025.09,935.50,1061.14,1194.71,835.50,666.54,628.92,1020.00,10.99,75.37,162.91,578.55,763.86,603.71,627.14,572.99,712.99,756.29,755.75,675.33,557.85,819.51
20260923,04,11110615,17413.32,8.20,86.51,102.46,378.04,966.75,970.45,955.84,900.61,1028.75,1176.22,840.62,697.11,628.62,1049.87,10.99,75.43,159.97,545.91,742.88,575.08,607.05,561.47,702.87,754.12,771.44,694.31,577.39,844.36
20260923,05,11110615,18406.29,8.20,86.51,100.57,350.61,946.03,950.66,923.39,951.09,1028.60,1188.97,895.70,777.99,709.32,1172.92,10.99,78.08,163.46,504.93,735.72,584.58,610.16,574.21,713.88,786.35,838.86,882.60,799.64,1032.27
20260923,06,11110615,21322.69,8.23,90.65,103.29,356.09,974.56,996.58,1050.15,1125.02,1192.16,1389.06,1197.20,1052.68,930.71,1378.16,5.63,78.50,173.99,589.92,874.88,697.28,698.54,650.59,763.58,844.65,970.19,1035.64,919.12,1175.64
20260923,07,11110615,30238.13,13.67,91.33,120.31,384.58,1186.17,1416.59,1533.48,1763.43,2053.04,2398.78,1941.79,1492.31,1320.42,1790.01,5.67,92.34,333.97,715.82,1220.11,1156.82,1067.85,899.68,1104.28,1179.82,1274.76,1176.59,1115.49,1389.02
20260923,08,11110615,56423.51,20.71,80.84,131.50,593.93,2208.25,3115.46,3230.54,3688.92,4155.78,4992.71,3697.37,2373.18,1978.29,2523.26,11.42,153.89,636.99,1121.65,2767.13,2948.48,2421.86,2197.44,2342.82,2372.24,1984.36,1449.37,1459.79,1765.33
20260923,09,11110615,92314.41,14.11,85.60,208.65,944.62,3841.64,5530.45,5295.98,5798.44,6373.48,7061.71,5430.74,3376.78,2883.00,3786.49,11.92,186.21,766.99,1904.87,5551.15,5885.22,4696.84,4322.25,4215.79,3913.75,3408.33,2402.92,2096.94,2319.54
20260923,10,11110615,112376.91,9.16,136.62,316.89,1254.71,4683.54,6651.13,6081.70,6679.79,7357.87,7947.12,6318.75,4130.53,3814.98,5367.83,24.56,244.48,829.40,2415.07,6735.35,7099.95,5680.36,5257.75,5030.70,4933.21,4389.16,3229.03,2811.98,2945.29
20260923,11,11110615,125836.88,15.21,150.17,367.80,1491.73,5115.74,7257.86,6776.64,7321.49,7927.15,8519.87,6890.28,4633.60,4404.62,7031.20,30.23,284.68,912.20,2629.85,7374.59,7808.15,6180.05,5975.01,5769.42,5430.72,4941.93,3711.59,3309.77,3575.33
20260923,12,11110615,130844.43,20.45,149.79,410.14,1492.15,5356.41,7436.94,6767.64,7319.14,8006.70,8362.55,7019.82,4848.28,4763.05,8137.89,46.95,260.13,890.25,2908.15,7638.35,8163.14,6391.11,6332.65,5926.39,5736.77,5156.56,3904.16,3425.93,3972.94
20260923,13,11110615,131489.42,34.30,160.73,434.94,1560.86,5307.90,7283.38,6687.58,7102.22,7589.13,8316.02,6870.74,5037.58,4974.31,9001.60,29.63,249.29,940.51,3069.69,7777.82,8116.77,6250.90,6049.90,5853.22,5764.65,5327.96,4012.92,3570.45,4114.42
20260923,14,11110615,130949.54,28.55,167.52,547.44,1795.24,5199.84,7283.45,6580.90,7069.80,7156.83,8121.70,6774.95,4930.69,5068.80,9314.66,23.98,296.87,1029.74,3286.67,7822.76,7871.29,6223.48,5905.27,5652.43,5672.32,5386.52,3994.35,3541.74,4201.75
20260923,15,11110615,129019.41,32.83,204.85,662.55,1870.19,5176.32,7076.79,6487.78,6662.09,6980.70,7638.05,6690.12,4946.87,5054.84,9250.50,36.76,241.58,1029.26,3646.17,7800.66,7808.80,5942.00,5771.44,5692.06,5737.58,5327.90,3835.26,3450.56,3964.90
20260923,16,11110615,118067.67,39.94,189.27,699.71,2016.01,5067.27,6724.30,5895.05,5971.38,6129.37,6803.00,5972.29,4641.21,4738.97,8096.13,30.57,219.36,921.38,3901.11,7333.82,7143.53,5401.42,5087.49,5126.14,5200.40,4827.69,3382.36,3005.50,3503.00
20260923,17,11110615,106454.49,32.65,209.53,714.07,2261.36,4942.67,6346.90,5396.86,5216.58,5296.82,5947.42,5167.38,4090.60,4117.86,6824.89,7.07,178.89,1068.37,4146.36,6983.44,6575.62,4664.47,4377.96,4618.47,4470.32,4193.85,2971.43,2674.06,2958.59
20260923,18,11110615,92274.57,37.24,214.75,749.19,2397.72,4896.58,5815.77,4730.87,4100.89,4431.16,4839.86,4313.55,3415.61,3453.87,4998.19,23.68,201.47,1108.00,4447.48,6753.05,5774.15,3928.35,3431.63,3843.33,3797.32,3464.44,2472.06,2221.90,2412.46
20260923,19,11110615,80027.86,70.87,222.84,814.49,2597.88,5037.59,5514.05,4094.57,3179.95,3570.50,3922.78,3459.55,2895.71,2678.33,3779.87,47.27,218.66,1169.97,4802.35,6572.99,5152.49,3177.87,2695.54,3040.00,2827.33,2724.79,2005.83,1816.75,1937.04
20260923,20,11110615,69720.68,42.13,186.46,767.43,2720.22,4951.01,5303.24,3598.78,2899.31,2882.74,3176.16,2601.02,2396.32,2105.78,2760.49,46.83,283.19,1197.12,4658.87,6349.07,4478.95,2684.51,2226.36,2393.35,2179.00,2221.54,1572.87,1472.04,1565.89
20260923,21,11110615,59884.95,53.31,151.89,655.19,2650.48,4735.59,5024.86,3243.87,2637.76,2473.06,2561.08,2132.17,1894.08,1575.56,2025.57,34.11,244.97,1065.79,4196.38,5861.54,3792.31,2254.36,1840.40,1883.15,1642.22,1654.29,1191.34,1166.33,1243.29
20260923,22,11110615,48730.27,36.53,110.03,521.66,2338.66,4330.40,4500.39,2866.31,2284.82,2060.87,2034.43,1678.30,1434.78,1168.36,1551.83,17.21,195.51,768.19,3331.57,4741.80,3061.17,1756.21,1413.67,1315.67,1269.12,1182.76,908.40,849.69,1001.93
20260923,23,11110615,38799.69,31.00,89.41,386.01,1842.76,3712.88,3805.83,2435.94,1918.00,1635.21,1700.47,1402.89,1104.45,945.11,1254.85,11.58,144.28,585.33,2304.78,3567.95,2330.03,1331.00,1037.43,1023.88,969.74,918.63,708.59,718.51,883.15
20260924,00,11110615,25799.94,28.82,98.72,192.74,1096.10,2506.87,2437.36,1816.60,1397.63,1196.48,1185.30,920.54,787.45,752.14,1032.00,18.02,149.89,279.67,929.80,1934.68,1285.63,860.55,765.69,830.69,725.29,698.69,560.08,557.25,755.26
20260924,01,11110615,23938.64,28.82,98.72,190.33,998.27,2216.04,2180.38,1698.33,1335.13,1143.60,1117.22,873.27,752.66,716.37,1021.06,18.02,149.36,241.18,842.18,1653.79,1145.21,798.34,741.59,819.61,701.72,661.54,540.61,541.90,713.39
20260924,02,11110615,21731.70,23.07,98.72,166.57,845.00,1822.25,1883.02,1469.60,1223.31,1102.70,1061.46,820.11,730.32,682.12,1014.08,18.02,149.55,224.20,704.99,1335.60,1006.35,732.53,746.98,792.09,676.13,659.96,521.87,513.53,707.57
20260924,03,11110615,19713.02,23.07,98.75,151.36,684.72,1511.74,1535.83,1320.04,1083.15,1015.94,1040.57,771.09,678.73,652.78,994.74,18.02,149.55,207.31,587.41,1102.96,871.44,696.92,704.56,765.35,665.35,640.92,520.71,498.80,721.21
20260924,04,11110615,18186.63,23.07,98.75,151.70,528.60,1278.11,1313.83,1142.07,1014.36,975.73,975.54,723.43,684.00,639.83,981.89,18.02,149.55,188.09,489.96,958.13,757.13,639.70,674.08,753.34,669.64,643.92,509.12,486.14,718.90
20260924,05,11110615,17198.94,23.07,98.75,141.94,456.16,1105.19,1079.14,1049.29,953.78,917.62,972.70,699.96,681.83,672.26,1012.60,18.02,149.55,166.72,451.77,859.60,678.72,620.05,648.33,742.41,652.80,640.29,521.84,472.95,711.60
20260924,06,11110615,17086.76,23.24,95.42,138.85,395.56,978.02,941.61,1007.13,955.43,919.04,973.17,739.96,726.03,737.54,1091.87,18.15,145.47,154.17,421.44,830.10,651.87,621.54,620.72,751.07,670.40,660.56,568.59,522.39,727.42
20260924,07,11110615,17684.58,23.21,94.53,148.36,362.81,886.70,969.87,998.87,953.19,915.30,1059.61,842.51,803.26,808.39,1211.26,18.12,145.10,153.93,432.71,846.02,654.91,637.07,607.11,757.28,707.31,680.27,591.97,563.00,811.91
20260924,08,11110615,19345.36,23.42,111.47,162.50,375.94,929.82,1039.58,1080.65,944.75,971.67,1179.56,945.64,893.91,875.15,1415.96,18.28,141.58,159.18,497.22,947.97,711.01,680.25,655.86,835.99,763.45,772.27,651.58,660.23,900.47
20260924,09,11110615,23446.49,41.70,133.11,211.15,478.68,1127.60,1210.35,1295.17,1097.03,1105.70,1278.55,1118.33,1035.29,1098.03,1848.31,24.70,176.34,198.57,692.27,1152.71,869.02,818.25,860.45,959.95,917.24,971.15,829.72,845.21,1051.91
20260924,10,11110615,29924.01,43.14,183.91,301.49,660.63,1387.16,1508.68,1458.60,1343.10,1346.29,1486.23,1305.66,1267.99,1415.60,2630.14,73.72,272.47,303.38,899.83,1411.98,1192.52,1124.66,1203.44,1257.48,1168.67,1260.26,1039.74,1077.39,1299.85
20260924,11,11110615,39170.92,74.09,304.62,352.35,863.85,1652.56,1877.20,1786.46,1617.55,1702.78,1824.16,1773.09,1545.95,1794.29,3652.24,74.86,344.48,399.40,1163.41,1834.76,1631.31,1623.45,1686.34,1763.30,1622.86,1652.63,1349.97,1481.21,1721.75
20260924,12,11110615,51452.36,165.30,587.48,521.60,1062.93,2015.48,2345.24,2207.01,2114.46,2283.50,2253.61,2176.90,1992.49,2241.89,4734.46,233.79,513.17,534.63,1616.89,2325.18,2345.59,2306.25,2399.03,2351.62,2112.20,2129.82,1823.78,1802.89,2255.17
20260924,13,11110615,62629.31,229.35,894.46,645.58,1300.02,2485.93,2784.76,2678.95,2743.89,2677.72,2599.78,2461.62,2367.92,2592.60,5399.35,348.55,774.29,632.54,1964.98,2960.98,2964.69,3010.76,3136.44,2959.63,2614.43,2482.09,2170.61,2038.29,2709.10
20260924,14,11110615,71154.24,339.40,1034.92,751.49,1507.97,2858.65,3099.93,2939.49,3055.95,3096.38,2933.32,2799.52,2637.66,2839.16,5757.15,389.29,1065.07,841.28,2414.99,3542.74,3352.32,3458.80,3696.01,3372.64,3023.92,2908.68,2400.23,2140.41,2896.87
20260924,15,11110615,75718.96,329.78,1202.47,823.60,1760.70,3113.95,3335.18,3243.41,3278.99,3214.00,3123.88,2775.42,2670.23,2992.75,5715.60,417.64,1232.07,1028.38,2833.32,4059.68,3712.74,3715.53,3921.88,3686.75,3141.11,2856.45,2379.02,2186.01,2968.42
20260924,16,11110615,73887.74,338.30,1133.37,868.53,1802.48,3248.21,3517.49,3252.75,3267.47,3187.50,2931.58,2708.54,2462.34,2770.76,5080.33,426.88,1303.43,1056.54,3040.85,4275.17,3915.31,3387.14,3695.61,3630.05,2875.10,2723.02,2351.98,2069.27,2567.74
20260924,17,11110615,73551.22,316.55,1027.04,918.72,2026.69,3567.46,3806.62,3283.29,3227.30,3161.55,2984.95,2717.11,2603.26,2540.25,4203.26,313.68,1262.70,1206.43,3520.42,4768.12,4060.21,3294.33,3532.86,3319.31,2974.40,2634.14,2123.09,1910.73,2246.75
20260924,18,11110615,69320.39,210.70,708.30,909.54,2200.69,3790.18,4000.62,3220.80,3018.91,2887.63,2793.13,2549.43,2182.94,2279.25,3494.66,227.95,1176.18,1139.34,3755.61,4939.66,4006.44,3085.57,3110.72,3029.43,2672.48,2324.08,1902.52,1716.85,1986.78
20260924,19,11110615,65395.97,159.25,634.26,830.91,2400.97,4012.16,4172.41,3097.55,2725.96,2718.06,2610.32,2368.93,1963.98,1976.84,2896.01,238.09,972.08,1155.65,3709.82,5098.83,3892.49,2741.23,2715.16,2792.97,2475.23,2114.39,1624.67,1505.38,1792.37
20260924,20,11110615,57804.24,166.99,505.07,749.04,2344.25,3913.98,4119.80,2838.00,2473.32,2433.99,2378.65,1982.42,1728.09,1560.28,2209.22,187.62,699.78,973.31,3381.69,4651.21,3473.85,2367.07,2254.33,2253.38,2099.01,1804.50,1417.58,1308.70,1529.11
20260924,21,11110615,47289.05,123.83,405.46,549.99,1962.11,3572.85,3722.58,2573.23,2117.03,1916.35,1929.20,1607.61,1397.90,1229.23,1606.93,103.72,501.53,704.65,2867.62,3998.42,2827.41,1744.50,1745.99,1759.00,1680.75,1403.62,1062.61,1009.10,1165.83
20260924,22,11110615,38627.28,99.97,278.41,440.44,1647.59,3183.64,3293.72,2221.42,1714.61,1557.89,1603.86,1403.00,1109.65,1030.07,1365.78,85.96,391.06,519.38,2285.93,3185.21,2137.92,1357.48,1320.40,1418.63,1232.00,1063.42,830.57,812.82,1036.45
20260924,23,11110615,31896.21,74.88,267.55,332.09,1292.66,2605.38,2855.97,1891.58,1491.98,1364.05,1389.06,1193.48,931.40,816.22,1212.69,79.29,318.51,423.81,1631.80,2379.16,1617.23,1088.23,1118.57,1201.71,999.20,904.70,740.20,714.78,960.03
20260925,00,11110615,24674.50,67.30,273.02,238.67,877.09,1848.97,2146.29,1490.81,1310.49,1208.54,1182.12,959.41,841.79,670.50,1101.37,80.33,254.32,254.22,852.70,1379.56,1037.93,843.71,911.90,1028.82,847.89,777.60,652.56,676.96,859.63
20260925,01,11110615,23577.13,67.10,270.54,227.57,721.68,1675.25,1995.86,1415.29,1282.11,1166.75,1150.93,920.52,821.20,662.03,1111.17,80.12,248.08,239.83,739.79,1282.64,980.29,825.89,892.82,1029.55,844.71,758.89,654.28,649.74,862.50
20260925,02,11110615,21993.95,67.10,270.54,203.18,622.73,1381.60,1700.23,1292.03,1193.56,1139.33,1145.19,888.73,787.99,641.63,1092.75,80.12,247.58,226.37,650.39,1050.84,902.10,789.07,869.96,1019.21,838.67,757.72,654.78,628.06,852.49
20260925,03,11110615,20552.93,67.10,270.76,185.23,517.55,1130.88,1411.93,1138.12,1124.75,1123.86,1110.13,847.40,771.82,642.21,1092.14,80.11,247.58,215.36,562.97,921.76,826.90,755.42,842.75,1006.92,817.50,757.22,640.01,610.71,833.84
20260925,04,11110615,19647.36,67.10,270.76,195.91,463.86,972.77,1222.35,1016.43,1089.43,1081.84,1061.52,834.55,737.29,649.34,1077.91,80.11,253.66,215.14,500.68,818.99,795.73,752.39,832.36,996.73,820.32,761.84,636.39,619.08,822.88
20260925,05,11110615,19238.51,67.30,270.76,191.11,412.61,860.95,1117.82,981.47,1054.42,1076.71,1052.08,845.07,732.72,637.83,1098.58,80.11,256.55,214.96,466.25,753.55,767.43,728.21,846.45,987.94,822.98,788.62,647.10,617.29,861.64
20260925,06,11110615,19329.97,67.30,266.09,191.61,373.44,785.51,1006.42,947.65,1079.16,1060.77,1025.58,893.46,758.80,694.51,1165.10,86.40,256.55,205.12,475.53,749.82,766.55,750.09,851.31,976.53,822.75,811.10,670.97,667.96,923.89
20260925,07,11110615,19765.79,66.42,254.39,201.75,350.80,775.62,1003.39,990.32,1102.18,1097.50,1083.66,936.46,788.99,708.30,1205.22,85.41,250.56,210.62,475.12,733.53,750.86,769.37,852.50,993.66,859.18,834.90,713.74,736.58,934.76
20260925,08,11110615,22448.27,62.93,266.09,232.68,364.40,884.19,1084.05,1087.31,1225.63,1197.08,1203.91,991.35,881.87,832.68,1413.06,88.84,275.32,273.80,563.83,786.33,869.04,836.56,985.00,1093.64,979.68,941.60,861.18,947.28,1218.94
20260925,09,11110615,24312.27,58.79,299.33,259.32,459.92,1005.04,1194.80,1211.44,1250.43,1229.75,1328.67,1048.80,913.51,946.50,1492.30,108.50,278.68,283.06,598.54,913.80,932.61,897.03,1053.69,1130.56,1066.43,1065.22,934.98,987.26,1363.31
20260925,10,11110615,28949.08,60.75,295.84,289.38,592.71,1114.69,1465.13,1367.94,1422.16,1348.58,1446.80,1341.88,1140.35,1146.65,1995.39,114.03,298.24,343.90,725.96,1139.91,1071.23,1123.57,1134.64,1308.14,1307.42,1296.64,1137.68,1145.47,1774.00
20260925,11,11110615,36075.89,104.62,422.29,357.78,743.33,1299.68,1662.37,1655.83,1584.05,1554.88,1712.00,1709.90,1460.80,1582.59,2772.57,155.51,406.49,383.78,949.09,1434.06,1299.78,1383.28,1408.75,1536.42,1525.73,1695.55,1480.98,1551.74,2242.04
20260925,12,11110615,46524.88,139.39,509.21,452.60,847.42,1602.75,2029.27,2054.01,2126.37,1898.59,2178.52,2069.18,1888.52,2245.68,3441.72,210.69,554.11,555.56,1199.82,1730.67,1812.39,1882.29,1958.14,2074.31,1856.11,2169.06,2002.61,2210.91,2824.98
20260925,13,11110615,56662.74,207.79,674.26,587.55,1034.72,1817.87,2510.62,2455.73,2615.46,2317.22,2504.21,2466.72,2271.46,2720.19,3978.13,266.32,794.09,723.91,1509.22,2177.57,2263.41,2346.09,2580.05,2565.19,2309.67,2718.47,2399.94,2641.18,3205.70
20260925,14,11110615,60343.68,313.46,792.05,727.88,1105.62,1987.99,2589.85,2523.55,2832.92,2497.49,2695.10,2625.72,2413.42,2615.84,4125.95,344.05,953.16,824.94,1724.66,2427.43,2587.85,2468.62,2730.50,2786.44,2596.15,2983.05,2451.52,2609.68,3008.79
20260925,15,11110615,58098.95,320.97,841.28,688.40,1197.35,2053.55,2570.46,2378.58,2492.90,2348.26,2670.67,2489.22,2349.06,2465.99,3682.91,378.22,906.52,813.37,1963.70,2584.69,2547.49,2368.02,2675.15,2511.87,2497.43,2853.01,2314.52,2329.79,2805.57
20260925,16,11110615,51799.75,227.00,612.96,662.30,1083.05,2023.43,2478.46,2193.73,2305.79,2180.14,2329.29,2284.93,2020.85,2111.88,3187.82,345.46,801.05,780.43,1940.30,2569.14,2225.59,2110.22,2346.53,2220.58,2170.97,2349.23,1991.72,2007.32,2239.58
20260925,17,11110615,48565.24,168.37,558.90,579.70,1210.60,2248.15,2539.88,2158.75,2133.32,2061.29,2278.46,2177.20,1915.92,2022.63,2897.21,313.24,724.72,790.17,1932.93,2513.48,2217.64,1774.39,1958.10,2074.46,1962.72,2119.09,1681.08,1687.29,1865.55
20260925,18,11110615,45365.00,163.74,545.55,493.54,1353.09,2420.50,2699.02,2173.06,2039.37,1926.73,2053.26,1980.77,1813.89,1751.56,2465.37,189.56,588.32,751.34,1931.70,2525.32,2115.87,1644.99,1699.93,1941.75,1784.40,1861.61,1552.83,1360.06,1537.87
20260925,19,11110615,41829.03,142.48,495.57,483.44,1324.62,2561.41,2853.27,2220.08,1958.14,1835.95,1933.20,1817.98,1635.46,1519.69,1983.43,129.30,507.99,646.62,1839.39,2420.07,1900.74,1512.12,1482.33,1699.72,1577.97,1610.97,1270.64,1180.64,1285.81
20260925,20,11110615,37663.18,148.57,365.23,426.29,1235.96,2586.65,2836.75,2268.55,1821.93,1688.19,1742.81,1491.34,1395.84,1279.90,1698.92,121.98,390.86,534.89,1689.72,2247.78,1774.98,1385.24,1271.57,1467.34,1332.14,1277.79,1104.72,957.89,1119.35
20260925,21,11110615,33230.61,96.60,301.06,357.21,1076.57,2500.79,2764.38,2119.83,1665.98,1557.09,1515.92,1322.70,1230.52,1127.32,1442.95,95.77,351.90,421.48,1462.43,2006.48,1516.42,1159.28,1071.86,1255.82,1075.18,1047.35,881.29,819.25,987.18
20260925,22,11110615,29028.34,81.34,269.31,321.63,957.38,2327.15,2551.00,1945.47,1545.10,1423.02,1390.12,1154.03,1037.48,921.95,1289.51,100.13,271.31,311.87,1131.58,1628.81,1178.62,1000.67,976.07,1076.31,927.43,886.75,726.31,713.73,884.26
20260925,23,11110615,25884.08,74.36,252.60,254.58,803.83,2009.88,2316.65,1756.06,1439.24,1346.69,1291.24,1061.65,930.55,841.83,1148.52,93.21,252.17,260.45,852.21,1297.25,1026.49,871.75,889.76,977.95,815.19,854.13,692.43,656.82,816.59
20260926,00,11110615,22175.04,67.94,221.70,207.46,651.37,1530.31,1792.46,1558.01,1258.38,1213.93,1188.39,953.09,770.68,736.71,1112.44,69.00,233.25,187.23,573.29,920.66,812.89,767.82,855.73,893.41,771.05,787.47,627.95,644.83,767.59
20260926,01,11110615,21306.87,67.94,221.90,198.33,564.10,1402.90,1635.30,1453.01,1192.56,1189.66,1133.80,937.87,765.89,752.14,1092.15,69.00,235.96,180.54,565.48,872.11,757.26,740.94,829.00,881.29,772.57,772.09,628.10,635.52,759.46
20260926,02,11110615,20316.46,67.94,216.84,190.01,523.71,1249.17,1453.78,1323.33,1145.84,1121.18,1106.57,869.31,758.41,730.50,1079.78,69.00,235.77,184.99,539.79,804.92,685.20,721.68,823.95,860.80,765.95,768.20,621.65,632.67,765.52
20260926,03,11110615,19350.69,67.94,220.88,190.30,477.28,1069.14,1300.32,1172.88,1071.18,1101.70,1076.98,833.26,728.07,718.22,1084.41,69.00,241.32,166.56,519.90,718.05,634.59,698.19,822.57,851.28,745.42,755.36,616.57,630.53,768.79
20260926,04,11110615,18616.75,67.94,220.88,190.15,418.22,959.56,1134.62,1104.93,1035.69,1056.82,1028.62,800.89,710.24,703.86,1080.89,69.00,241.48,161.53,480.15,678.31,610.81,685.43,813.39,845.61,747.08,757.04,620.41,625.08,768.12
20260926,05,11110615,18378.48,67.94,227.59,184.07,398.13,850.26,1003.47,1075.02,1019.69,1034.08,1047.55,796.63,725.55,712.35,1131.66,69.00,241.53,155.51,464.86,679.35,587.54,677.12,793.31,846.24,759.70,756.76,647.45,636.12,790.00
20260926,06,11110615,18562.05,67.75,233.74,177.36,346.64,825.73,925.25,1052.65,1040.61,1018.56,1044.28,804.80,816.42,740.05,1196.95,69.00,241.70,155.42,450.31,688.74,596.39,678.97,792.02,853.00,775.63,782.39,687.69,670.55,829.45
20260926,07,11110615,19520.04,67.69,237.85,205.14,304.33,813.70,953.07,1071.50,1072.06,1060.95,1159.52,894.39,891.56,787.07,1304.15,68.94,241.37,166.30,481.49,713.48,623.13,715.33,799.07,887.10,812.65,828.22,728.75,722.83,908.40
20260926,08,11110615,21067.30,61.75,232.17,201.24,332.72,886.45,1007.54,1108.85,1114.95,1168.95,1274.35,959.43,956.97,889.26,1452.51,63.00,235.43,183.70,534.36,754.93,722.76,743.86,801.01,961.55,881.20,881.85,796.54,809.50,1050.47
20260926,09,11110615,25200.98,62.49,239.21,234.63,440.66,1062.90,1222.60,1225.04,1256.46,1273.59,1417.57,1182.94,1084.30,1055.36,1867.74,75.90,274.96,257.52,711.84,1016.28,941.62,904.63,953.39,1099.63,1089.87,1123.41,928.32,951.76,1246.36
20260926,10,11110615,32927.14,86.61,233.65,291.90,690.86,1392.36,1593.19,1506.13,1563.11,1546.49,1685.56,1423.61,1441.50,1399.87,2724.07,109.16,346.40,382.59,927.67,1426.44,1213.46,1196.69,1261.37,1480.66,1374.43,1467.85,1203.75,1264.03,1693.73
20260926,11,11110615,44178.49,88.07,283.38,409.43,844.29,1670.53,1878.76,1919.69,1922.41,1926.40,2089.33,1888.46,1824.60,1967.63,3979.07,140.65,483.24,572.27,1245.45,1926.77,1636.48,1748.26,1830.31,2069.72,2002.02,1947.86,1651.26,1875.04,2357.11
20260926,12,11110615,60689.15,185.01,557.18,561.90,1137.58,2126.33,2437.86,2348.37,2476.26,2504.63,2648.87,2546.21,2434.55,2755.16,5645.58,237.86,766.90,753.23,1711.67,2650.82,2486.24,2469.84,2703.78,2838.20,2751.76,2765.74,2327.54,2580.63,3279.45
20260926,13,11110615,75620.47,285.84,879.84,738.99,1397.41,2634.48,3048.88,2911.92,3164.46,3069.57,3152.49,3055.95,3096.63,3500.47,6756.09,347.47,1084.99,938.17,2224.94,3333.49,3008.18,3187.48,3669.98,3551.72,3359.95,3330.33,2871.19,3144.39,3875.17
20260926,14,11110615,85866.91,337.40,1073.37,860.78,1671.32,3074.52,3507.98,3433.42,3462.09,3590.66,3469.97,3382.01,3355.00,3929.64,7393.45,443.95,1200.34,1123.00,2713.04,4094.04,3540.49,3681.43,4399.19,4058.25,3655.57,3554.59,3191.61,3408.38,4261.42
20260926,15,11110615,95839.05,420.03,1276.45,951.08,2072.07,3634.36,4208.39,3811.06,4002.94,4108.76,3699.71,3733.31,3645.74,4267.94,7628.63,518.41,1390.83,1292.35,3297.74,4771.24,4210.35,3958.31,4864.03,4646.77,3990.58,3986.54,3463.00,3574.89,4413.54
20260926,16,11110615,96378.28,401.60,1223.52,921.99,2115.03,4078.56,4551.25,3839.26,3991.02,4154.11,4016.19,3716.25,3601.49,4011.38,7042.23,498.82,1494.74,1390.37,3678.52,5498.98,4471.35,3946.79,4634.51,4743.54,3921.34,3989.94,3134.55,3345.65,3965.30
20260926,17,11110615,94909.93,368.52,1101.54,992.98,2335.51,4500.72,5021.35,3784.17,4011.10,4002.48,4005.60,3811.58,3497.47,3719.77,5965.80,390.10,1452.70,1422.94,4083.95,6080.52,4753.98,3982.18,4441.10,4471.02,3880.51,3751.17,2861.50,2971.10,3248.57
20260926,18,11110615,88177.61,314.41,961.77,986.17,2492.44,5080.31,5316.45,3797.97,3733.23,3620.89,3648.80,3694.11,3067.90,3224.91,4812.23,325.47,1095.60,1439.22,4186.81,6301.79,4774.13,3559.40,3820.90,3741.51,3605.13,3189.56,2376.76,2403.86,2605.88
20260926,19,11110615,81214.95,273.90,748.93,930.98,2796.09,5493.49,5583.02,3726.11,3466.33,3249.44,3373.04,3388.75,2751.87,2618.99,3694.21,236.24,1038.92,1364.08,4114.33,6438.28,4518.12,3083.00,3240.02,3210.84,3129.08,2665.73,2086.44,1937.90,2056.82
20260926,20,11110615,70981.99,190.97,528.03,897.48,2799.07,5464.37,5364.86,3519.03,3068.84,2752.33,2818.11,2806.76,2302.56,2138.86,2755.73,166.86,806.66,1246.11,3901.47,6229.63,4040.25,2529.43,2637.26,2619.87,2448.09,2110.38,1683.57,1569.88,1585.53
20260926,21,11110615,60271.79,92.13,359.46,862.73,2688.91,5254.99,5333.13,3170.72,2705.23,2344.69,2422.33,2283.71,1765.97,1616.75,2067.89,117.23,541.75,1072.44,3521.13,5566.63,3544.03,2138.74,1971.80,1951.67,1887.97,1446.53,1184.79,1169.17,1189.27
20260926,22,11110615,47727.11,70.92,219.02,642.08,2355.50,4726.38,4758.87,2892.93,2207.07,1828.45,1950.77,1807.13,1319.65,1193.53,1494.86,84.87,293.27,727.53,2727.70,4410.36,2719.16,1560.10,1389.61,1321.00,1293.96,1064.82,871.55,841.60,954.42
20260926,23,11110615,37687.76,63.44,149.57,452.94,1853.31,3883.52,4098.60,2591.54,1898.17,1519.71,1566.09,1393.20,993.59,889.86,1236.57,41.81,256.44,421.38,1996.13,3313.10,1968.46,1177.27,1043.75,988.07,973.26,788.33,642.04,660.01,827.60
20260927,00,11110615,26341.33,43.92,122.80,258.99,1098.11,2687.90,2946.08,2025.98,1454.52,1154.45,1161.46,981.10,756.54,698.11,1066.32,20.10,159.00,190.59,895.43,1881.94,1209.05,821.27,731.27,812.14,695.84,655.66,518.16,578.05,716.55
20260927,01,11110615,24672.73,49.67,123.08,235.46,951.26,2435.61,2677.80,1854.16,1361.94,1117.12,1143.73,931.57,743.53,676.31,1044.20,20.10,170.00,210.54,811.25,1694.11,1061.59,759.00,730.12,788.70,654.74,627.61,508.95,576.38,714.20
20260927,02,11110615,22427.19,49.67,128.10,197.43,781.79,2083.16,2297.68,1607.78,1280.98,1062.63,1050.89,853.67,715.81,637.32,1026.77,20.10,170.00,186.09,685.67,1464.07,906.72,728.30,697.86,776.79,631.20,615.52,514.85,553.17,703.17
20260927,03,11110615,20607.02,49.67,128.10,191.20,673.04,1760.28,1935.96,1416.86,1169.69,1050.54,990.97,775.23,690.33,627.63,999.21,20.10,159.45,162.57,622.87,1243.70,838.45,696.35,683.60,743.01,621.12,606.43,510.62,544.69,695.35
20260927,04,11110615,19200.90,49.67,124.31,186.44,600.97,1476.30,1680.89,1213.01,1140.91,989.31,964.69,749.53,668.39,607.47,997.18,20.10,159.25,148.01,560.64,1069.01,775.43,667.64,665.89,725.06,615.62,606.73,505.99,524.88,707.58
20260927,05,11110615,18226.05,49.67,124.81,162.63,527.12,1234.47,1449.48,1109.78,1081.98,964.67,972.79,726.54,670.20,599.59,1014.53,20.10,159.05,147.80,493.17,973.13,716.33,637.60,664.26,721.97,619.07,622.71,528.32,523.80,710.48
20260927,06,11110615,17887.75,49.67,129.83,163.03,420.90,1101.43,1240.87,1058.50,1074.32,907.76,932.06,740.64,712.61,671.84,1166.81,20.10,159.05,133.96,470.20,919.89,662.94,653.19,652.62,709.54,619.15,641.87,539.00,553.94,782.03
20260927,07,11110615,18632.94,49.62,124.14,169.57,402.97,1039.18,1189.10,1018.38,1071.48,926.52,1027.75,854.04,797.41,747.19,1314.46,20.06,164.64,137.63,458.13,968.88,671.05,654.11,701.09,742.60,652.55,688.58,596.95,624.49,820.37
20260927,08,11110615,19865.00,48.65,132.34,176.53,404.38,1054.64,1179.93,1048.29,1107.40,940.13,1063.70,937.59,892.84,877.73,1491.36,19.08,159.97,165.45,502.73,1002.04,740.01,660.42,752.75,788.86,691.78,754.84,653.37,723.84,894.35
20260927,09,11110615,24757.17,56.08,148.06,254.02,537.28,1262.35,1410.88,1228.64,1267.93,1114.01,1269.22,1142.75,1087.58,1108.25,1951.35,20.42,185.46,257.35,693.08,1312.93,933.96,785.73,913.41,935.69,889.53,1023.35,881.70,911.53,1174.63
20260927,10,11110615,31938.49,61.67,235.63,339.46,765.03,1507.29,1697.12,1467.47,1489.86,1315.85,1482.71,1382.62,1386.85,1342.89,2637.32,44.00,256.51,328.94,998.63,1604.66,1296.85,1055.04,1240.85,1266.96,1217.46,1372.00,1190.56,1203.64,1750.62
20260927,11,11110615,39615.36,80.06,260.66,362.57,956.11,1764.23,2015.31,1663.31,1731.38,1528.74,1698.06,1691.16,1722.96,1716.75,3509.71,90.63,365.32,352.65,1249.78,1929.01,1673.79,1393.51,1556.47,1609.38,1594.45,1723.87,1482.00,1504.79,2388.70
20260927,12,11110615,51447.79,111.11,326.32,496.93,1125.90,2177.23,2421.50,2126.58,2018.48,1969.68,2024.65,2083.53,2224.76,2272.13,4839.87,112.54,532.71,498.96,1598.90,2639.41,2302.68,1860.99,2042.10,2188.30,2018.17,2344.42,1959.23,2008.59,3122.12
20260927,13,11110615,60810.57,170.84,449.75,556.63,1314.11,2564.72,2821.67,2392.44,2411.83,2311.53,2297.24,2377.77,2486.29,2757.31,5819.10,218.29,617.26,739.18,2073.39,3224.54,2826.14,2365.32,2391.33,2497.62,2241.79,2638.58,2286.16,2310.69,3649.05
20260927,14,11110615,67463.89,222.35,579.12,661.13,1527.42,2931.82,3176.24,2601.44,2659.17,2439.18,2456.57,2598.19,2633.84,3104.07,6448.34,331.87,789.61,825.28,2452.70,3791.50,3175.83,2675.62,2862.58,2691.98,2441.64,2735.70,2481.57,2488.70,3680.43
20260927,15,11110615,70847.95,210.41,670.49,701.16,1689.49,3260.57,3505.31,2721.36,2757.06,2601.73,2570.67,2667.53,2676.23,3137.27,6512.26,329.09,734.58,984.01,2827.21,4406.52,3362.19,2727.51,3143.28,2809.39,2639.33,2773.11,2442.31,2488.62,3499.26
20260927,16,11110615,68562.19,148.30,551.14,719.82,1872.97,3436.02,3521.37,2782.14,2755.99,2505.97,2661.30,2416.99,2576.79,2906.23,5611.77,299.72,639.92,1089.29,3057.52,4521.85,3482.76,2772.51,2937.20,2634.19,2619.51,2500.27,2293.57,2226.19,3020.89
20260927,17,11110615,64943.91,111.37,482.64,675.94,2092.81,3795.27,3567.18,2791.61,2524.80,2287.47,2463.25,2244.12,2409.77,2702.04,4663.82,264.85,596.20,1038.89,3186.28,4916.41,3550.71,2562.97,2667.86,2409.61,2370.78,2142.95,2075.41,1925.64,2423.26
20260927,18,11110615,60479.54,93.43,380.21,627.53,2457.13,4005.77,3653.50,2682.35,2314.93,2053.23,2206.28,2059.41,2106.11,2349.75,3762.97,199.75,497.53,979.42,3536.67,4905.37,3503.85,2340.55,2336.83,2075.22,1940.52,1944.81,1848.73,1670.05,1947.64
20260927,19,11110615,53040.39,63.73,274.07,581.73,2452.92,3764.09,3562.05,2548.02,1938.63,1768.44,1932.29,1813.06,1803.13,1864.86,2881.90,108.60,375.45,996.14,3337.69,4717.82,3116.65,1957.57,1915.58,1698.32,1577.48,1657.84,1491.72,1336.05,1504.56
20260927,20,11110615,46266.44,30.64,226.92,597.23,2378.43,3586.18,3293.82,2241.51,1729.97,1513.89,1612.42,1572.80,1495.37,1484.07,2274.83,70.24,250.09,937.39,3175.11,4429.70,2762.72,1543.83,1517.73,1388.87,1340.94,1275.92,1198.95,1150.61,1186.26
20260927,21,11110615,37559.77,24.74,192.06,494.71,1992.97,3008.66,2801.11,1920.50,1488.91,1264.81,1380.14,1195.44,1189.35,1169.56,1712.52,34.31,161.30,802.87,2644.16,3625.12,2198.62,1260.99,1192.48,1034.77,1016.23,981.79,896.09,894.54,981.02
20260927,22,11110615,29446.07,18.75,118.91,363.47,1654.54,2428.19,2227.86,1671.43,1243.68,1031.96,1190.35,945.16,959.33,888.94,1329.05,28.41,102.31,585.38,2027.19,2640.83,1599.34,927.58,866.92,823.08,751.09,769.64,692.10,722.55,838.03
20260927,23,11110615,23411.70,24.11,101.65,280.46,1264.00,1847.88,1812.03,1422.80,1047.13,910.75,1036.11,789.36,832.04,699.71,1095.37,17.31,88.78,364.00,1384.95,1848.91,1106.68,747.19,709.32,693.63,618.30,669.10,606.06,633.93,760.14
20260928,00,11110615,19209.02,25.19,85.16,175.64,701.59,1259.82,1400.23,1202.99,1005.72,964.99,1129.12,803.89,750.57,650.33,1044.16,12.76,67.15,176.60,709.02,1074.19,742.93,649.92,626.30,695.78,654.82,665.66,627.15,595.30,712.04
20260928,01,11110615,18524.59,25.19,85.16,165.93,617.52,1194.01,1316.68,1145.02,971.45,946.74,1125.25,787.35,741.32,647.98,1033.84,12.76,66.99,158.00,648.74,1011.03,696.29,621.97,629.16,677.37,648.72,663.35,607.98,582.62,696.17
20260928,02,11110615,17531.50,19.65,84.41,133.59,501.17,1084.72,1148.37,1101.95,933.59,932.47,1098.85,751.79,705.42,634.90,1028.15,12.65,66.46,131.96,580.97,913.47,624.17,624.26,615.25,657.46,630.69,642.77,600.37,569.39,702.60
20260928,03,11110615,16931.40,19.65,87.88,129.70,420.58,1005.44,1073.05,1059.01,893.88,915.94,1076.99,743.15,700.70,618.09,1030.51,12.65,66.46,121.40,521.04,853.87,591.60,625.79,601.45,647.48,627.46,634.48,597.69,562.65,692.81
20260928,04,11110615,16827.34,19.65,87.93,128.14,358.89,977.01,1030.61,1047.42,872.46,901.31,1064.45,766.49,718.47,619.35,1047.76,12.65,66.46,121.67,479.12,839.71,578.71,614.59,596.79,645.79,637.31,675.01,643.22,571.36,705.01
20260928,05,11110615,18036.36,19.83,88.68,129.15,345.22,956.35,999.18,1067.90,921.97,937.09,1092.21,851.11,824.71,686.29,1153.92,12.80,67.17,112.36,452.11,839.21,587.87,616.64,603.11,655.47,663.06,748.03,854.81,832.54,917.57
20260928,06,11110615,21363.45,18.60,94.15,138.72,364.98,996.47,1101.49,1225.66,1145.88,1189.49,1377.36,1135.22,1056.09,919.44,1387.51,12.80,67.34,136.50,501.77,954.54,724.91,693.28,670.45,739.34,730.69,893.55,1019.71,949.85,1117.66
20260928,07,11110615,31219.64,18.53,100.97,104.49,434.20,1279.60,1632.00,1768.37,1853.56,2202.50,2506.02,2035.56,1578.43,1318.16,1830.18,18.46,94.51,318.31,670.36,1306.70,1173.43,1077.63,939.66,1070.58,1062.07,1179.45,1153.75,1135.70,1356.46
20260928,08,11110615,60736.48,30.83,82.45,129.23,638.75,2316.69,3571.27,3656.46,4056.24,4541.81,5381.97,4108.61,2527.98,2073.08,2617.15,20.16,130.67,638.12,1127.00,2950.16,3214.32,2542.41,2334.19,2525.08,2407.71,2167.04,1547.96,1572.78,1826.36
20260928,09,11110615,97860.21,35.83,92.35,216.67,1048.10,4012.88,6095.31,5830.94,6269.96,6728.55,7451.52,5754.18,3460.14,2986.63,3782.59,25.60,146.15,742.40,1989.87,5884.46,6238.32,4869.50,4555.63,4491.39,4161.04,3633.94,2446.53,2362.29,2547.44
20260928,10,11110615,116630.20,30.36,109.98,268.83,1299.60,4658.07,6980.76,6645.76,7069.97,7420.74,8227.39,6657.23,4308.42,3859.81,5703.69,37.31,164.96,792.37,2460.34,6779.26,7294.90,5767.12,5415.32,5238.38,5060.09,4593.21,3238.86,3086.37,3461.10
20260928,11,11110615,133385.35,38.75,180.37,324.80,1511.55,5160.93,7616.30,7346.31,7735.19,8254.13,8857.27,7299.09,4858.62,4630.42,7597.41,55.89,231.54,872.58,2755.30,7670.38,8137.53,6376.99,6281.00,5984.52,5773.22,5528.56,3962.32,3804.66,4539.72
20260928,12,11110615,142178.14,32.45,159.34,373.44,1591.37,5490.34,8162.39,7596.19,7909.90,8505.32,8878.16,7621.16,5257.96,5017.52,9125.89,56.11,269.51,926.56,3074.10,8039.57,8623.91,6801.61,6644.98,6198.82,6366.92,5830.55,4361.21,4160.14,5102.72
20260928,13,11110615,147630.91,39.09,203.64,373.25,1740.48,5669.04,8216.07,7575.82,8034.10,8546.59,9249.79,7818.17,5419.78,5378.94,10401.79,58.19,278.70,1000.12,3237.01,8135.33,8839.29,6951.50,6637.08,6419.80,6563.35,6080.16,4651.86,4445.19,5666.78
20260928,14,11110615,145305.33,44.22,182.12,401.99,1711.71,5596.93,8073.41,7631.43,7816.32,8303.93,9103.28,7634.80,5403.49,5338.94,10626.76,33.59,239.30,1016.29,3144.90,8114.47,8627.43,6813.44,6330.97,6353.71,6362.96,5956.90,4587.97,4405.13,5448.94
20260928,15,11110615,145835.74,55.49,147.05,457.24,1802.11,5759.31,8207.60,7646.45,7915.12,8397.43,9200.07,7734.47,5472.38,5352.09,10450.30,33.21,145.71,1042.87,3258.46,8333.87,8779.40,6831.42,6308.27,6267.40,6358.12,5871.79,4457.63,4168.90,5381.58
20260928,16,11110615,140993.75,49.31,143.22,622.93,1908.56,5676.42,8174.03,7468.32,7887.29,8367.56,9104.59,7482.54,5297.93,5104.79,9173.23,27.45,190.35,1025.15,3537.79,8319.87,8537.04,6582.94,6188.12,6022.60,6197.61,5694.03,3976.09,3611.58,4622.41
20260928,17,11110615,131688.07,42.85,175.93,641.01,2028.79,5530.30,7889.61,7185.19,7641.12,7848.12,8629.12,7120.48,4902.02,4446.31,7742.46,26.02,177.27,924.45,3767.63,8114.84,8101.23,6153.23,5848.53,5679.56,5688.19,5262.20,3423.47,3118.13,3580.01
20260928,18,11110615,114496.34,26.43,164.47,724.93,2094.87,5362.03,7214.31,6410.30,6806.31,6898.34,7490.44,6154.68,4013.17,3643.54,5773.41,31.02,155.47,968.61,4199.08,7487.91,7004.81,5065.88,4749.08,4722.31,4735.77,4384.59,2960.75,2508.47,2745.36
20260928,19,11110615,82952.53,19.39,149.42,665.34,2057.34,4327.80,5410.28,4486.71,4753.86,4804.43,5384.15,4409.77,3051.06,2598.43,4034.71,30.59,132.25,926.64,3771.45,5590.42,4703.84,3299.14,2939.08,3003.00,3189.65,3014.97,2256.58,1910.62,2031.61
20260928,20,11110615,65073.69,14.15,86.64,618.28,1975.98,3789.41,4315.16,3577.04,3606.36,3676.88,4023.86,3266.38,2350.87,2135.87,2798.14,24.31,121.11,870.82,3582.59,4594.84,3537.56,2353.53,2121.66,2069.46,2384.31,2161.02,1771.20,1538.80,1707.46
20260928,21,11110615,51962.85,14.03,93.53,559.48,1789.33,3238.40,3550.60,2891.39,2839.22,2836.46,3114.79,2412.35,1834.89,1603.18,2075.52,24.08,81.85,793.97,3169.07,3849.80,2778.58,1828.99,1677.01,1621.32,1846.01,1655.87,1248.14,1203.28,1331.71
20260928,22,11110615,38647.14,13.93,87.13,382.63,1395.11,2490.99,2728.19,2162.50,2144.52,2158.29,2314.46,1750.73,1348.88,1094.29,1497.28,24.04,63.67,645.26,2400.62,2806.44,2045.13,1402.98,1191.56,1207.29,1286.69,1186.23,912.33,864.16,1041.81
20260928,23,11110615,29659.99,13.92,87.55,272.77,1097.42,1926.48,2123.20,1690.04,1697.07,1693.65,1795.02,1354.81,1053.42,866.37,1239.79,18.32,60.81,458.50,1603.88,1935.10,1386.68,1037.32,911.62,963.80,1002.93,937.64,773.20,731.70,926.98
20260929,00,11110615,21268.09,13.97,88.59,128.64,635.59,1203.32,1483.04,1277.58,1250.13,1281.04,1385.34,978.10,819.72,700.23,1123.96,25.02,73.74,199.56,801.28,1018.11,796.43,749.74,685.71,778.99,813.17,812.64,663.97,649.51,830.97
20260929,01,11110615,20012.95,13.97,88.59,122.39,521.85,1115.29,1279.61,1195.30,1167.63,1220.38,1336.17,910.28,795.65,698.10,1102.89,24.86,73.57,184.36,699.24,921.60,736.48,745.94,673.84,729.31,789.26,789.46,644.26,625.44,807.23
20260929,02,11110615,18969.91,13.97,92.01,120.50,462.67,1065.40,1149.86,1122.05,1114.23,1119.74,1270.14,880.50,778.70,668.80,1068.65,24.67,73.74,172.11,642.59,828.41,643.37,703.62,657.15,708.82,771.94,782.70,643.48,595.67,794.42
20260929,03,11110615,18465.38,15.20,92.01,118.47,427.24,997.41,1134.32,1095.90,1048.83,1114.05,1276.46,867.19,743.85,652.95,1044.42,24.67,73.58,162.34,603.25,789.00,589.58,685.45,647.07,693.79,760.33,756.85,648.54,598.86,803.77
20260929,04,11110615,18238.56,15.20,91.84,114.63,361.65,955.35,1094.33,1089.74,1036.97,1076.66,1233.39,872.52,774.69,660.99,1063.97,24.67,72.37,150.01,570.42,759.57,573.22,669.17,637.14,691.13,758.23,781.46,674.82,618.29,816.13
20260929,05,11110615,19470.86,14.02,91.84,109.30,335.94,929.30,1053.95,1135.41,1062.05,1101.16,1269.03,927.05,886.24,773.19,1195.48,24.67,72.37,150.02,557.58,754.27,582.76,670.94,673.46,684.23,788.56,862.75,892.38,863.78,1009.13
20260929,06,11110615,22545.29,13.61,89.10,113.66,326.95,947.24,1138.19,1272.88,1260.92,1348.16,1582.12,1215.61,1168.25,967.15,1406.02,24.30,64.38,157.48,588.23,865.66,687.11,754.42,722.27,744.72,855.70,1008.00,1085.73,952.07,1185.36
20260929,07,11110615,33457.61,13.71,91.55,105.04,404.54,1301.06,1656.90,1922.66,2105.02,2537.03,2744.13,2289.72,1719.88,1455.80,1910.43,24.48,77.58,297.87,724.61,1251.71,1142.79,1137.00,1027.58,1142.40,1244.74,1327.34,1223.38,1131.03,1447.63
20260929,08,11110615,64327.61,19.43,89.30,123.89,624.28,2406.49,3669.75,4031.08,4595.91,5160.44,5686.04,4487.34,2639.33,2126.81,2788.80,30.48,121.13,636.17,1217.21,3034.95,3237.06,2874.32,2614.57,2537.75,2507.37,2168.02,1578.65,1456.99,1864.05
20260929,09,11110615,105522.53,19.93,85.76,214.35,1097.50,4308.70,6435.46,6507.10,7157.69,7728.03,8096.52,6346.19,3792.70,2966.53,3986.36,32.57,116.69,751.34,2090.84,6363.25,6777.15,5435.92,5076.40,4667.48,4389.99,3690.01,2531.19,2294.57,2562.31
20260929,10,11110615,126230.45,25.85,91.48,261.29,1364.67,5073.27,7485.18,7367.19,7983.59,8574.90,9080.56,7348.85,4492.62,4021.36,5955.13,32.90,122.29,775.15,2571.56,7374.81,7916.02,6301.22,6146.94,5570.01,5457.66,4793.90,3408.39,3087.87,3545.79
20260929,11,11110615,141067.61,24.88,86.32,378.53,1568.95,5535.36,8174.16,7985.91,8636.60,9192.51,9399.49,7917.63,5091.04,4616.89,7675.45,31.91,117.84,832.49,2814.61,7970.07,8560.14,6857.44,6774.88,6267.66,6235.45,5726.25,4145.24,3764.91,4685.00
20260929,12,11110615,152780.16,25.05,90.14,347.90,1652.27,5836.92,8710.36,8272.96,9033.05,9579.56,9696.65,8449.90,5428.15,5316.31,9634.85,32.19,140.99,850.52,3148.54,8518.97,9195.75,7464.74,7227.36,6770.89,6654.51,6281.43,4684.09,4325.74,5410.37
20260929,13,11110615,155942.56,24.96,85.45,393.14,1705.23,6034.16,8636.56,8226.03,8953.72,9503.02,9911.86,8586.82,5614.49,5540.24,10650.28,26.35,152.41,909.96,3278.88,8505.06,9216.09,7470.90,7191.38,6881.79,6822.00,6415.79,4935.00,4436.33,5834.66
20260929,14,11110615,157518.96,30.93,102.05,428.83,1838.34,6133.18,8635.02,8272.99,8957.87,9590.91,10012.58,8419.99,5675.54,5746.14,10962.54,32.11,179.84,953.35,3396.88,8580.05,9268.84,7514.41,7142.62,6822.11,6883.72,6481.04,4970.98,4591.64,5894.46
20260929,15,11110615,155583.35,30.93,70.26,424.20,1855.75,6144.53,8669.38,8109.74,8878.91,9545.77,9985.97,8351.32,5713.56,5689.92,10454.01,26.38,167.95,998.50,3546.40,8574.49,9246.18,7380.43,6908.32,6617.90,6814.03,6385.93,4950.57,4458.92,5583.10
20260929,16,11110615,148524.75,20.29,87.37,518.25,1976.20,6072.95,8417.60,7989.10,8673.82,9306.89,9785.61,8198.56,5513.15,5334.74,9098.07,32.17,123.79,708.97,3539.00,8608.76,9214.19,7008.10,6615.96,6226.76,6432.57,6019.19,4498.36,3833.72,4670.61
20260929,17,11110615,139432.20,20.01,83.93,587.21,1942.64,5914.13,8348.48,7667.24,8281.57,8826.67,9417.62,7756.07,5167.13,4875.53,7412.09,20.37,114.99,780.23,3767.71,8572.42,8849.97,6642.88,6129.78,5929.90,6016.66,5408.43,3976.45,3159.76,3762.33
20260929,18,11110615,124167.34,8.53,82.12,605.59,2162.80,5677.27,7753.20,6980.57,7521.97,7832.64,8247.52,6590.93,4539.67,4144.86,5814.13,14.50,71.50,990.60,4202.60,8091.88,7931.16,5641.04,5274.95,5240.07,5033.38,4577.61,3493.69,2685.54,2957.02
20260929,19,11110615,95146.68,8.48,85.23,606.09,2241.56,4714.75,6147.74,5388.84,5530.74,5984.42,6050.84,4988.75,3534.76,3135.10,4099.53,30.90,71.01,1010.06,4122.47,6738.19,5832.70,3819.65,3519.12,3530.39,3539.72,3304.58,2685.46,2158.15,2267.45
20260929,20,11110615,76082.78,7.54,86.32,569.95,2244.87,4105.61,4931.64,4380.77,4336.12,4681.60,4776.05,3757.24,2828.63,2480.19,3016.55,36.74,91.23,975.63,3948.55,5625.73,4446.79,2807.31,2621.22,2547.76,2592.08,2431.78,2123.13,1799.11,1832.64
20260929,21,11110615,60407.23,7.45,94.41,491.84,1883.77,3452.58,4096.04,3586.74,3579.51,3668.40,3718.90,2752.23,2095.27,1727.98,2134.04,14.46,102.82,849.33,3500.23,4665.73,3568.77,2268.02,1961.98,1927.52,2083.80,1753.04,1596.51,1361.97,1463.89
20260929,22,11110615,45340.31,7.43,97.95,370.17,1488.35,2836.42,3175.71,2764.44,2713.74,2757.20,2792.53,1934.98,1563.27,1280.80,1623.13,14.46,91.11,609.10,2652.31,3390.48,2636.68,1698.20,1389.21,1428.53,1475.25,1251.10,1139.68,951.59,1206.49
20260929,23,11110615,33688.54,7.33,93.21,267.88,1173.32,2247.79,2414.14,2147.99,2017.13,2049.12,2067.36,1456.24,1158.29,967.36,1324.29,14.34,89.98,427.49,1809.56,2219.28,1681.62,1168.19,1071.64,1040.39,1126.87,937.25,912.52,773.66,1024.30
20260930,00,11110615,22214.26,7.96,90.70,131.76,642.76,1435.49,1513.23,1330.47,1316.63,1233.83,1511.72,1029.55,832.72,751.03,1082.76,11.12,97.51,213.77,839.93,1083.04,890.62,784.51,720.59,779.50,833.48,821.55,718.30,705.27,804.46
20260930,01,11110615,20944.60,7.96,90.70,124.67,572.56,1282.93,1364.02,1256.99,1232.84,1159.13,1427.40,964.71,799.21,732.96,1081.13,11.12,102.67,199.84,742.18,1033.34,825.16,749.35,687.30,740.82,798.31,792.29,708.07,672.79,784.15
20260930,02,11110615,19778.03,7.94,91.57,115.20,531.73,1168.71,1230.57,1161.46,1152.03,1103.09,1358.53,883.71,779.28,694.12,1063.74,11.08,102.42,170.52,646.03,934.45,720.60,733.51,675.66,742.75,779.21,793.28,687.85,657.29,781.70
20260930,03,11110615,18979.59,7.94,91.65,109.74,464.88,1053.73,1116.57,1086.20,1107.40,1116.48,1329.13,862.40,744.93,671.50,1061.52,11.08,102.50,155.51,612.08,844.85,660.75,719.13,651.98,729.18,764.40,791.55,689.04,646.34,777.13
20260930,04,11110615,18845.71,7.96,91.99,110.14,424.11,1007.65,1071.74,1074.41,1080.47,1106.97,1340.40,884.29,754.88,678.17,1074.37,11.12,102.68,151.83,576.22,823.02,623.90,710.47,639.32,722.12,768.25,814.77,721.97,665.78,806.71
20260930,05,11110615,20105.17,7.96,91.91,110.10,414.72,993.55,1065.20,1107.37,1116.10,1110.52,1402.23,959.02,882.61,783.63,1182.83,11.12,102.61,153.65,572.05,785.60,611.59,710.44,652.80,716.05,814.77,903.52,935.58,899.41,1008.23
20260930,06,11110615,23498.33,8.03,96.38,119.61,430.40,1017.58,1124.75,1237.06,1294.66,1330.88,1723.62,1331.11,1138.81,1000.79,1471.40,11.22,103.48,165.57,632.70,872.36,752.04,821.02,717.79,792.63,898.98,1053.06,1112.74,1004.75,1234.91
20260930,07,11110615,34142.71,8.08,96.82,116.93,464.11,1328.97,1681.16,1872.14,2066.52,2463.51,2860.63,2358.70,1705.09,1401.17,1910.29,11.37,116.54,311.27,864.03,1238.40,1193.96,1208.06,1073.04,1150.45,1276.61,1391.60,1265.34,1214.01,1493.91
20260930,08,11110615,64149.19,19.51,106.35,143.38,691.73,2422.18,3670.42,3933.17,4389.91,5206.82,5779.97,4421.04,2589.06,2109.91,2675.21,11.77,176.19,605.36,1323.80,3019.90,3257.08,2828.76,2492.74,2546.67,2561.90,2136.00,1524.36,1580.17,1925.83
20260930,09,11110615,105645.04,19.88,110.21,194.06,1144.86,4273.22,6422.93,6545.91,7037.01,7693.49,8272.80,6385.80,3668.06,3006.38,3931.69,18.92,171.59,686.98,2088.98,6248.46,6733.18,5488.45,5030.97,4723.12,4362.48,3812.74,2593.51,2466.01,2513.35
20260930,10,11110615,125805.75,20.11,175.86,309.65,1352.45,5015.81,7496.09,7373.69,7917.80,8532.14,9187.32,7192.64,4550.87,3808.84,5855.16,18.98,238.04,583.83,2503.59,7205.28,7796.35,6317.97,5932.68,5574.58,5397.49,4944.15,3730.46,3418.80,3355.12
20260930,11,11110615,140382.51,26.12,186.95,361.81,1582.44,5344.28,8020.96,7978.58,8466.74,8999.91,9737.53,7879.41,5042.79,4724.23,7607.75,25.10,256.73,493.10,2795.75,7747.30,8457.97,7005.47,6493.19,6126.86,6126.36,5790.51,4540.62,4075.69,4488.36
20260930,12,11110615,151619.39,27.60,172.46,451.69,1720.05,5757.38,8255.57,8387.01,8748.13,9108.97,10048.30,8210.71,5399.97,5316.05,9567.96,19.03,235.46,505.02,3174.81,8422.21,9064.59,7538.06,7006.95,6628.52,6742.67,6304.99,5014.04,4528.48,5262.71
20260930,13,11110615,155309.23,26.23,181.51,412.05,1796.23,5811.72,8396.85,8156.61,8823.10,9291.70,10259.71,8217.17,5558.93,5624.34,10674.53,24.95,252.73,536.82,3257.54,8489.90,9195.67,7323.58,6999.96,6666.51,7027.63,6574.63,5228.35,4793.89,5706.39
20260930,14,11110615,158069.75,26.55,230.32,418.22,1852.54,5928.80,8577.28,8225.84,8874.53,9447.32,10140.76,8299.52,5744.03,5824.96,11324.59,25.27,360.64,573.99,3584.03,8721.11,9357.72,7391.05,6990.52,6760.39,6933.89,6541.77,5249.05,4805.95,5859.11
20260930,15,11110615,156899.81,32.31,284.88,590.24,1904.44,6074.04,8701.94,8195.73,8888.45,9406.47,10154.84,8285.41,5779.34,5613.83,10723.39,30.94,431.03,674.43,3645.96,8825.97,9397.14,7276.95,6873.05,6631.84,6860.50,6425.83,4995.35,4658.34,5537.17
20260930,16,11110615,150421.83,33.35,236.61,610.23,2003.02,5954.05,8456.44,7952.90,8560.27,9280.44,9904.67,8179.37,5604.95,5266.78,9394.00,36.41,452.04,808.04,3874.04,8829.95,9060.86,6943.93,6583.68,6324.79,6573.76,6138.61,4549.17,3976.36,4833.11
20260930,17,11110615,143131.42,26.11,249.86,604.39,2152.53,5965.72,8262.31,7908.18,8271.66,9050.08,9528.97,7844.59,5331.12,4892.42,7820.40,43.24,319.73,850.04,4178.10,8665.71,8837.42,6501.28,6280.59,6051.06,6294.05,5644.15,4100.22,3602.84,3854.65
20260930,18,11110615,127760.66,20.01,182.86,667.35,2336.10,5632.36,7807.78,7196.50,7439.82,8182.14,8709.30,6937.38,4690.25,4070.87,6012.38,25.87,389.66,967.92,4346.70,8171.26,7952.61,5764.25,5237.48,5358.73,5354.60,4863.66,3572.68,2906.34,2963.80
20260930,19,11110615,99415.20,19.68,171.34,661.33,2281.41,4736.47,6160.20,5478.09,5605.45,6044.33,6616.37,5189.10,3666.88,3177.17,4306.60,36.54,424.55,957.50,4388.29,6663.26,5881.77,4080.00,3705.84,4056.28,3894.98,3607.15,2829.38,2380.51,2394.73
20260930,20,11110615,78463.98,19.27,187.49,605.12,2147.36,4085.66,5046.21,4135.52,4386.08,4530.45,4989.86,3871.04,2830.81,2435.44,3004.54,30.50,444.29,871.56,4034.43,5795.79,4563.71,3025.30,2776.93,2997.32,2994.04,2754.71,2162.12,1891.45,1846.98
20260930,21,11110615,62664.05,13.64,159.18,536.02,1970.30,3714.29,4239.13,3429.32,3462.37,3593.18,3947.28,2979.79,2179.27,1721.17,2094.72,24.57,309.05,750.34,3525.16,4722.85,3775.98,2418.67,2135.70,2259.56,2254.12,2063.31,1580.99,1391.45,1412.64
20260930,22,11110615,46399.01,13.64,136.94,396.22,1562.73,2969.31,3405.43,2660.67,2660.15,2652.41,2701.09,2043.73,1517.85,1220.45,1556.93,24.57,192.63,552.87,2654.92,3493.24,2783.89,1843.65,1570.06,1581.99,1495.76,1420.51,1147.40,1007.38,1132.59
20260930,23,11110615,34381.92,13.53,139.32,259.42,1202.51,2268.37,2561.73,1977.58,1992.57,2024.94,2037.40,1551.75,1140.52,929.31,1260.61,22.06,184.30,410.20,1869.49,2354.34,1844.74,1308.21,1109.14,1053.92,1114.56,1111.45,874.64,817.33,947.98
20261001,00,11110615,21975.56,13.27,132.47,145.06,672.08,1325.43,1519.05,1351.21,1372.75,1378.13,1320.48,992.03,844.85,734.82,1066.99,21.37,173.09,143.97,716.82,1182.59,916.74,857.19,694.79,809.42,813.36,849.10,715.13,445.50,767.87
20261001,01,11110615,20601.86,13.22,128.93,132.36,603.99,1236.62,1361.18,1258.36,1258.88,1302.22,1267.93,921.82,810.14,720.61,1013.44,21.32,163.89,144.48,618.60,1085.62,830.96,804.91,652.07,781.84,794.17,816.26,685.37,424.05,748.62
20261001,02,11110615,19299.89,13.27,129.21,129.89,531.32,1092.40,1203.64,1185.06,1145.00,1221.54,1231.16,860.50,779.59,713.23,997.80,21.37,164.34,132.66,506.25,953.02,690.04,770.16,644.34,767.23,787.44,799.77,678.03,394.29,757.34
20261001,03,11110615,18551.06,13.27,134.38,120.88,471.62,949.49,1092.32,1101.53,1112.15,1163.25,1209.97,849.44,753.90,715.80,1011.42,21.38,164.34,124.64,486.36,871.42,644.32,745.44,630.85,746.53,771.76,806.65,675.69,392.75,769.51
20261001,04,11110615,18250.50,13.17,134.38,120.87,454.04,866.75,1016.11,1091.92,1083.14,1137.14,1192.54,821.27,775.86,701.21,1041.09,21.32,164.25,126.33,449.70,837.70,609.85,746.95,617.17,731.09,761.13,820.19,715.93,415.84,783.56
20261001,05,11110615,19243.54,13.17,134.46,116.81,399.74,827.77,988.64,1109.83,1122.53,1167.20,1232.72,900.34,867.95,806.36,1125.05,21.38,164.12,131.79,437.93,814.41,622.72,733.56,650.09,734.04,768.52,879.83,912.37,609.65,950.56
20261001,06,11110615,22221.38,13.17,129.31,126.24,405.06,878.38,1055.96,1239.08,1306.53,1358.25,1505.61,1195.76,1149.31,978.52,1327.18,21.48,159.04,146.95,480.31,931.90,719.46,827.69,698.56,808.82,844.68,1020.03,1090.44,708.82,1094.84
20261001,07,11110615,32458.16,13.36,123.61,143.78,473.22,1189.46,1559.93,1872.38,2054.24,2410.08,2619.93,2158.45,1611.89,1447.26,1857.64,26.93,165.85,268.14,643.54,1303.50,1124.52,1185.13,1007.83,1177.84,1189.87,1380.88,1235.44,913.58,1299.88
20261001,08,11110615,62760.69,19.30,154.11,185.86,688.85,2332.19,3455.38,3827.66,4517.03,4992.12,5640.96,4280.78,2527.18,2143.01,2602.35,34.19,241.69,593.02,1050.75,3110.88,3185.46,2846.07,2491.21,2472.77,2419.13,2243.01,1583.01,1327.96,1794.76
20261001,09,11110615,106118.25,27.55,194.03,308.72,1153.49,4392.48,6409.59,6553.15,7178.64,7680.05,8303.11,6421.44,3603.77,3010.61,3990.66,35.99,281.83,713.89,2062.84,6444.80,6790.43,5473.21,4953.61,4716.18,4369.26,3817.69,2590.88,2098.77,2541.58
20261001,10,11110615,127478.08,39.10,194.10,393.45,1436.90,5124.51,7480.50,7389.84,8032.34,8574.76,9209.17,7433.29,4510.85,4016.05,5875.63,36.45,251.60,524.44,2605.45,7551.84,8045.09,6423.04,6032.05,5745.97,5435.80,4868.63,3515.02,3064.61,3667.60
20261001,11,11110615,143074.32,33.57,188.40,503.80,1659.82,5623.22,8143.64,8009.38,8812.03,9306.09,9657.01,8050.20,5197.02,4808.09,7537.45,36.77,223.96,499.84,2926.07,8288.30,8664.26,6963.05,6767.89,6439.14,6088.67,5708.57,4326.65,3930.78,4680.65
20261001,12,11110615,154584.51,35.62,215.15,574.79,1790.63,6049.49,8713.94,8380.75,9028.00,9700.49,9944.39,8237.60,5468.08,5289.09,9263.62,54.35,234.93,481.41,3306.60,8850.91,9318.28,7669.18,7137.33,6944.04,6490.15,6262.93,4871.67,4537.44,5733.65
20261001,13,11110615,158565.60,22.82,174.50,615.94,1811.81,5972.38,8557.47,8304.08,8984.29,9627.20,10152.16,8491.80,5720.85,5815.68,10632.11,37.22,229.24,496.34,3448.71,8769.58,9297.70,7518.00,7120.32,6890.68,6713.99,6619.34,5192.78,4830.08,6518.53
20261001,14,11110615,162788.04,23.03,127.26,634.66,1895.12,6180.74,8591.53,8339.70,9130.84,9715.52,10126.96,8595.20,5975.59,6179.99,11149.03,33.22,297.38,562.63,3648.45,8948.00,9529.69,7528.31,7219.59,6991.28,7050.46,6935.89,5386.63,5097.00,6894.34
20261001,15,11110615,159008.38,23.02,133.14,625.01,2006.25,6137.39,8571.89,8221.64,8833.84,9467.18,9956.94,8387.80,5820.73,6185.71,10731.58,25.71,262.61,596.40,3628.17,8893.31,9501.78,7296.77,7090.80,6806.00,6966.50,6644.79,5072.42,4697.95,6423.05
20261001,16,11110615,153267.94,22.47,143.95,645.01,2133.51,6016.13,8604.94,8034.46,8788.21,9349.88,9859.34,8237.82,5664.28,5782.80,9587.64,37.05,191.95,687.45,3904.36,8856.10,9260.56,7097.74,6860.03,6563.20,6658.74,6257.42,4627.16,4070.22,5325.52
20261001,17,11110615,144235.76,21.41,160.05,668.12,2268.04,5932.31,8474.91,7718.51,8552.88,9013.07,9456.42,7950.89,5201.96,5184.38,7963.89,36.58,131.82,834.81,4081.77,8748.55,8911.74,6726.80,6428.38,6253.67,6234.14,5640.11,4103.53,3479.67,4057.35
20261001,18,11110615,124400.22,8.74,136.28,690.66,2288.66,5674.27,7686.44,6936.57,7563.33,7820.94,8081.71,6732.06,4364.51,4248.91,5934.65,56.96,157.22,837.98,4251.37,8075.07,7766.23,5580.39,5413.46,5350.30,5141.40,4504.99,3444.04,2628.42,3024.66
20261001,19,11110615,97504.12,19.48,117.90,692.20,2305.13,5033.16,6235.84,5370.28,5765.86,5913.10,6348.01,5027.31,3393.22,3341.18,4367.40,55.97,139.16,823.88,4159.16,6726.85,5884.45,4135.39,3716.48,3860.89,3678.91,3339.99,2677.40,2070.41,2305.11
20261001,20,11110615,76966.14,19.23,122.86,603.29,2264.02,4490.71,5135.35,4136.60,4474.44,4530.86,4775.01,3847.01,2618.64,2526.05,3013.41,51.27,134.51,825.37,3898.28,5403.49,4696.48,3132.14,2678.72,2867.73,2731.24,2497.46,2048.08,1598.21,1845.68
20261001,21,11110615,61207.43,13.66,142.50,492.32,1936.97,3927.41,4310.19,3457.09,3711.10,3514.69,3663.50,2826.87,1936.07,1820.64,2078.29,29.62,144.59,714.87,3470.22,4405.84,3780.62,2541.98,2082.44,2139.10,2031.46,1856.30,1556.82,1178.28,1443.99
20261001,22,11110615,44997.49,8.30,141.45,403.27,1592.66,3062.06,3287.94,2766.21,2667.40,2628.79,2557.20,1886.91,1447.02,1260.77,1515.05,18.75,159.82,531.48,2620.12,3243.87,2660.59,1819.99,1507.38,1474.97,1411.61,1357.88,1119.61,749.10,1097.29
20261001,23,11110615,33053.76,8.30,136.23,294.54,1201.35,2266.18,2461.83,2183.03,1942.91,1886.42,1935.71,1318.27,1054.82,940.45,1268.57,13.37,163.61,385.36,1849.74,2182.13,1720.36,1291.19,1128.42,1057.61,1012.08,1013.39,888.14,551.98,897.77
20261002,00,11110615,21972.89,6.93,129.07,157.48,695.32,1408.29,1549.79,1422.78,1352.76,1297.09,1397.92,954.57,775.36,786.89,1089.32,18.37,167.40,204.60,735.22,1140.84,879.82,775.40,747.89,800.07,803.08,777.73,727.90,408.89,762.11
20261002,01,11110615,20611.23,6.93,128.90,147.81,647.72,1315.85,1452.03,1320.52,1244.81,1209.01,1288.63,874.10,732.39,749.04,1081.05,18.47,167.34,186.22,620.69,1029.19,785.61,759.55,706.88,768.32,792.87,754.98,705.15,388.60,728.57
20261002,02,11110615,19108.74,6.93,128.99,137.01,540.61,1160.34,1263.30,1181.94,1141.36,1151.29,1245.54,809.87,696.43,716.71,1059.05,18.47,167.35,145.65,538.59,878.08,693.81,722.17,682.21,745.95,762.94,729.87,690.04,372.42,721.82
20261002,03,11110615,18219.66,6.93,128.99,125.24,481.47,1046.87,1134.98,1120.95,1060.59,1148.99,1213.25,777.89,654.06,707.15,1069.97,18.47,167.36,133.78,483.59,798.03,631.19,702.57,644.95,725.13,754.03,715.85,679.28,361.39,726.71
20261002,04,11110615,18059.63,6.93,129.13,126.52,499.45,978.63,1067.90,1064.50,1024.50,1147.23,1190.70,784.45,678.47,711.23,1103.83,18.47,167.36,123.45,459.33,771.65,604.97,701.54,627.22,733.02,747.65,740.33,716.11,389.50,745.56
20261002,05,11110615,19077.17,6.93,129.07,117.63,462.23,913.20,1017.75,1073.90,1050.98,1147.31,1271.20,867.21,759.45,815.14,1201.05,18.47,167.42,124.74,417.20,781.09,613.07,718.53,650.09,727.46,783.11,819.48,923.16,571.89,928.41
20261002,06,11110615,22097.72,7.00,130.03,128.22,451.17,957.78,1060.15,1177.15,1262.74,1333.02,1585.82,1181.13,1058.59,1016.58,1395.50,18.62,168.89,130.00,479.73,903.65,709.84,777.78,679.45,830.65,851.76,960.59,1092.22,663.79,1085.87
20261002,07,11110615,31835.79,7.03,136.53,142.66,485.68,1318.32,1542.81,1761.07,2044.18,2359.30,2614.52,2012.89,1527.11,1443.90,1816.97,18.84,179.06,318.59,673.65,1234.57,1102.80,1110.63,978.28,1169.78,1196.50,1241.68,1251.36,840.56,1306.52
20261002,08,11110615,59769.57,17.93,171.50,147.46,631.70,2248.17,3381.90,3590.06,4164.98,4913.91,5188.68,3873.08,2433.96,2151.75,2602.43,24.68,210.59,646.17,1142.55,2984.26,2924.25,2632.81,2341.73,2487.42,2326.10,2046.50,1593.79,1209.53,1681.68
20261002,09,11110615,100162.96,13.47,290.83,255.81,1069.26,4136.44,6151.89,6010.11,6577.15,7294.31,7575.28,5765.18,3464.59,2984.85,3770.07,26.17,380.00,752.50,2047.79,6111.16,6318.13,4999.49,4590.90,4637.83,4271.37,3555.49,2558.96,2102.76,2451.17
20261002,10,11110615,118182.58,14.57,346.03,297.64,1449.10,4835.92,7079.72,6601.76,7241.34,7987.52,8289.76,6676.12,4224.75,3823.48,5422.99,31.28,416.82,535.04,2527.06,6965.03,7433.31,5917.59,5515.34,5383.28,5145.36,4552.98,3334.86,2926.43,3207.50
20261002,11,11110615,133485.24,14.76,372.13,367.15,1624.37,5197.11,7630.80,7223.36,7847.44,8509.65,8967.87,7376.66,4835.09,4498.68,7144.45,48.52,438.07,595.25,2944.78,7662.90,8222.92,6440.79,6293.23,6130.17,5868.33,5281.93,3926.83,3804.04,4217.96
20261002,12,11110615,142760.78,20.29,330.83,623.94,1776.53,5522.24,7855.39,7538.71,8205.22,8735.80,8978.25,7557.46,5075.57,4893.55,8873.01,54.10,489.20,747.49,3246.26,8117.18,8688.85,6660.81,6716.23,6587.73,6247.41,5782.97,4437.08,4156.44,4842.24
20261002,13,11110615,148362.10,48.75,239.26,747.12,1853.24,5657.35,7944.42,7462.19,8164.45,8700.48,9225.85,7768.08,5396.45,5451.82,10165.91,77.35,439.02,736.68,3489.95,8260.15,8951.27,6884.96,6690.51,6774.90,6523.91,6096.05,4886.72,4405.06,5320.20
20261002,14,11110615,154892.93,39.56,191.58,783.19,2039.99,5837.63,8304.94,7779.62,8420.41,9024.69,9629.57,8016.25,5602.09,5815.78,10896.29,90.88,417.81,878.34,3894.12,8577.48,9240.54,7037.21,6842.94,7006.73,6892.02,6408.96,5014.93,4667.92,5541.46
20261002,15,11110615,149004.03,55.66,179.21,624.97,2198.47,5751.90,8078.55,7555.66,8001.01,8672.16,9251.30,7779.93,5454.52,5585.05,10327.15,73.25,354.54,873.32,4044.06,8457.94,8929.16,6715.82,6475.53,6572.90,6534.29,6065.32,4797.49,4383.32,5211.55
20261002,16,11110615,146347.25,74.59,244.18,735.67,2359.52,6017.39,8186.31,7518.84,7839.88,8478.35,9025.74,7584.84,5403.11,5314.70,9337.66,92.98,265.97,960.93,4298.48,8529.11,9035.35,6543.25,6313.39,6469.91,6564.37,6035.28,4543.43,3965.01,4609.01
20261002,17,11110615,138444.84,62.20,229.64,781.52,2537.34,5996.22,7994.41,7280.88,7469.94,8008.53,8533.87,7152.61,5298.79,4965.09,7975.23,61.14,255.61,1066.56,4613.44,8510.70,8598.05,6132.18,5852.00,6165.96,6171.57,5590.96,4046.82,3410.36,3683.22
20261002,18,11110615,123386.04,53.05,206.32,780.87,2685.63,5908.09,7639.71,6512.23,6463.16,7056.13,7361.39,6053.67,4654.75,4241.74,6174.39,48.97,244.87,1253.89,5153.01,8238.41,7861.96,5402.37,4958.48,5375.05,5238.61,4762.23,3401.66,2810.08,2845.32
20261002,19,11110615,102531.08,34.86,202.61,821.41,2865.70,5871.19,6882.62,5221.93,5008.06,5245.98,5794.82,4809.06,3784.74,3370.18,4350.89,75.02,213.64,1321.99,5272.43,7814.32,6728.05,4084.39,3750.37,4112.33,4033.38,3689.36,2663.62,2164.77,2343.36
20261002,20,11110615,86371.30,18.12,157.07,746.78,2762.46,5676.75,6244.66,4479.71,3980.52,4104.18,4606.96,3803.87,3001.93,2693.10,3021.03,90.31,204.32,1271.00,5155.05,7242.63,5835.86,3328.79,2926.12,3232.37,3192.51,2942.51,2144.17,1624.34,1884.18
20261002,21,11110615,72085.91,28.94,152.20,614.39,2538.54,5281.68,5811.06,3928.10,3358.67,3377.26,3649.63,2848.91,2281.58,2055.60,2118.36,52.11,155.84,949.16,4594.91,6576.61,5097.97,2699.25,2409.46,2505.81,2490.74,2187.35,1671.52,1181.52,1468.74
20261002,22,11110615,57388.81,23.48,129.71,490.55,2189.78,4726.06,5180.16,3359.42,2799.23,2714.08,2891.44,2027.32,1619.30,1370.46,1639.33,51.94,114.08,738.61,3562.21,5435.17,4075.46,2199.17,1756.26,1863.61,1809.78,1478.93,1211.54,746.32,1185.41
20261002,23,11110615,43922.72,23.20,130.28,372.93,1648.22,3980.04,4283.02,2903.42,2243.64,2125.45,2122.73,1478.40,1260.26,991.66,1302.18,46.03,94.91,532.32,2595.07,4115.29,2941.45,1644.01,1283.01,1255.18,1205.06,1035.02,899.11,495.40,915.43
20261003,00,11110615,27170.31,29.91,144.81,215.34,978.53,2557.23,2638.76,1921.41,1440.87,1224.44,1341.29,960.61,849.28,755.95,1079.09,46.15,89.05,190.04,1138.05,2052.37,1517.23,1059.32,714.96,834.74,851.34,748.75,687.94,363.89,738.96
20261003,01,11110615,25167.95,29.91,147.75,212.46,877.09,2302.69,2299.74,1735.51,1348.38,1190.51,1258.93,906.32,814.41,722.78,1057.69,46.15,101.51,197.83,1042.48,1819.37,1342.25,979.10,670.24,805.15,812.46,716.93,656.22,354.52,719.57
20261003,02,11110615,22589.79,29.91,147.65,186.65,762.64,1931.74,1987.98,1519.95,1189.35,1109.12,1177.74,852.12,757.25,697.46,1030.65,46.15,101.55,161.42,829.30,1457.62,1134.42,890.36,649.92,786.45,796.15,689.07,636.88,330.97,699.32
20261003,03,11110615,20180.43,29.86,147.80,156.08,568.85,1601.11,1600.31,1315.96,1069.79,1042.65,1112.75,764.28,713.73,673.99,1030.09,46.21,101.65,152.17,670.03,1208.69,915.45,803.80,635.52,786.39,760.97,653.12,619.70,306.16,693.32
20261003,04,11110615,18673.82,29.86,147.72,137.27,527.26,1304.63,1339.42,1205.52,998.49,1000.01,1059.03,747.89,713.55,672.61,1012.48,46.21,101.60,147.90,553.28,994.95,795.39,756.45,614.14,754.53,759.23,657.21,612.38,297.08,687.73
20261003,05,11110615,18045.37,29.86,147.72,132.54,490.12,1081.71,1190.30,1107.84,962.76,1002.92,1037.21,765.74,745.42,705.59,1052.82,46.21,101.51,132.28,509.52,902.01,742.49,733.29,610.40,741.84,745.51,680.12,630.66,310.69,706.29
20261003,06,11110615,18644.68,29.82,144.04,130.46,435.41,970.35,1092.54,1108.54,961.45,1044.84,1114.75,868.47,870.31,853.66,1241.74,51.54,106.78,124.92,493.39,874.36,733.50,723.11,595.25,768.53,742.00,712.11,685.80,363.16,803.85
20261003,07,11110615,20908.69,30.13,145.23,123.16,415.14,1036.62,1179.88,1144.25,1056.84,1183.34,1235.37,1105.32,1063.98,1053.06,1630.97,51.95,107.53,136.99,556.17,876.72,770.47,761.68,647.91,850.78,808.29,797.35,757.58,444.17,937.81
20261003,08,11110615,24027.90,30.46,157.47,166.12,462.96,1174.42,1231.96,1220.85,1204.00,1340.88,1428.70,1285.42,1247.49,1278.86,1964.58,52.30,108.64,191.45,639.54,1065.04,902.10,776.33,770.27,933.93,933.73,912.54,845.16,592.53,1110.17
20261003,09,11110615,31107.18,30.97,193.66,209.21,657.61,1430.21,1579.83,1455.26,1492.35,1600.60,1760.88,1639.10,1560.46,1641.13,2578.55,60.30,117.76,258.98,956.57,1372.08,1186.01,974.03,1078.36,1205.82,1191.40,1240.53,1060.97,938.82,1635.73
20261003,10,11110615,43177.95,55.15,300.73,299.45,940.22,1966.25,2192.34,1792.55,1843.60,2035.46,2120.01,2163.95,2001.41,2168.87,3746.98,139.49,223.12,376.42,1389.93,1939.20,1720.44,1426.17,1536.70,1716.43,1924.13,1744.13,1523.00,1518.76,2373.06
20261003,11,11110615,58564.75,117.49,463.18,441.42,1151.38,2504.80,2790.88,2230.47,2211.67,2473.80,2564.01,2625.35,2593.12,2850.89,5760.84,176.97,370.78,538.78,1847.02,2546.87,2341.10,2017.99,2033.13,2370.60,2901.81,2676.29,2193.77,2266.62,3503.72
20261003,12,11110615,77228.67,243.45,640.02,571.98,1438.92,2995.26,3446.49,2753.14,2685.19,2826.96,2951.71,3132.51,3207.19,3601.21,8767.83,232.65,588.83,831.07,2396.92,3489.98,3404.29,2870.96,2839.20,3138.49,3682.03,3602.47,2995.66,3121.23,4773.03
20261003,13,11110615,96027.60,305.56,773.35,706.19,1880.76,3617.88,4065.47,3294.93,3283.10,3443.24,3434.01,3814.39,3732.04,4421.70,10991.60,323.98,867.24,1058.43,3212.21,4851.84,4317.17,3678.72,3798.68,4127.53,4449.58,4322.45,3593.45,3858.05,5804.05
20261003,14,11110615,109096.53,301.52,826.85,911.09,2106.03,4394.55,4592.83,3781.45,3704.41,3811.37,4076.33,4167.75,4000.47,4807.14,11637.44,450.06,1191.45,1286.15,4006.85,5960.80,5207.31,4360.97,4556.95,4649.42,4986.26,4746.03,4052.18,4276.76,6246.11
20261003,15,11110615,116750.42,353.43,892.22,994.25,2463.20,5126.72,5295.12,4116.49,3978.34,3948.79,4404.71,4405.93,4097.17,4987.98,11278.21,523.12,1314.42,1482.96,4453.22,6900.16,6057.87,4828.47,4920.00,5134.36,5311.31,4948.66,4142.68,4191.87,6198.76
20261003,16,11110615,118153.27,312.29,921.96,1039.96,2602.94,5628.47,5724.85,4433.11,3988.11,4071.93,4311.24,4477.01,4148.77,4885.10,10263.83,482.01,1264.42,1712.07,4936.91,7746.43,6496.90,4945.00,4930.09,5118.89,5418.24,4903.07,3909.57,4025.76,5454.34
20261003,17,11110615,113715.92,310.35,755.96,1048.61,2791.05,6324.19,6117.21,4560.31,3856.49,3966.61,4259.43,4321.66,3965.26,4466.52,8453.09,439.29,1231.93,1793.84,5194.56,8242.73,6900.67,4794.25,4643.16,4817.73,5028.94,4452.78,3421.08,3340.78,4217.44
20261003,18,11110615,107339.97,296.56,707.71,959.63,3179.34,7073.00,6577.76,4581.31,3643.41,3837.92,3984.17,3863.13,3588.43,3733.91,6374.17,441.05,1044.48,1804.98,5612.77,8991.13,6859.17,4510.92,4259.57,4221.81,4390.14,3931.66,2969.90,2669.29,3232.65
20261003,19,11110615,97894.57,238.88,588.90,973.74,3465.67,7599.93,7006.65,4541.34,3272.99,3581.71,3522.51,3455.85,3042.69,2950.91,4589.76,348.37,842.47,1586.80,5544.95,9162.59,6628.22,3984.32,3495.93,3659.40,3647.76,3350.77,2490.85,2000.89,2319.72
20261003,20,11110615,84785.19,182.17,460.53,790.48,3517.71,7508.57,6676.67,4185.23,3054.36,3178.95,3012.54,2801.78,2403.68,2210.95,3173.74,252.40,653.83,1401.04,5061.36,8651.97,5996.34,3209.19,2782.37,3103.70,2859.82,2603.05,1828.87,1444.54,1779.35
20261003,21,11110615,71004.10,140.05,367.79,707.58,3139.41,7081.94,6413.12,3669.01,2699.06,2584.41,2518.34,2158.76,1871.67,1667.21,2251.37,157.39,507.64,1167.40,4513.49,7489.40,5084.54,2657.17,2127.12,2371.11,2133.53,1863.57,1375.43,971.07,1315.52
20261003,22,11110615,55986.61,87.39,275.78,538.27,2736.93,6041.76,5537.27,3147.55,2193.38,2058.72,2101.19,1631.02,1359.16,1231.32,1613.90,132.17,345.25,843.43,3534.94,5897.67,3809.94,2005.20,1548.10,1772.69,1526.40,1297.69,1012.23,684.27,1022.99
20261003,23,11110615,43464.25,75.50,226.92,389.25,2284.38,4894.19,4345.53,2657.60,1758.01,1744.49,1739.91,1299.67,1100.52,985.37,1326.96,121.23,280.06,598.68,2517.49,4299.15,2708.62,1446.18,1154.35,1308.43,1098.28,925.73,806.33,472.17,899.25
